# Blender 5.2.2 LTS
# www.blender.org
mtllib base.mtl
o Object_7
v -0.505079 37.027927 -170.350586
v -1.260361 38.265553 -162.850769
v 0.894305 37.008278 -163.439545
v -0.207573 28.898800 -86.785034
v -1.319303 28.215862 -91.449692
v 0.678477 28.974783 -91.824722
v -1.260361 38.265553 -162.850769
v -2.974495 37.868759 -155.044800
v -1.267040 38.410480 -154.760071
v -1.260361 38.265553 -162.850769
v -1.267040 38.410480 -154.760071
v 0.440870 37.868759 -155.025635
v 5.969566 31.277985 -122.997162
v 6.767037 35.088886 -127.039185
v 3.915526 37.125050 -115.897308
v -1.270483 37.524174 -150.588928
v -5.196902 31.896006 -167.908752
v -2.313907 36.733337 -170.057434
v -3.300330 33.239784 -171.033447
v -4.465380 39.246315 62.549366
v -7.135332 42.044224 52.559063
v -6.352215 40.594166 41.818501
v -1.303646 38.410900 -110.417999
v -1.292446 40.256245 -123.985718
v -3.848427 37.689251 -111.411407
v 2.515261 33.604069 -68.453537
v 1.870846 38.174911 -71.329773
v 0.902562 35.564796 -63.158619
v -2.313907 36.733337 -170.057434
v -1.275070 32.476116 -172.466125
v 0.793102 33.239784 -171.010437
v -1.275070 32.476116 -172.466125
v -6.513723 37.125042 -115.955902
v -0.437365 33.363914 65.258247
v 2.587782 39.542706 77.451805
v -0.623092 36.373413 88.910248
v -3.903631 38.218113 -104.878250
v -5.384471 34.120522 -111.502701
v -4.792212 32.256432 -97.259323
v 1.011527 45.265995 64.533295
v 2.961594 43.349918 53.247463
v 0.726024 44.139549 39.087795
v -0.505079 37.027927 -170.350586
v -4.296729 44.642796 65.583595
v -1.441169 45.416561 50.209904
v -4.926692 45.094364 52.761417
v -6.083940 43.194103 32.852398
v -1.423739 44.187897 29.096706
v -3.810886 42.823982 25.866734
v 0.894305 37.008278 -163.439545
v 2.684498 31.896006 -167.864441
v -0.505079 37.027927 -170.350586
v -5.671196 44.926258 35.907475
v 1.044427 29.982061 -155.661560
v -1.254089 29.681589 -170.445374
v 1.319435 30.513763 -169.043121
v -1.421602 42.915874 26.508869
v -3.852729 40.166306 31.583912
v 2.072102 42.616001 81.764214
v 0.635375 32.098988 -58.591358
v 1.470919 31.773062 -69.727173
v 2.769536 33.090340 -153.928375
v 1.044427 29.982061 -155.661560
v 1.274256 38.287369 32.941799
v 1.319435 30.513763 -169.043121
v -0.474419 42.705650 33.721691
v -1.303646 38.410900 -110.417999
v 1.242751 37.689251 -111.382812
v -1.292446 40.256245 -123.985718
v -3.345133 35.979511 -51.267643
v -3.358829 40.449806 -32.793980
v -2.314352 39.281616 -60.405643
v -3.821795 35.548954 -45.116306
v 3.915526 37.125050 -115.897308
v -0.988414 40.616882 98.126999
v -4.692726 42.243896 93.061493
v -1.255766 39.412502 74.807755
v -3.576993 29.982061 -155.687500
v -3.829905 30.513763 -169.072052
v -4.704053 31.285416 -151.275177
v -5.304949 33.090340 -153.973724
v -5.122684 35.649002 -37.423054
v -3.821795 35.548954 -45.116306
v 1.649983 33.666397 -77.828934
v 2.271976 37.960220 -76.377686
v 1.649983 33.666397 -77.828934
v -1.436712 38.621464 44.813099
v 3.678458 38.019234 -124.775665
v 5.317601 39.461758 58.076939
v 3.678458 38.019234 -124.775665
v 3.915526 37.125050 -115.897308
v 6.767037 35.088886 -127.039185
v -6.513723 37.125042 -115.955902
v -3.848427 37.689251 -111.411407
v 0.173613 37.424873 -84.740280
v -5.433993 41.964432 72.517197
v 0.678477 28.974783 -91.824722
v 1.440597 31.226963 -90.475922
v -3.316446 28.974781 -91.847183
v -4.080787 31.226963 -90.506958
v -4.002224 27.475576 -129.778717
v -2.844265 29.695049 -112.983734
v -8.556019 31.277985 -123.078766
v 3.099207 30.271786 -136.170959
v 0.820737 30.470533 -151.183594
v 2.164191 31.285416 -151.236603
v -0.401685 43.964737 98.208977
v -4.395391 44.041241 83.941147
v -1.425467 40.825485 31.191906
v 2.393969 35.648785 -37.380543
v 1.106662 35.548954 -45.088627
v 0.623353 40.449806 -32.771610
v -4.760934 44.201229 73.253548
v 2.163164 32.256432 -97.220230
v -4.498701 31.417397 -111.890747
v -1.461772 45.071938 75.167763
v 1.426877 27.475576 -129.748199
v -8.556019 31.277985 -123.078766
v -1.254089 29.681589 -170.445374
v -3.576993 29.982061 -155.687500
v -3.829905 30.513763 -169.072052
v -3.360700 30.470533 -151.207092
v -5.663936 30.271786 -136.220215
v 0.640161 35.979511 -51.245243
v -0.373949 39.282345 -60.413059
v 1.106662 35.548954 -45.088627
v -6.644817 43.286419 47.449429
v -3.316446 28.974781 -91.847183
v -1.301695 29.252007 -112.779449
v -1.319303 28.215862 -91.449692
v 1.464149 35.624920 38.324650
v 1.095409 33.180019 57.572880
v -9.346811 35.088886 -127.129700
v -3.360700 30.470533 -151.207092
v -1.287326 27.231005 -130.184845
v -4.002224 27.475576 -129.778717
v 4.034254 42.309277 67.451416
v 0.820737 30.470533 -151.183594
v 1.426877 27.475576 -129.748199
v -1.287326 27.231005 -130.184845
v -1.268624 29.528563 -152.838715
v -1.301695 29.252007 -112.779449
v -6.261999 38.019234 -124.831512
v 2.839226 36.228813 -150.927338
v 1.787379 37.783737 -139.280396
v 2.164191 31.285416 -151.236603
v -6.261999 38.019234 -124.831512
v -9.346811 35.088886 -127.129700
v -6.513723 37.125042 -115.955902
v -1.268624 29.528563 -152.838715
v -2.974495 37.868759 -155.044800
v -1.279185 38.226616 -140.048035
v 2.839226 36.228813 -150.927338
v -1.270483 37.524174 -150.588928
v -5.379595 36.228813 -150.973541
v -1.279185 38.226616 -140.048035
v -1.270483 37.524174 -150.588928
v -1.254089 29.681589 -170.445374
v -3.829905 30.513763 -169.072052
v -4.311053 33.666397 -77.862411
v -4.150012 31.790491 -69.967484
v -5.190995 33.604294 -68.497757
v -2.844265 29.695049 -112.983734
v -4.542647 38.174911 -71.365814
v -4.934945 37.962383 -76.395782
v -4.311053 33.666397 -77.862411
v 0.241198 29.695049 -112.966400
v -4.346989 37.783737 -139.314880
v -1.483565 42.704967 101.566109
v -1.270172 30.099409 -150.964569
v 2.769536 33.090340 -153.928375
v -4.704053 31.285416 -151.275177
v -5.379595 36.228813 -150.973541
v -5.304949 33.090340 -153.973724
v -3.328217 32.098988 -58.613636
v -3.587888 35.564880 -63.183292
v 0.241198 29.695049 -112.966400
v 1.893814 31.417397 -111.854828
v -4.346989 37.783737 -139.314880
v 2.778934 34.120522 -111.456833
v 1.287168 38.218113 -104.849075
v -1.311219 39.373772 -101.245667
v -3.903631 38.218113 -104.878250
v -1.311219 39.373772 -101.245667
v 1.287168 38.218113 -104.849075
v -1.292446 40.256245 -123.985718
v 5.969566 31.277985 -122.997162
v 4.098347 37.409237 65.745140
v -1.270172 30.099409 -150.964569
v -1.279185 38.226616 -140.048035
v -4.346989 37.783737 -139.314880
v 1.787379 37.783737 -139.280396
v -1.279185 38.226616 -140.048035
v 1.242751 37.689251 -111.382812
v 1.787379 37.783737 -139.280396
v -1.270483 37.524174 -150.588928
v -2.820608 37.420250 -84.745636
v 0.440870 37.868759 -155.025635
v -3.414034 37.008278 -163.463776
v -1.292446 40.256245 -123.985718
v 2.839226 36.228813 -150.927338
v 0.989838 43.597279 90.806091
v 1.787379 37.783737 -139.280396
v -4.346989 37.783737 -139.314880
v -4.039874 42.904453 39.724094
v -4.262992 43.028236 36.213146
v -1.254089 29.681589 -170.445374
v 0.793102 33.239784 -171.010437
v -1.254089 29.681589 -170.445374
v 1.319435 30.513763 -169.043121
v 2.839226 36.228813 -150.927338
v -3.414034 37.008278 -163.463776
v -4.035232 44.593315 37.534763
v 0.894305 37.008278 -163.439545
v -4.039874 42.904453 39.724094
v -5.379595 36.228813 -150.973541
v -1.254089 29.681589 -170.445374
v -3.300330 33.239784 -171.033447
v -3.021037 29.336718 -87.545212
v -0.207573 28.898800 -86.785034
v -4.262992 43.028236 36.213146
v -1.614922 46.609787 144.570801
v -5.205898 46.147243 141.848724
v -0.664548 43.688900 145.657227
v 0.312485 44.222366 145.803955
v -13.233800 26.233046 128.452637
v -12.026711 24.484777 127.606781
v -11.954055 23.335228 128.902634
v 1.395575 49.668873 138.652466
v -3.532609 52.860344 131.205795
v -3.414034 37.008278 -163.463776
v -1.260361 38.265553 -162.850769
v -7.253360 49.348774 131.759018
v -4.270584 50.954739 125.504723
v 1.774224 51.491898 132.186493
v -0.834052 51.983276 125.492805
v 3.655811 46.757763 138.969620
v 2.543642 50.653301 129.394455
v -12.000950 24.053450 130.517853
v -5.379595 36.228813 -150.973541
vn 0.5524 0.7976 -0.2424
vn 0.4158 0.9069 -0.0685
vn 0.7861 0.6152 -0.0589
vn 0.3451 -0.9288 0.1350
vn 0.3195 -0.9475 -0.0081
vn 0.5561 -0.8311 -0.0085
vn -0.4152 0.9071 -0.0692
vn -0.7133 0.7006 -0.0197
vn -0.3672 0.9277 0.0676
vn 0.4159 0.9068 -0.0685
vn 0.3665 0.9279 0.0682
vn 0.7134 0.7005 -0.0187
vn 0.7744 -0.6125 0.1586
vn 0.9654 0.2426 -0.0956
vn 0.7628 0.6092 0.2166
vn -0.2610 0.9650 -0.0248
vn -0.9912 -0.0539 -0.1211
vn -0.6931 0.6765 -0.2488
vn -0.7487 0.1057 -0.6544
vn -0.4213 -0.9055 0.0512
vn -0.9983 0.0215 0.0537
vn -0.5769 -0.8155 -0.0460
vn -0.2851 0.9584 -0.0167
vn -0.3916 0.9195 0.0337
vn -0.7319 0.6759 0.0863
vn 0.9829 -0.0854 0.1633
vn 0.9678 0.2012 0.1514
vn 0.9730 0.1385 0.1847
vn -0.6931 0.6766 -0.2487
vn -0.4626 -0.0767 -0.8832
vn -0.7486 0.1057 -0.6546
vn 0.5524 0.7975 -0.2424
vn 0.7523 0.1052 -0.6503
vn 0.4791 -0.0766 -0.8744
vn -0.7641 0.6082 0.2151
vn 0.7444 -0.6535 0.1373
vn 0.8909 -0.4300 0.1464
vn 0.9199 -0.3536 0.1698
vn -0.8303 0.5573 -0.0007
vn -0.9863 0.0320 0.1620
vn -0.9061 -0.4231 -0.0008
vn 0.7086 0.7053 0.0197
vn 0.8231 0.5571 -0.1104
vn 0.9412 0.2925 -0.1690
vn -0.2847 0.9360 -0.2070
vn -0.2931 0.9560 0.0164
vn -0.0810 0.9967 -0.0001
vn -0.3330 0.9423 0.0333
vn -0.9759 -0.0106 -0.2179
vn -0.0744 0.9867 -0.1445
vn -0.3931 -0.4848 -0.7813
vn 0.7863 0.6151 -0.0589
vn 0.9914 -0.0539 -0.1194
vn 0.6632 0.7012 -0.2618
vn 0.7525 0.1052 -0.6502
vn -0.0918 0.9925 -0.0802
vn 0.5647 -0.8253 0.0005
vn 0.3120 -0.9408 -0.1326
vn 0.3715 -0.9229 -0.1009
vn 0.2068 -0.7626 -0.6129
vn -0.1982 -0.9605 -0.1953
vn 0.9559 0.2636 0.1293
vn 0.9846 0.0107 0.1745
vn 0.7750 -0.6316 0.0204
vn 0.9958 -0.0857 -0.0318
vn 0.5648 -0.8252 0.0005
vn 0.9882 -0.0212 -0.1515
vn 0.3715 -0.9229 -0.1010
vn 0.9450 0.2728 -0.1804
vn 0.2853 0.9583 -0.0162
vn 0.7313 0.6764 0.0877
vn 0.3913 0.9196 0.0343
vn -0.9896 0.1396 -0.0335
vn -0.9451 0.3151 -0.0862
vn -0.9326 0.3552 -0.0645
vn -0.9620 0.2652 -0.0654
vn 0.7628 0.6092 0.2167
vn -0.5184 -0.8473 0.1150
vn -0.9623 -0.1800 0.2037
vn -0.5120 -0.8567 0.0617
vn -0.5648 -0.8252 -0.0005
vn -0.3706 -0.9232 -0.1015
vn -0.8912 -0.4505 -0.0528
vn -0.9958 -0.0857 -0.0335
vn -0.9199 0.3744 -0.1169
vn -0.9450 0.3154 -0.0862
vn -0.9619 0.2653 -0.0654
vn 0.9374 -0.2602 -0.2315
vn 0.9532 0.2833 -0.1059
vn 0.9374 -0.2599 -0.2317
vn -0.3112 -0.9494 -0.0418
vn 0.5041 0.8636 0.0005
vn 0.9825 -0.1703 -0.0749
vn 0.5042 0.8636 0.0004
vn 0.7628 0.6093 0.2166
vn 0.9654 0.2426 -0.0957
vn -0.7641 0.6082 0.2150
vn -0.7320 0.6758 0.0864
vn 0.9697 -0.0635 -0.2358
vn -0.9223 -0.3748 0.0944
vn 0.3450 -0.9288 0.1350
vn 0.5563 -0.8310 -0.0085
vn 0.9325 -0.3553 0.0645
vn -0.5562 -0.8310 -0.0094
vn -0.9327 -0.3551 0.0629
vn -0.3916 -0.9200 -0.0172
vn -0.4938 -0.8642 0.0962
vn -0.7752 -0.6119 0.1571
vn 0.7839 -0.6131 -0.0982
vn 0.4017 -0.9109 -0.0939
vn 0.8914 -0.4503 -0.0512
vn -0.5041 0.8535 0.1323
vn -0.5855 0.8088 0.0543
vn 0.0996 -0.9712 -0.2165
vn 0.9202 0.3741 -0.1153
vn 0.9621 0.2651 -0.0639
vn 0.9453 0.3151 -0.0846
vn -0.7868 0.6159 0.0390
vn 0.9061 -0.4231 0.0007
vn -0.8411 -0.5294 0.1109
vn -0.2296 0.9727 0.0325
vn 0.3918 -0.9199 -0.0166
vn -0.7753 -0.6117 0.1571
vn -0.3106 -0.9412 -0.1331
vn -0.5647 -0.8253 -0.0004
vn -0.3706 -0.9232 -0.1017
vn -0.4009 -0.9112 -0.0946
vn -0.7833 -0.6136 -0.0996
vn -0.8912 -0.4505 -0.0527
vn 0.8914 -0.4503 -0.0513
vn 0.9897 0.1396 -0.0319
vn 0.9327 0.3550 -0.0629
vn 0.9453 0.3149 -0.0845
vn 0.9621 0.2650 -0.0638
vn -0.9389 0.3443 -0.0008
vn -0.5560 -0.8311 -0.0094
vn -0.2481 -0.9682 0.0326
vn -0.3195 -0.9476 -0.0086
vn 0.8896 -0.4492 -0.0823
vn 0.8706 -0.4881 -0.0612
vn -0.9652 0.2428 -0.0973
vn -0.4006 -0.9113 -0.0946
vn -0.1387 -0.9892 -0.0483
vn -0.3914 -0.9201 -0.0173
vn 0.9118 0.4019 0.0845
vn 0.4015 -0.9110 -0.0939
vn 0.3916 -0.9200 -0.0167
vn 0.1392 -0.9891 -0.0481
vn 0.3110 -0.9491 0.0501
vn 0.2478 -0.9682 0.0330
vn -0.5041 0.8636 -0.0003
vn 0.7948 0.6069 0.0006
vn 0.6690 0.7194 -0.1869
vn 0.8915 -0.4502 -0.0512
vn -0.5041 0.8637 -0.0017
vn -0.9652 0.2429 -0.0973
vn -0.7641 0.6083 0.2150
vn -0.3115 -0.9489 0.0496
vn -0.7134 0.7004 -0.0198
vn 0.2178 0.9711 -0.0976
vn 0.7949 0.6067 0.0006
vn 0.2612 0.9650 -0.0245
vn -0.7949 0.6067 -0.0006
vn -0.2168 0.9713 -0.0980
vn -0.2609 0.9650 -0.0249
vn -0.3917 -0.9199 -0.0173
vn -0.9367 -0.2607 -0.2337
vn -0.7751 -0.6315 0.0191
vn -0.9832 -0.0852 0.1615
vn -0.4936 -0.8644 0.0961
vn -0.9681 0.2010 0.1496
vn -0.9529 0.2836 -0.1076
vn -0.9368 -0.2605 -0.2337
vn 0.4928 -0.8647 0.0970
vn -0.6677 0.7203 -0.1881
vn -0.9283 0.0520 0.3681
vn -0.1328 -0.9837 -0.1209
vn 0.9958 -0.0858 -0.0317
vn -0.8912 -0.4505 -0.0526
vn -0.7948 0.6069 -0.0007
vn -0.9958 -0.0857 -0.0334
vn -0.9849 0.0107 0.1726
vn -0.9734 0.1382 0.1828
vn 0.4929 -0.8646 0.0970
vn 0.8406 -0.5299 0.1124
vn -0.6678 0.7201 -0.1881
vn 0.9860 0.0321 0.1639
vn 0.8303 0.5573 0.0007
vn 0.6690 0.7195 -0.1868
vn -0.2672 0.9593 -0.0911
vn 0.2681 0.9591 -0.0906
vn -0.3916 0.9195 0.0335
vn 0.3918 -0.9199 -0.0165
vn 0.7744 -0.6126 0.1586
vn 0.8653 -0.4856 0.1240
vn 0.1342 -0.9836 -0.1206
vn -0.2167 0.9713 -0.0980
vn -0.6678 0.7202 -0.1882
vn 0.3911 0.9197 0.0342
vn 0.6691 0.7193 -0.1867
vn 0.7315 0.6762 0.0877
vn 0.6691 0.7193 -0.1868
vn 0.2612 0.9650 -0.0243
vn -0.9692 -0.0637 -0.2379
vn 0.7136 0.7004 -0.0187
vn -0.7860 0.6153 -0.0602
vn 0.3913 0.9196 0.0342
vn 0.7948 0.6068 0.0006
vn 0.9801 -0.0958 0.1738
vn 0.6692 0.7192 -0.1868
vn -0.6678 0.7202 -0.1881
vn 0.3119 -0.9408 -0.1325
vn 0.4791 -0.0768 -0.8744
vn 0.7524 0.1052 -0.6503
vn 0.3118 -0.9408 -0.1326
vn -0.7858 0.6155 -0.0602
vn 0.7861 0.6153 -0.0589
vn -0.3105 -0.9412 -0.1333
vn -0.7486 0.1057 -0.6545
vn -0.4627 -0.0767 -0.8832
vn -0.4440 -0.8878 0.1210
vn -0.2673 -0.9557 0.1233
vn -0.1545 0.7620 0.6289
vn -0.6356 0.5646 0.5266
vn -0.2679 0.1275 0.9550
vn 0.4848 0.5054 0.7138
vn -0.7121 0.5593 -0.4244
vn -0.4568 -0.3155 -0.8317
vn -0.4706 -0.8682 -0.1575
vn 0.2768 0.8680 0.4122
vn -0.3253 0.9277 0.1832
vn -0.7859 0.6155 -0.0602
vn -0.4152 0.9071 -0.0694
vn -0.7826 0.6023 0.1572
vn -0.3166 0.8710 -0.3757
vn 0.6376 0.7621 0.1124
vn 0.2241 0.8863 -0.4052
vn 0.8874 0.3575 0.2912
vn 0.7303 0.6359 -0.2498
vn -0.5335 -0.5235 0.6643
vn -0.3115 -0.9490 0.0497
vn 0.3109 -0.9491 0.0503
vn -0.6677 0.7202 -0.1882
vn -0.7949 0.6068 -0.0007
vt 0.614258 0.358887
vt 0.634277 0.365234
vt 0.633301 0.359863
vt 0.834961 0.332520
vt 0.822754 0.329590
vt 0.821777 0.333496
vt 0.655273 0.362305
vt 0.655762 0.365723
vt 0.739258 0.343262
vt 0.729492 0.352539
vt 0.757812 0.356445
vt 0.666992 0.365234
vt 0.622070 0.346191
vt 0.615234 0.358398
vt 0.613770 0.348633
vt 0.811035 0.398926
vt 0.764160 0.412598
vt 0.715332 0.402832
vt 0.774414 0.363770
vt 0.738281 0.372070
vt 0.770996 0.358887
vt 0.720703 0.014160
vt 0.708984 0.028809
vt 0.738770 0.022949
vt 0.607910 0.346680
vt 0.608398 0.346191
vt 0.733398 0.318848
vt 0.774414 0.292480
vt 0.815430 0.301758
vt 0.788086 0.358887
vt 0.770020 0.348145
vt 0.807617 0.342773
vt 0.728516 0.271484
vt 0.689941 0.281250
vt 0.640137 0.277832
vt 0.613770 0.361328
vt 0.825684 0.426270
vt 0.753418 0.440430
vt 0.765137 0.428223
vt 0.674316 0.416016
vt 0.654785 0.432617
vt 0.647949 0.420410
vt 0.614258 0.359375
vt 0.687500 0.422363
vt 0.653809 0.340820
vt 0.615234 0.337402
vt 0.619141 0.342285
vt 0.642578 0.419922
vt 0.665527 0.401855
vt 0.789062 0.280762
vt 0.755859 0.012695
vt 0.717285 0.007324
vt 0.658203 0.349121
vt 0.618652 0.298340
vt 0.621094 0.282227
vt 0.841797 0.367676
vt 0.906250 0.381348
vt 0.810547 0.380859
vt 0.863281 0.365234
vt 0.979004 0.401367
vt 0.953613 0.412598
vt 0.869141 0.393066
vt 0.665527 0.343750
vt 0.890137 0.365723
vt 0.687988 0.010254
vt 0.691406 0.025391
vt 0.728516 0.382812
vt 0.735840 0.361328
vt 0.707031 0.294922
vt 0.662598 0.020508
vt 0.857910 0.412109
vt 0.825684 0.339844
vt 0.721680 0.331055
vt 0.766113 0.334961
vt 0.705078 0.339844
vt 0.665527 0.340332
vt 0.979004 0.427246
vt 0.911133 0.420410
vt 0.659668 0.395508
vt 0.861328 0.422852
vt 0.768555 0.340820
vt 0.871094 0.434082
vt 0.741211 0.416504
vt 0.766602 0.331543
vt 0.637207 0.307617
vt 0.705078 0.318848
vt 0.720703 0.326172
vt 0.738770 0.284180
vt 0.660645 0.335938
vt 0.666504 0.356934
vt 0.696777 0.361328
vt 0.694336 0.367188
vt 0.716309 0.007324
vt 0.993652 0.416992
vt 0.665527 0.336426
vt 0.797363 0.363770
vt 0.733398 0.301270
vt 0.820801 0.276855
vt 0.833008 0.333984
vt 0.835449 0.328613
vt 0.982910 0.025391
vt 0.972656 0.010254
vt 0.995605 0.027344
vt 0.993164 0.032715
vt 0.988770 0.187012
vt 0.991699 0.195801
vt 0.985840 0.199707
vt 0.952148 0.038086
vt 0.913574 0.025391
vt 0.917969 0.004395
vt 0.885742 0.025879
vt 0.921875 0.041504
vt 0.890137 0.039062
vt 0.960449 0.052246
vt 0.910645 0.048828
vt 0.979004 0.195801
s 1
usemtl Gaia-Vandal-Red-Crystal
f 1/1/1 2/2/2 3/3/3
f 4/4/4 5/5/5 6/6/6
f 7/2/7 8/7/8 9/8/9
f 10/2/10 11/8/11 12/7/12
f 13/9/13 14/10/14 15/11/15
f 8/7/8 16/12/16 9/8/9
f 17/13/17 18/14/18 19/15/19
f 20/16/20 21/17/21 22/18/22
f 23/19/23 24/20/24 25/21/25
f 26/22/26 27/23/27 28/24/28
f 29/14/29 30/25/30 19/15/31
f 1/1/32 31/15/33 32/26/34
f 25/21/25 24/20/24 33/11/35
f 34/27/36 35/28/37 36/29/38
f 37/30/39 38/31/40 39/32/41
f 40/33/42 41/34/43 42/35/44
f 43/36/45 30/25/30 29/14/29
f 44/37/46 45/38/47 46/39/48
f 47/40/49 48/41/50 49/42/51
f 50/3/52 51/13/53 52/43/54
f 51/13/53 31/15/55 52/43/54
f 45/38/47 53/44/56 46/39/48
f 54/45/57 55/46/58 56/47/59
f 48/41/50 53/44/56 45/38/47
f 57/48/60 58/49/61 49/42/51
f 59/50/62 36/29/38 35/28/37
f 26/22/26 60/51/63 61/52/64
f 60/51/63 26/22/26 28/24/28
f 62/53/65 63/45/66 51/13/53
f 41/34/43 64/54/67 42/35/44
f 63/45/66 65/47/68 51/13/53
f 42/35/44 64/54/67 66/55/69
f 67/19/70 68/21/71 69/20/72
f 70/56/73 71/57/74 72/58/75
f 53/44/56 48/41/50 47/40/49
f 71/57/74 70/56/73 73/59/76
f 69/20/72 68/21/71 74/11/77
f 75/60/78 76/61/79 77/62/80
f 78/45/81 17/13/17 79/47/82
f 78/45/81 80/63/83 81/53/84
f 82/64/85 71/57/86 83/59/87
f 84/65/88 26/22/26 61/52/64
f 27/23/27 26/22/26 85/66/89
f 26/22/26 86/65/90 85/66/89
f 87/67/91 20/16/20 22/18/22
f 74/11/77 88/68/92 69/20/72
f 64/54/67 41/34/43 89/69/93
f 90/68/94 91/11/95 92/10/96
f 93/11/97 38/31/40 94/21/98
f 85/66/89 86/65/90 95/70/99
f 20/16/20 96/71/100 21/17/21
f 4/4/101 97/6/102 98/72/103
f 77/62/80 76/61/79 96/71/100
f 20/16/20 77/62/80 96/71/100
f 99/6/104 100/72/105 39/32/41
f 101/73/106 102/74/107 103/9/108
f 104/75/109 105/76/110 106/63/111
f 20/16/20 87/67/91 77/62/80
f 107/77/112 108/78/113 76/61/79
f 58/49/61 57/48/60 109/79/114
f 110/64/115 111/59/116 112/57/117
f 96/71/100 76/61/79 108/78/113
f 108/78/113 113/80/118 96/71/100
f 97/6/102 114/32/119 98/72/103
f 115/81/120 103/9/108 102/74/107
f 21/17/21 96/71/100 113/80/118
f 44/37/46 21/17/21 113/80/118
f 58/49/61 47/40/49 49/42/51
f 116/82/121 108/78/113 107/77/112
f 116/82/121 113/80/118 108/78/113
f 104/75/109 13/9/13 117/73/122
f 115/81/120 93/11/97 118/9/123
f 119/46/124 120/45/125 121/47/126
f 122/76/127 123/75/128 80/63/129
f 106/63/130 63/45/66 62/53/65
f 124/56/131 125/58/132 112/57/133
f 112/57/133 126/59/134 124/56/131
f 53/44/56 127/83/135 46/39/48
f 21/17/21 127/83/135 22/18/22
f 128/6/136 129/84/137 130/5/138
f 46/39/48 127/83/135 21/17/21
f 44/37/46 46/39/48 21/17/21
f 131/85/139 89/69/93 132/86/140
f 133/10/141 123/75/128 118/9/123
f 87/67/91 22/18/22 58/49/61
f 109/79/114 87/67/91 58/49/61
f 134/76/142 135/87/143 136/73/144
f 44/37/46 113/80/118 116/82/121
f 40/33/42 137/88/145 41/34/43
f 138/76/146 139/73/147 140/87/148
f 118/9/123 93/11/97 133/10/141
f 55/46/58 54/45/57 141/89/149
f 41/34/43 137/88/145 89/69/93
f 116/82/121 45/38/47 44/37/46
f 117/73/122 105/76/110 104/75/109
f 142/84/150 6/6/6 5/5/5
f 143/68/151 33/11/35 24/20/24
f 106/63/111 14/10/14 104/75/109
f 144/90/152 145/91/153 146/63/154
f 147/68/155 148/10/156 149/11/157
f 120/45/125 119/46/124 150/89/158
f 151/7/159 17/13/17 81/53/84
f 152/92/160 153/90/161 154/12/162
f 155/90/163 156/92/164 157/12/165
f 123/75/128 101/73/166 118/9/123
f 158/46/124 159/47/82 19/15/31
f 17/13/17 19/15/19 79/47/82
f 122/76/127 101/73/166 123/75/128
f 38/31/40 37/30/39 94/21/98
f 160/65/167 161/93/168 162/22/169
f 129/84/137 128/6/136 163/74/170
f 164/23/171 165/66/172 162/22/169
f 162/22/169 165/66/172 166/65/173
f 6/6/6 142/84/150 167/74/174
f 80/63/129 123/75/128 133/10/141
f 39/32/41 102/74/107 99/6/104
f 102/74/107 39/32/41 115/81/120
f 147/68/155 168/91/175 148/10/156
f 169/94/176 107/77/112 76/61/79
f 135/87/143 134/76/142 170/95/177
f 146/63/154 171/53/178 144/90/152
f 172/63/179 173/90/180 174/53/181
f 175/51/182 176/24/183 162/22/169
f 162/22/169 161/93/168 175/51/182
f 177/74/184 114/32/119 97/6/102
f 114/32/119 177/74/184 178/81/185
f 80/63/129 133/10/141 179/91/186
f 180/31/187 114/32/119 178/81/185
f 164/23/171 162/22/169 176/24/183
f 180/31/187 181/30/188 114/32/119
f 163/74/170 135/87/143 129/84/137
f 169/94/176 76/61/79 75/60/78
f 90/68/94 92/10/96 145/91/189
f 182/96/190 23/19/23 183/30/39
f 140/87/148 167/74/174 142/84/150
f 67/19/70 184/96/191 185/30/188
f 147/68/155 186/20/192 168/91/175
f 177/74/184 117/73/193 187/9/194
f 137/88/145 188/97/195 89/69/93
f 140/87/148 189/95/196 138/76/146
f 24/20/192 190/92/197 191/91/198
f 69/20/199 192/91/200 193/92/160
f 187/9/194 178/81/185 177/74/184
f 181/30/188 180/31/187 194/21/201
f 153/90/161 152/92/160 195/91/202
f 15/11/15 178/81/185 13/9/13
f 196/12/203 12/7/12 11/8/11
f 165/66/172 197/70/204 166/65/173
f 198/7/205 62/53/65 51/13/53
f 199/3/206 17/13/17 151/7/159
f 178/81/185 15/11/15 180/31/187
f 51/13/53 65/47/68 31/15/55
f 90/68/94 145/91/189 200/20/207
f 198/7/205 201/90/208 62/53/65
f 15/11/15 194/21/201 180/31/187
f 25/21/25 183/30/39 23/19/23
f 135/87/143 163/74/170 136/73/144
f 132/86/140 89/69/93 188/97/195
f 36/29/38 59/50/62 202/98/209
f 38/31/40 115/81/120 39/32/41
f 185/30/188 68/21/71 67/19/70
f 106/63/111 203/91/210 14/10/14
f 139/73/147 167/74/174 140/87/148
f 156/92/164 155/90/163 204/91/211
f 106/63/111 141/89/149 54/45/57
f 40/33/42 59/50/62 137/88/145
f 14/10/14 13/9/13 104/75/109
f 34/27/36 132/86/140 188/97/195
f 207/46/212 32/26/213 208/15/214
f 209/46/215 31/15/214 210/47/59
f 12/7/12 196/12/203 211/90/161
f 50/3/52 198/7/205 51/13/53
f 212/3/216 8/7/8 7/2/7
f 12/7/12 214/3/217 10/2/10
f 16/12/16 8/7/8 216/90/163
f 35/28/37 188/97/195 137/88/145
f 137/88/145 59/50/62 35/28/37
f 47/40/49 58/49/61 22/18/22
f 217/46/218 218/15/219 30/25/220
f 47/40/49 127/83/135 53/44/56
f 219/99/221 130/5/138 220/100/222
f 22/18/22 127/83/135 47/40/49
f 130/5/138 219/99/221 128/6/136
f 93/11/97 115/81/120 38/31/40
f 219/99/221 100/72/105 99/6/104
f 222/101/223 223/102/224 224/103/225
f 199/3/206 18/14/18 17/13/17
f 225/104/226 222/101/223 224/103/225
f 226/105/227 227/106/228 228/107/229
f 225/104/226 229/108/230 222/101/223
f 223/102/224 222/101/223 230/109/231
f 230/109/231 222/101/223 229/108/230
f 43/36/45 231/3/232 232/2/233
f 230/109/231 233/110/234 223/102/224
f 233/110/234 230/109/231 234/111/235
f 230/109/231 235/112/236 236/113/237
f 236/113/237 234/111/235 230/109/231
f 225/104/226 237/114/238 229/108/230
f 237/114/238 235/112/236 229/108/230
f 230/109/231 229/108/230 235/112/236
f 235/112/236 237/114/238 238/115/239
f 29/14/29 231/3/232 43/36/45
f 238/115/239 236/113/237 235/112/236
f 226/105/227 228/107/229 239/116/240
f 48/41/50 57/48/60 49/42/51
f 35/28/37 34/27/36 188/97/195
f 40/33/42 202/98/209 59/50/62
f 89/69/93 131/85/139 64/54/67
f 141/89/149 106/63/111 105/76/110
f 80/63/129 150/89/158 122/76/127
f 134/76/142 150/89/241 170/95/177
f 138/76/146 189/95/196 141/89/242
f 150/89/158 80/63/129 120/45/125
f 81/53/84 17/13/17 78/45/81
f 173/90/180 172/63/179 168/91/243
f 151/7/159 81/53/84 240/90/244
l 205 206
l 213 215
l 213 221
o Object_8
v 6.928030 31.169918 257.428223
v -0.564542 22.405378 242.465454
v 5.110967 30.574066 257.835022
v -4.669729 58.845173 -94.973991
v -3.684230 59.033684 -99.495369
v -7.495330 54.939560 -89.677971
v -3.472837 57.944008 -91.568977
v -6.950863 55.198742 -88.413521
v -4.931823 61.060978 -92.078194
v -3.513219 61.249859 -90.965019
v -3.684230 59.033684 -99.495369
v -3.472837 57.944008 -91.568977
v -3.698776 55.103737 -93.168373
v -1.827502 58.389954 -88.229744
v -1.844295 56.161942 -85.259666
v -1.033823 57.273853 -86.390053
v -4.669729 58.845173 -94.973991
v -1.033823 57.273853 -86.390053
v -0.759179 56.236950 -89.023643
v -1.827502 58.389954 -88.229744
v -1.827502 58.389954 -88.229744
v -0.759179 56.236950 -89.023643
v -1.682281 56.096386 -89.628868
v -2.556195 53.426414 -87.514107
v -3.513219 61.249859 -90.965019
v -4.931823 61.060978 -92.078194
v -4.624669 49.781036 -89.226898
v -5.474367 53.101387 -84.575722
v -5.145919 55.310127 -87.427498
v -2.556195 53.426414 -87.514107
v -3.698776 55.103737 -93.168373
v -4.624669 49.781036 -89.226898
v -2.556195 53.426414 -87.514107
v -1.336951 48.071762 -91.725739
v -4.624669 49.781036 -89.226898
v -1.329168 56.329479 -84.927437
v -0.087198 53.391426 -87.412773
v -5.902545 48.501980 -90.602783
v 0.452320 52.948326 -87.529778
v -1.682281 56.096386 -89.628868
v -1.550751 52.364799 -88.391609
v -2.902411 53.257343 -86.670097
v -1.682281 56.096386 -89.628868
v -1.550751 52.364799 -88.391609
v 2.030878 49.821865 -89.008713
v 2.030878 49.821865 -89.008713
v -0.087198 53.391426 -87.412773
v 0.663620 58.981140 -98.848701
v 1.010001 58.268940 -92.427834
v 2.405257 53.142975 -84.220863
v 5.618858 52.896805 -87.468132
v 3.844104 56.136894 -88.495506
v 2.339663 61.052826 -92.033211
v 0.865507 61.220181 -90.932381
v 0.663620 58.981140 -98.848701
v 1.010001 58.268940 -92.427834
v 3.797463 56.415909 -89.949181
v 0.865507 61.220181 -90.932381
v 2.339663 61.052826 -92.033211
v 2.500624 55.310127 -87.384529
v 1.565535 56.736649 -94.663399
v 2.530099 57.658783 25.715549
v 0.832405 55.858856 23.213558
v -1.242202 56.180637 20.439747
v 5.459080 57.036972 20.672031
v 0.832405 55.858856 23.213558
v 5.459080 57.036972 20.672031
v 2.530099 57.658783 25.715549
v 1.565535 56.736649 -94.663399
v 2.030878 49.821865 -89.008713
v -0.087198 53.391426 -87.412773
v -4.629659 30.468399 -171.812866
v -4.439765 28.454660 -154.632721
v -4.244653 29.132910 -171.877533
v -2.836361 42.193035 -134.212891
v -8.022488 37.452072 -138.161957
v -2.905692 40.768696 -134.594727
v -7.238511 35.851250 -137.959320
v -5.556524 34.908718 -138.123749
v -5.186280 36.853588 -139.727417
v -4.858135 34.949566 -142.978546
v -5.945729 31.957838 -143.098541
v -5.952881 29.138460 -152.246124
v -9.438404 34.554619 -142.171173
v -7.238511 35.851250 -137.959320
v -8.022488 37.452072 -138.161957
v -4.852241 33.521858 -154.528992
v -5.952881 29.138460 -152.246124
v -9.189894 32.495846 -142.581757
v -7.660564 30.348776 -152.179596
v -7.571227 33.177567 -152.859467
v -4.244653 29.132910 -171.877533
v -5.334511 31.211008 -156.902283
v -4.852241 33.521858 -154.528992
v -6.196771 33.152588 -154.855591
v -5.334511 31.211008 -156.902283
v -4.629659 30.468399 -171.812866
v -5.996490 34.765785 -160.261871
v -6.196771 33.152588 -154.855591
v -5.613716 35.382889 -159.911011
v -6.572913 37.812099 -140.623291
v -6.240123 34.975082 -150.165436
v -6.572913 37.812099 -140.623291
v -6.240123 34.975082 -150.165436
v -5.613716 35.382889 -159.911011
v -5.996490 34.765785 -160.261871
v -2.836361 42.193035 -134.212891
v -2.905692 40.768696 -134.594727
v -3.977621 32.300884 -98.823578
v -5.937264 32.583599 -101.225082
v -3.797359 32.380314 -110.487366
v -9.582243 31.171160 -121.061951
v -9.589992 34.314613 -99.747177
v -12.416327 32.091106 -124.995483
v -11.981284 34.287338 -120.349304
v -7.334956 31.445305 -143.279938
v -7.334956 31.445305 -143.279938
v -9.582243 31.171160 -121.061951
v -4.968990 31.246485 -91.953598
v -1.318808 31.130373 -92.050919
v -1.323692 28.375835 -86.133438
v -10.084812 33.814720 -135.626556
v -4.776161 28.386944 -84.957947
v -1.323692 28.375835 -86.133438
v -3.238911 24.579287 -88.326431
v -4.776161 28.386944 -84.957947
v -5.952497 34.547329 -115.896606
v -8.672007 36.461586 -111.966873
v -1.306174 35.906776 -107.355042
v -8.857535 34.239403 -127.345184
v -5.556524 34.908718 -138.123749
v -7.238511 35.851250 -137.959320
v -9.709393 34.814194 -128.097382
v -9.709393 34.814194 -128.097382
v -8.979918 36.863743 -106.572159
v -8.672007 36.461586 -111.966873
v -7.727956 31.380379 -124.697113
v -7.334956 31.445305 -143.279938
v -5.945729 31.957838 -143.098541
v -5.534667 40.088375 -98.273010
v -7.121606 36.437946 -94.238220
v -4.563971 40.092209 -88.113861
v -5.937264 32.583599 -101.225082
v -8.549307 33.404423 -92.215149
v -6.099989 37.160275 -86.026062
v -7.221868 30.174923 -82.609787
v -4.968990 31.246485 -91.953598
v 2.491436 56.115921 16.516247
v -1.242202 56.180637 20.439747
v 0.120283 58.035267 12.519038
v 2.491436 56.115921 16.516247
v 0.120283 58.035267 12.519038
v -0.164866 55.886497 -84.450554
v -1.329168 56.329479 -84.927437
v -1.330802 54.190826 -77.536293
v -2.486299 55.884224 -84.465202
v 0.294137 52.846390 -74.124367
v -2.962202 52.849228 -74.152214
v 0.866277 51.518917 -81.886101
v -3.520663 51.518917 -81.910759
v 0.660380 48.641945 -80.693924
v -3.324356 48.643867 -80.734238
v -3.526286 53.954891 -60.951099
v -6.127261 51.049549 -67.429970
v -4.103789 51.353252 -62.029240
v -2.720624 51.021057 -64.081459
v -4.103789 51.353252 -62.029240
v -6.127261 51.049549 -67.429970
v -1.342362 50.169048 -63.843433
v 1.414165 51.327950 -61.769260
v -1.342362 50.169048 -63.843433
v 0.036807 51.021057 -64.065956
v 3.400899 51.105103 -67.409798
v 1.091257 54.241364 -63.335484
v 1.414165 51.327950 -61.769260
v 3.400899 51.105103 -67.409798
v 2.700171 47.811314 -85.605942
v 0.660380 48.641945 -80.693924
v -1.333261 47.644672 -82.001053
v -1.421871 54.834255 -63.471821
v 0.991489 53.557896 -67.854515
v -3.707170 53.526768 -67.917656
v 0.921304 51.540844 -67.540062
v 0.921304 51.540844 -67.540062
v 0.024485 50.288383 -68.248703
v -3.633866 51.541481 -67.580940
v -2.701395 50.288383 -68.264023
v -1.338401 49.615570 -68.322052
v -1.333261 47.644672 -82.001053
v -1.333261 47.644672 -82.001053
v -1.338401 49.615570 -68.322052
v 0.036807 51.021057 -64.065956
v 0.024485 50.288383 -68.248703
v 0.921304 51.540844 -67.540062
v -2.720624 51.021057 -64.081459
v -3.633866 51.541481 -67.580940
v -2.701395 50.288383 -68.264023
v 0.036807 51.021057 -64.065956
v -1.338401 49.615570 -68.322052
v 0.024485 50.288383 -68.248703
v -1.342362 50.169048 -63.843433
v -2.720624 51.021057 -64.081459
v -1.338401 49.615570 -68.322052
v -1.342362 50.169048 -63.843433
v -2.701395 50.288383 -68.264023
v -3.724862 52.641830 -43.621449
v -1.358603 53.379734 -43.852329
v -1.421871 54.834255 -63.471821
v 0.903881 53.211441 -51.183918
v -1.357835 48.093105 -44.687305
v -3.898440 48.453407 -44.746342
v -1.357835 48.093105 -44.687305
v 1.311047 48.414547 -44.740788
v -3.724862 52.641830 -43.621449
v -3.898440 48.453407 -44.746342
v -6.822244 52.987076 -67.634621
v -6.822244 52.987076 -67.634621
v -3.526286 53.954891 -60.951099
v -3.707170 53.526768 -67.917656
v 0.903881 53.211441 -51.183918
v 1.091257 54.241364 -63.335484
v 0.991489 53.557896 -67.854515
v 1.311047 48.414547 -44.740788
v -10.483700 49.392872 -67.954575
v -11.206918 38.343704 -47.755421
v -13.874439 48.758774 -64.233856
v -8.291097 49.679157 -66.244843
v -11.206918 38.343704 -47.755421
v -10.483700 49.392872 -67.954575
v -14.941863 45.577053 -53.437244
v -12.489409 52.642746 -68.198647
v -10.468260 52.658218 -65.438972
v -8.623018 52.650860 -66.893730
v -9.749314 46.864544 -52.771122
v -8.291097 49.679157 -66.244843
v -9.749314 46.864544 -52.771122
v -8.623018 52.650860 -66.893730
v -12.219397 50.602539 -70.396111
v -3.633866 51.541481 -67.580940
v -8.743315 49.107338 -71.914490
v -7.124325 50.521259 -67.532730
v -7.124325 50.521259 -67.532730
v -8.743315 49.107338 -71.914490
v -8.014143 53.183674 -70.746834
v -8.391228 42.393551 -52.521610
v -12.973153 44.315281 -44.943851
v -8.074062 44.536903 -45.780415
v -8.074062 44.536903 -45.780415
v -8.391228 42.393551 -52.521610
v -1.333261 47.644672 -82.001053
v -3.324356 48.643867 -80.734238
v -5.345282 47.805763 -85.673355
v -6.844380 47.657745 -77.625000
v -3.324356 48.643867 -80.734238
v -4.418535 48.720463 -77.492981
v -5.345282 47.805763 -85.673355
v -6.844380 47.657745 -77.625000
v -8.728745 48.750031 -80.812454
v -5.345282 47.805763 -85.673355
v -8.900410 50.636971 -80.119225
v -3.633866 51.541481 -67.580940
v -4.803125 51.203869 -77.375999
v -3.707170 53.526768 -67.917656
v -4.418535 48.720463 -77.492981
v -6.902553 52.063320 -78.531548
v -3.520663 51.518917 -81.910759
v -3.324356 48.643867 -80.734238
v -4.803125 51.203869 -77.375999
v -3.520663 51.518917 -81.910759
v -4.677514 54.292412 -83.696800
v -3.664050 52.622814 -84.921486
v -3.664050 52.622814 -84.921486
v -15.016349 39.965385 -46.226460
v -14.752602 42.508823 -44.877537
v -12.973153 44.315281 -44.943851
v -6.658224 42.822807 -38.430775
v -8.074062 44.536903 -45.780415
v -6.658224 42.822807 -38.430775
v -6.795795 42.197376 -45.421757
v 7.786644 52.658440 -65.338478
v 12.240360 45.577057 -53.284504
v 9.813547 52.642712 -68.072243
v 11.190694 48.758892 -64.093643
v 10.218825 44.352158 -44.914967
v 7.046762 46.864552 -52.676762
v 7.046762 46.864552 -52.676762
v 5.613094 49.672112 -66.154617
v 5.680668 42.369152 -52.392857
v 12.302943 39.965389 -46.072956
v 8.507477 38.374111 -47.704319
v 5.359983 44.536907 -45.704945
v 5.613094 49.672112 -66.154617
v 8.507477 38.374111 -47.704319
v 5.680668 42.369152 -52.392857
v 5.359983 44.536907 -45.704945
v 5.476567 49.637783 -86.169464
v 3.276009 48.612652 -90.637695
v 2.030878 49.821865 -89.008713
v 5.476567 49.637783 -86.169464
v 7.819586 49.390972 -67.846313
v 4.446166 50.521259 -67.467728
v 2.811678 47.259937 -89.341431
v 5.899040 52.712746 -67.015022
v 4.446166 50.521259 -67.467728
v 4.258628 52.831604 -66.954704
v 6.072376 49.107338 -71.831238
v 4.258628 52.831604 -66.954704
v 5.899040 52.712746 -67.015022
v 5.341504 53.183826 -70.672371
v 7.819586 49.390972 -67.846313
v 9.545929 50.602547 -70.273781
v 6.072376 49.107338 -71.831238
v 6.240801 50.644901 -79.989525
v 4.242558 52.063320 -78.468925
v 6.072500 48.750034 -80.729309
v 4.182887 47.657745 -77.563049
v 0.660380 48.641945 -80.693924
v 4.182887 47.657745 -77.563049
v 1.756847 48.720463 -77.458282
v 2.700171 47.811314 -85.605942
v 2.700171 47.811314 -85.605942
v 2.700171 47.811314 -85.605942
v 2.141240 51.203869 -77.336967
v 0.921304 51.540844 -67.540062
v 0.991489 53.557896 -67.854515
v 1.756847 48.720463 -77.458282
v 2.141240 51.203869 -77.336967
v 0.866277 51.518917 -81.886101
v 0.660380 48.641945 -80.693924
v 0.866277 51.518917 -81.886101
v -2.486299 55.884224 -84.465202
v -0.087198 53.391426 -87.412773
v 2.405257 53.142975 -84.220863
v -2.556195 53.426414 -87.514107
v -3.664050 52.622814 -84.921486
v -8.033079 49.550983 -86.313354
v -5.474367 53.101387 -84.575722
v -4.677514 54.292412 -83.696800
v -5.708536 57.857742 -84.893684
v 0.050798 53.922894 -85.615318
v -0.164866 55.886497 -84.450554
v -1.844295 56.161942 -85.259666
v -5.902545 48.501980 -90.602783
v -8.033079 49.550983 -86.313354
v -4.624669 49.781036 -89.226898
v -5.432180 47.246387 -89.403915
v -3.664050 52.622814 -84.921486
v -5.474367 53.101387 -84.575722
v -5.708536 57.857742 -84.893684
v 2.907282 40.088375 -98.225586
v -1.312996 46.338478 -92.288361
v 1.322311 43.696735 -93.781616
v 1.916823 40.093552 -88.064682
v -1.313222 40.912125 -98.819458
v -1.331354 43.521496 -87.380188
v -1.331354 43.521496 -87.380188
v -1.313222 40.912125 -98.819458
v -1.312996 46.338478 -92.288361
v -3.957050 43.696735 -93.811279
v 1.884291 46.897285 -91.503677
v -1.318134 47.944443 -93.321167
v 1.884291 46.897285 -91.503677
v 2.811678 47.259937 -89.341431
v 3.276009 48.612652 -90.637695
v -4.513186 46.894638 -91.546371
v -1.336951 48.071762 -91.725739
v -1.312996 46.338478 -92.288361
v -1.336951 48.071762 -91.725739
v -1.318134 47.944443 -93.321167
v -1.312996 46.338478 -92.288361
v -1.324191 39.320808 -85.532089
v -1.324191 39.320808 -85.532089
v -1.313222 40.912125 -98.819458
v -1.306174 35.906776 -107.355042
v -1.313222 40.912125 -98.819458
v 6.010319 36.507660 -111.696045
v 6.010319 36.507660 -111.696045
v 6.366205 36.863743 -106.485947
v 3.354208 34.547329 -115.844299
v 6.277925 34.239765 -127.258575
v -5.432180 47.246387 -89.403915
v -4.513186 46.894638 -91.546371
v -5.345282 47.805763 -85.673355
v -4.596133 1.414250 129.185059
v -0.595355 2.870284 127.567902
v -2.944885 -2.742729 125.226868
v -4.264538 -0.907388 130.105469
v 7.010728 18.495173 72.528023
v 7.352430 17.281731 66.633522
v 6.875636 12.320526 72.166298
v 7.352430 17.281731 66.633522
v 9.960625 12.703247 70.877922
v 6.875636 12.320526 72.166298
v 7.398245 12.650330 78.793793
v 10.788127 24.634623 92.098450
v 10.124062 8.442595 77.309952
v 9.890668 46.101299 111.589279
v 7.877451 43.353962 118.681534
v 8.469001 43.688316 111.276993
v 9.395707 46.202343 118.951225
v 10.240208 43.619186 102.477600
v -6.691888 5.045664 38.280502
v -3.288997 -2.816364 38.692581
v -8.773449 9.717083 42.732994
v -9.923470 18.509983 72.458725
v -7.975586 22.862803 80.399841
v -8.506406 19.138462 80.572372
v -1.269081 2.724028 29.298096
v 0.263289 2.588139 31.509521
v -1.883364 1.176170 30.240387
v 5.053184 22.862804 80.473038
v -1.434617 22.254168 48.234215
v 5.031697 22.012817 48.723000
v -7.975586 22.862803 80.399841
v -1.461610 23.141989 80.931252
v -1.461507 20.203712 80.806915
v 10.698894 20.641245 69.337952
v 10.475965 13.445850 72.674568
v 10.765922 16.232491 68.090157
v 0.263289 2.588139 31.509521
v -1.424946 1.643981 33.593452
v -1.883364 1.176170 30.240387
v -7.901679 22.012815 48.650337
v -1.434315 17.355518 47.869339
v -1.434617 22.254168 48.234215
v -17.883825 34.834789 118.566254
v -17.411469 38.659355 119.279594
v -17.133762 37.099483 115.162552
v -9.736205 33.677559 100.573074
v -13.507876 33.060532 106.340363
v -12.254622 36.849510 107.475555
v -1.434617 22.254168 48.234215
v -1.461610 23.141989 80.931252
v -7.975586 22.862803 80.399841
v 8.255026 26.464886 91.853455
v 8.760630 19.723902 84.899155
v 4.295461 43.562019 89.088417
v 5.305970 47.769550 97.218460
v 9.183586 42.507484 92.251877
v 3.013602 42.327507 118.973564
v 10.442343 40.387650 115.150337
v 1.485567 42.393047 115.714699
v -4.168902 3.865429 33.212639
v -1.269081 2.724028 29.298096
v -1.883364 1.176170 30.240387
v -8.748621 35.171246 -7.613925
v -8.326532 35.194893 -0.015735
v -12.849360 37.456535 -0.041248
v 5.986959 17.799114 48.635910
v 9.329545 18.228075 49.402084
v -9.886253 22.456264 105.395859
v -1.484971 23.730721 109.229324
v -1.488470 25.227142 113.466255
v 5.031697 22.012817 48.723000
v -4.466199 42.393047 115.681259
v -4.937768 42.490108 99.528534
v -13.413618 40.384537 115.027046
v -7.716215 31.430265 96.968277
v -9.571312 40.275444 99.716354
v -7.901679 22.012815 48.650337
v -10.240665 17.258909 66.546127
v 10.698143 10.768200 82.770157
v 11.563147 21.292027 60.750130
v 10.558052 27.414825 74.907288
v 11.200889 22.576092 77.806870
v 14.424780 38.659351 119.458488
v 12.328799 35.840797 122.572510
v 14.900057 34.833786 118.752144
v 7.010728 18.495173 72.528023
v 5.838439 36.980045 94.188324
v 8.091768 41.699982 103.156265
v 5.006773 41.243103 103.212151
v 8.760630 19.723902 84.899155
v 7.398245 12.650330 78.793793
v -1.459561 13.486702 78.452324
v 6.780474 33.677559 100.665878
v 7.584653 33.930191 84.638443
v 7.372533 37.246933 91.088745
v -1.424946 1.643981 33.593452
v 1.640195 -2.472920 36.058434
v -1.426817 -3.350570 38.903877
v -1.423563 -2.330943 34.851494
v -13.041917 37.107063 -7.519183
v -11.619439 30.003117 26.175131
v -15.385962 29.803917 33.287495
v -15.476715 33.651596 33.756077
v 5.986959 17.799114 48.635910
v -11.196192 26.464884 91.744164
v -1.464664 20.984959 84.631233
v -11.690304 19.723900 84.784248
v -15.033231 32.407684 114.442749
v -14.770121 31.848331 120.059944
v -14.233503 35.489368 129.118546
v -11.450209 43.736744 134.525421
v -14.982022 38.014103 123.144966
v 5.053184 22.862804 80.473038
v -13.903312 42.499832 103.183830
v -11.835473 42.734192 111.662964
v -12.887849 45.235569 113.264977
v 5.670030 19.080566 84.324829
v -1.461507 20.203712 80.806915
v 5.583714 19.138464 80.651543
v -13.826836 12.265551 83.954514
v -14.570975 26.199665 107.996674
v -10.312449 37.246929 90.989380
v -1.488259 30.592991 95.792847
v -7.716215 31.430265 96.968277
v -12.266432 40.130318 103.843163
v -13.841304 24.534754 91.886505
v -10.317848 12.650328 78.694244
v -13.041148 8.442595 77.179802
v 10.375070 18.111258 61.499214
v 9.329545 18.228075 49.402084
v 8.174683 26.751966 42.487110
v 9.664054 26.907738 51.108486
v -1.464664 20.984959 84.631233
v 8.255026 26.464886 91.853455
v 11.988972 38.014107 123.296509
v 11.230598 35.489372 129.261612
v 12.328799 35.840797 122.572510
v 11.783828 31.866800 120.191933
v 12.054549 32.407688 114.594940
v 10.658853 33.308762 106.893326
v 11.595825 27.055645 109.862061
v 10.765922 16.232491 68.090157
v 10.240208 43.619186 102.477600
v 11.211680 32.989548 79.903671
v 9.084728 47.071800 102.158943
v 9.287471 36.849514 107.596588
v 6.616993 40.275444 99.807312
v 5.670030 19.080566 84.324829
v 8.493697 42.354309 122.820763
v 3.013602 42.327507 118.973564
v 4.766454 31.430265 97.038406
v 6.825473 31.443119 84.487961
v -1.488259 30.592991 95.792847
v 6.825473 31.443119 84.487961
v 4.766454 31.430265 97.038406
v 1.184646 3.204488 36.379272
v -1.424114 2.102461 35.516502
v 1.640195 -2.472920 36.058434
v -1.423563 -2.330943 34.851494
v -4.489975 -2.474044 36.025490
v -1.423563 -2.330943 34.851494
v -1.426817 -3.350570 38.903877
v -8.326532 35.194893 -0.015735
v -9.270416 34.433285 8.973233
v -12.849360 37.456535 -0.041248
v -13.349341 20.662939 41.656128
v -11.120702 25.232647 42.288162
v -12.703338 26.402081 39.087132
v -12.612411 27.332985 25.439459
v -9.988591 20.745754 32.846474
v -11.835893 27.098507 33.098171
v -14.925172 35.593296 36.717991
v -16.031082 31.914042 36.609715
v -1.434315 17.355518 47.869339
v -1.433788 14.791040 43.023659
v -11.690304 19.723900 84.784248
v -1.464231 19.711857 84.106674
v -6.276373 27.931131 122.212540
v -14.770121 31.848331 120.059944
v -15.320648 35.840797 122.417160
v -14.982022 38.014103 123.144966
v -11.368833 46.676674 129.270416
v -12.338628 44.768948 123.162041
v 5.583714 19.138464 80.651543
v 5.583714 19.138464 80.651543
v -1.461507 20.203712 80.806915
v 5.053184 22.862804 80.473038
v -11.527246 42.934868 118.371422
v -12.155918 49.024921 116.961761
v -11.196192 26.464884 91.744164
v -10.513915 33.930187 84.536758
v -10.778095 39.504074 103.491692
v -5.553799 42.373463 112.310608
v -1.461507 20.203712 80.806915
v -8.597654 19.081242 84.266418
v -8.506406 19.138462 80.572372
v -8.506406 19.138462 80.572372
v -7.901679 22.012815 48.650337
v 10.375070 18.111258 61.499214
v 8.371960 23.603096 88.912476
v 11.247635 20.228235 97.007812
v 11.783828 31.866800 120.191933
v 14.174937 37.094593 115.345802
v -1.459561 13.486702 78.452324
v -10.317848 12.650328 78.694244
v 10.475965 13.445850 72.674568
v 10.698894 20.641245 69.337952
v 7.010728 18.495173 72.528023
v 9.826454 28.925470 59.940739
v 8.091768 41.699982 103.156265
v 8.136526 37.423946 94.205620
v 9.084728 47.071800 102.158943
v 1.983909 42.489876 99.567268
v 8.091768 41.699982 103.156265
v 9.960625 12.703247 70.877922
v 11.988972 38.014107 123.296509
v 8.493697 42.354309 122.820763
v 7.699708 31.210985 79.639160
v 7.584653 33.930191 84.638443
v 6.825473 31.443119 84.487961
v -1.463160 30.564587 82.806381
v 1.512102 42.283947 111.248024
v 6.091536 29.886938 95.717239
v -4.034274 3.204487 36.349945
v -1.424114 2.102461 35.516502
v -1.423563 -2.330943 34.851494
v -4.489975 -2.474044 36.025490
v 0.441138 -2.804508 38.718971
v -1.407129 15.095889 45.413452
v -1.426817 -3.350570 38.903877
v -3.288997 -2.816364 38.692581
v -8.326532 35.194893 -0.015735
v -10.985659 33.090157 0.105650
v -9.270416 34.433285 8.973233
v -14.308332 36.007900 27.761190
v -13.588897 39.568672 18.238003
v -13.437276 41.206959 -0.043552
v -10.263433 43.641430 -0.026767
v -13.349341 20.662939 41.656128
v -12.703338 26.402081 39.087132
v -12.703338 26.402081 39.087132
v -15.022629 28.994131 38.696552
v -11.835893 27.098507 33.098171
v -8.857563 17.791872 48.543228
v -10.240665 17.258909 66.546127
v -13.498826 18.056271 60.289764
v -8.857563 17.791872 48.543228
v -9.987583 18.885885 43.160194
v -1.433788 14.791040 43.023659
v 5.031697 22.012817 48.723000
v -1.434315 17.355518 47.869339
v 5.986959 17.799114 48.635910
v 7.126649 18.885887 43.256355
v -1.464231 19.711857 84.106674
v -6.276373 27.931131 122.212540
v -14.233503 35.489368 129.118546
v -14.770121 31.848331 120.059944
v -15.320648 35.840797 122.417160
v -14.570975 26.199665 107.996674
v -11.639724 42.370243 122.626434
v -11.639724 42.370243 122.626434
v -5.999600 42.327507 118.922928
v -1.461610 23.141989 80.931252
v -1.461610 23.141989 80.931252
v -5.999600 42.327507 118.922928
v 5.583714 19.138464 80.651543
v 2.317412 33.522343 -154.482269
v 3.392638 31.957100 -143.053528
v 2.305037 34.949905 -142.938171
v 1.898935 28.460955 -154.645996
v 2.133920 30.472380 -171.745392
v 1.741132 29.121685 -171.794678
v 2.806517 31.217638 -156.817444
v 5.122147 30.348757 -152.107849
v 6.635458 32.496307 -142.491577
v 3.436644 29.165321 -152.009247
v 6.884954 34.555439 -142.073517
v 5.036952 33.175621 -152.791534
v 2.133920 30.472380 -171.745392
v 1.741132 29.121685 -171.794678
v 3.436644 29.165321 -152.009247
v 0.263386 42.197983 -134.186340
v 5.443369 37.456600 -138.072388
v 4.013535 37.830486 -140.522705
v 2.806517 31.217638 -156.817444
v 2.317412 33.522343 -154.482269
v 3.664317 33.152367 -154.797668
v 3.473937 34.759789 -160.193420
v 3.089970 35.383041 -159.843353
v 3.701304 34.979935 -150.061615
v 4.013535 37.830486 -140.522705
v 3.701304 34.979935 -150.061615
v 2.628074 36.853432 -139.684540
v 0.263386 42.197983 -134.186340
v -1.458081 8.800891 76.660500
v 3.473937 34.759789 -160.193420
v 3.664317 33.152367 -154.797668
v 3.089970 35.383041 -159.843353
v 0.337419 40.769333 -134.576416
v 5.443369 37.456600 -138.072388
v 9.389093 34.253109 -120.733093
v 6.970359 34.309731 -99.650024
v 4.676637 35.851254 -137.892365
v 9.884435 32.073502 -124.592926
v 4.676637 35.851254 -137.892365
v 5.963187 31.512690 -115.894623
v 7.519060 33.814713 -135.526978
v 2.994938 34.908726 -138.075714
v 3.222779 32.572403 -100.429428
v 1.190160 32.380314 -110.459335
v 5.963187 31.512690 -115.894623
v 3.222779 32.572403 -100.429428
v 1.351163 32.300884 -98.793640
v -1.458081 8.800891 76.660500
v 9.899611 36.203289 -99.149368
v 3.435645 37.160206 -85.931808
v 8.366431 34.422787 -98.903137
v 2.994938 34.908726 -138.075714
v 4.676637 35.851254 -137.892365
v 7.144495 34.817543 -127.851868
v 6.817056 31.091858 -129.504913
v 4.650512 31.395016 -142.941345
v 6.817056 31.091858 -129.504913
v 3.392638 31.957100 -143.053528
v 4.650512 31.395016 -142.941345
v 5.144182 31.380383 -124.624786
v 7.144495 34.817543 -127.851868
v 5.006773 41.243103 103.212151
v 10.759051 39.241604 128.447845
v 2.126805 28.386948 -84.919159
v 4.568592 30.174847 -82.543304
v 1.627279 25.875765 -79.950745
v 3.435645 37.160206 -85.931808
v 2.899086 32.002296 -75.290436
v 4.487545 36.437946 -94.173004
v 7.699708 31.210985 79.639160
v 6.825473 31.443119 84.487961
v 5.911896 33.404423 -92.133911
v 4.487545 36.437946 -94.173004
v 2.331181 31.246485 -91.912582
v 2.331181 31.246485 -91.912582
v -1.318808 31.130373 -92.050919
v 2.126805 28.386948 -84.919159
v -1.323692 28.375835 -86.133438
v -0.573902 23.223881 -90.545273
v -1.323692 28.375835 -86.133438
v 0.919693 21.538155 -86.539948
v -0.122551 17.464222 -91.836884
v -1.426817 -3.350570 38.903877
v -1.407129 15.095889 45.413452
v -3.288997 -2.816364 38.692581
v -1.331260 24.460308 -79.397675
v -1.330857 21.422461 -85.417770
v -4.284967 25.876226 -79.983368
v -1.330857 21.422461 -85.417770
v -1.331260 24.460308 -79.397675
v -12.926846 36.635616 12.492932
v -8.748621 35.171246 -7.613925
v -0.573902 23.223881 -90.545273
v 4.650512 31.395016 -142.941345
v -11.120702 25.232647 42.288162
v -13.041917 37.107063 -7.519183
v -12.849360 37.456535 -0.041248
v -13.437276 41.206959 -0.043552
v -13.826836 12.265551 83.954514
v -5.958385 35.863781 -49.682362
v -3.821795 35.548954 -45.116306
v -3.345133 35.979511 -51.267643
v -8.857563 17.791872 48.543228
v -1.375677 21.792856 -56.433945
v -4.230356 20.479889 -53.775772
v -1.340804 22.730404 -65.403824
v -7.281769 21.294823 -54.962616
v -1.434315 17.355518 47.869339
v -2.314352 39.281616 -60.405643
v 7.126649 18.885887 43.256355
v 7.442662 21.607203 41.023811
v -4.012648 24.410803 -68.969666
v -7.832926 24.667236 -59.288071
v -12.280232 23.171766 -48.404053
v -2.314352 39.281616 -60.405643
v -3.358829 40.449806 -32.793980
v -4.101241 39.157230 -59.292545
v -6.370830 40.937340 -43.631672
v -6.370830 40.937340 -43.631672
v -14.770121 31.848331 120.059944
v -10.868818 33.554890 -45.576679
v -9.481499 35.363930 -55.873371
v -11.465023 32.505344 -38.494984
v -11.206918 38.343704 -47.755421
v -11.044867 34.244072 -37.767216
v -15.016349 39.965385 -46.226460
v -5.673447 30.937492 -59.303364
v -4.276219 24.741995 -53.295868
v -8.037327 28.604652 -55.287098
v -5.673447 30.937492 -59.303364
v -5.098821 25.416328 -58.794788
v -4.276219 24.741995 -53.295868
v -8.423802 24.698969 -47.297318
v -10.584213 29.174950 -41.144337
v -5.122684 35.649002 -37.423054
v -5.182898 35.737850 -63.936741
v -5.122684 35.649002 -37.423054
v -7.186672 37.553844 -64.837524
v -5.122684 35.649002 -37.423054
v -11.044867 34.244072 -37.767216
v -5.122684 35.649002 -37.423054
v -11.465023 32.505344 -38.494984
v -11.044867 34.244072 -37.767216
v -10.584213 29.174950 -41.144337
v -11.230840 25.131319 -46.376694
v -14.307489 25.209972 -45.348358
v -11.465023 32.505344 -38.494984
v -15.138221 33.084106 -35.551579
v -11.044867 34.244072 -37.767216
v -15.138221 33.084106 -35.551579
v -15.388736 30.755846 -33.639866
v -14.111382 21.972406 -44.130692
v 1.155169 23.126163 -50.747726
v -1.348624 26.056005 -55.932453
v -1.375677 21.792856 -56.433945
v -3.860952 23.126162 -50.775925
v -1.348624 26.056005 -55.932453
v 1.155169 23.126163 -50.747726
v -1.353053 26.025219 -50.567356
v -1.348624 26.056005 -55.932453
v -3.860952 23.126162 -50.775925
v -1.348624 26.056005 -55.932453
v -1.353053 26.025219 -50.567356
v -1.355919 21.442377 -47.340393
v -1.355919 21.442377 -47.340393
v 2.350844 22.440432 -46.538010
v 2.350844 22.440432 -46.538010
v 1.155169 23.126163 -50.747726
v -5.063567 22.440432 -46.579666
v -6.479124 40.317677 -65.182831
v -4.101241 39.157230 -59.292545
v -5.063567 22.440432 -46.579666
v -3.860952 23.126162 -50.775925
v -6.756183 22.324762 -42.413284
v -7.539292 24.751616 -53.483368
v -8.423802 24.698969 -47.297318
v -11.721734 20.069506 -45.525955
v -8.565676 23.575148 -39.882385
v -4.896002 20.957365 -28.811190
v -8.162525 22.396793 -27.418398
v -10.328319 27.800425 -34.847599
v -8.565676 23.575148 -39.882385
v -9.961844 20.839651 -42.860397
v -6.756183 22.324762 -42.413284
v -10.328319 27.800425 -34.847599
v -10.996284 25.358650 -37.623310
v -8.565676 23.575148 -39.882385
v -9.961844 20.839651 -42.860397
v -10.996284 25.358650 -37.623310
v -6.076509 21.564322 -44.142380
v -2.198477 17.503183 -92.480408
v -0.690160 15.516244 -88.485413
v -2.626672 16.080328 -89.038376
v -5.677097 27.259609 -71.038040
v -5.564570 31.992334 -75.313644
v -4.311053 33.666397 -77.862411
v -4.150012 31.790491 -69.967484
v -14.696920 36.887226 88.305893
v -12.266432 40.130318 103.843163
v -13.903312 42.499832 103.183830
v -6.380913 40.953712 -71.432205
v -4.934945 37.962383 -76.395782
v -4.542647 38.174911 -71.365814
v -2.820608 37.420250 -84.745636
v -8.500210 38.310848 -86.276703
v -6.099989 37.160275 -86.026062
v -2.820608 37.420250 -84.745636
v -7.279036 41.640316 -83.598770
v -4.542647 38.174911 -71.365814
v -6.380913 40.953712 -71.432205
v -3.328217 32.098988 -58.613636
v -3.587888 35.564880 -63.183292
v -3.328217 32.098988 -58.613636
v -0.690160 15.516244 -88.485413
v -2.626672 16.080328 -89.038376
v -3.567075 21.538303 -86.565125
v -2.198477 17.503183 -92.480408
v -0.690160 15.516244 -88.485413
v 0.337419 40.769333 -134.576416
v -6.658224 42.822807 -38.430775
v -6.311410 43.792927 -45.611713
v -6.795795 42.197376 -45.421757
v -6.470933 42.820587 -63.856861
v -6.795795 42.197376 -45.421757
v -6.311410 43.792927 -45.611713
v -0.690160 15.516244 -88.485413
v -2.198477 17.503183 -92.480408
v -0.122551 17.464222 -91.836884
v -2.198477 17.503183 -92.480408
v -12.525405 36.203281 -99.275375
v -10.992643 34.422787 -99.011902
v -7.121606 36.437946 -94.238220
v -6.888126 40.258121 -90.398880
v -1.317617 43.340187 -78.045181
v -4.563971 40.092209 -88.113861
v -9.111094 35.982918 -99.785355
v -10.650457 37.215294 -99.759109
v -10.992643 34.422787 -99.011902
v -12.525405 36.203281 -99.275375
v -9.111094 35.982918 -99.785355
v -4.563971 40.092209 -88.113861
v -7.121606 36.437946 -94.238220
v -9.111094 35.982918 -99.785355
v -9.111094 35.982918 -99.785355
v -10.650457 37.215294 -99.759109
v -6.479124 40.317677 -65.182831
v -1.342224 43.261497 -63.689045
v 3.597068 43.792927 -45.556049
v -1.342224 43.261497 -63.689045
v -1.357114 44.854847 -45.653156
v -1.357114 44.854847 -45.653156
v 8.813959 42.235065 -31.237598
v 7.556892 42.852654 -23.898579
v 10.901905 40.196468 -30.763111
v 3.014978 45.004944 -22.452473
v 3.597068 43.792927 -45.556049
v -1.357114 44.854847 -45.653156
v 3.932023 42.822807 -38.371265
v -1.372468 46.017319 -27.054890
v -1.357114 44.854847 -45.653156
v -5.767357 45.005039 -22.499256
v -1.372468 46.017319 -27.054890
v 3.932023 42.822807 -38.371265
v 3.845485 42.774654 -27.323841
v 8.813959 42.235065 -31.237598
v 3.845485 42.774654 -27.323841
v -11.240088 42.311192 -31.204700
v -14.752602 42.508823 -44.877537
v -13.640603 40.196465 -30.901020
v -6.589927 42.774654 -27.382465
v -6.589927 42.774654 -27.382465
v -4.857295 20.921173 -9.547228
v -6.195964 20.538483 0.631651
v -9.159024 22.668087 -6.824602
v -11.355330 27.665064 0.059568
v -1.393928 20.221138 -1.053148
v -1.393159 18.204695 -1.984361
v -1.386062 20.525568 -10.818590
v 2.083431 20.921173 -9.508225
v -1.393928 20.221138 -1.053148
v -1.386062 20.525568 -10.818590
v 2.153971 20.957380 -28.771807
v 5.413255 22.396336 -27.141314
v -10.169942 31.932903 -28.277773
v -10.985659 33.090157 0.105650
v -8.860104 33.853516 -19.830584
v -13.547379 41.061554 -7.813449
v -13.606258 36.203350 -16.499529
v -13.041917 37.107063 -7.519183
v -13.766855 40.516132 -16.661488
v -13.606258 36.203350 -16.499529
v -13.547379 41.061554 -7.813449
v -10.169942 31.932903 -28.277773
v -8.860104 33.853516 -19.830584
v -14.376473 34.961796 -23.562151
v -15.069651 33.503429 -28.862688
v -14.376473 34.961796 -23.562151
v -14.909142 37.114780 -29.983934
v -15.069651 33.503429 -28.862688
v -14.198374 39.714706 -23.942585
v -13.606258 36.203350 -16.499529
v -13.766855 40.516132 -16.661488
v -10.306955 42.852654 -23.998951
v 10.843786 36.203358 -16.362169
v 11.448182 39.714710 -23.798481
v 11.004645 40.516132 -16.522297
v -14.671206 36.212570 -33.689716
v -10.263433 43.641430 -0.026767
v -10.221539 43.470810 -7.979755
v -5.226042 44.462128 1.479062
v -10.221539 43.470810 -7.979755
v -10.263433 43.641430 -0.026767
v -6.090688 43.614960 -12.218738
v -10.221539 43.470810 -7.979755
v -10.035699 43.153942 -16.745533
v -6.090688 43.614960 -12.218738
v -5.226042 44.462128 1.479062
v -11.240088 42.311192 -31.204700
v 3.845485 42.774654 -27.323841
v 7.273663 43.153942 -16.648273
v 7.556892 42.852654 -23.898579
v -14.671206 36.212570 -33.689716
v -14.909142 37.114780 -29.983934
v -1.488259 30.592991 95.792847
v 4.766454 31.430265 97.038406
v 6.875636 12.320526 72.166298
v 3.321213 43.614960 -12.165851
v 7.445027 43.470814 -7.880481
v 7.445027 43.470814 -7.880481
v 11.004645 40.516132 -16.522297
v -15.388736 30.755846 -33.639866
v -10.169942 31.932903 -28.277773
v -15.069651 33.503429 -28.862688
v -10.328319 27.800425 -34.847599
v -1.394635 45.703438 1.353406
v 2.433959 44.462128 1.522092
v -1.394635 45.703438 1.353406
v 3.321213 43.614960 -12.165851
v 2.433959 44.462128 1.522092
v -6.589927 42.774654 -27.382465
v -10.306955 42.852654 -23.998951
v 4.040729 22.325687 -42.346359
v 3.786715 42.820587 -63.799213
v 3.709450 40.953201 -71.388580
v 4.664185 41.594643 -83.701935
v 3.798662 40.319386 -65.152496
v 4.081136 42.197376 -45.360630
v -1.340804 22.730404 -65.403824
v 1.529547 20.479883 -53.743332
v 5.141160 24.667236 -59.215164
v 2.406258 25.416349 -58.752613
v 4.837944 24.751619 -53.413818
v 1.574591 24.741995 -53.263000
v -1.317617 43.340187 -78.045181
v 3.709450 40.953201 -71.388580
v 3.798662 40.319386 -65.152496
v 4.504065 37.553848 -64.771866
v -1.327143 39.573322 -81.956772
v -1.327143 39.573322 -81.956772
v 1.409510 39.157230 -59.261570
v 6.784075 35.363930 -55.781940
v 3.249543 35.864475 -49.633305
v 4.582861 21.294823 -54.895996
v 1.336900 24.410803 -68.939606
v 9.570451 23.171772 -48.281281
v 3.004750 27.259615 -70.989288
v 4.247728 40.258125 -90.336319
v 8.025480 37.215302 -99.654190
v 6.486176 35.982918 -99.697708
v 8.025480 37.215302 -99.654190
v 9.899611 36.203289 -99.149368
v 8.366431 34.422787 -98.903137
v 6.486176 35.982918 -99.697708
v 6.486176 35.982918 -99.697708
v 5.852990 38.310852 -86.196045
v 1.916823 40.093552 -88.064682
v 6.486176 35.982918 -99.697708
v 4.487545 36.437946 -94.173004
v 5.338953 28.604601 -55.211872
v 2.498835 35.737854 -63.893589
v 2.981722 30.937492 -59.254719
v 0.902562 35.564796 -63.158619
v -9.895212 10.527681 85.843124
v 1.470919 31.773062 -69.727173
v 2.981722 30.937492 -59.254719
v 0.635375 32.098988 -58.591358
v 0.635375 32.098988 -58.591358
v 1.916823 40.093552 -88.064682
v 1.870846 38.174911 -71.329773
v 1.649983 33.666397 -77.828934
v -1.434617 22.254168 48.234215
v 2.271976 37.960220 -76.377686
v 1.870846 38.174911 -71.329773
v 4.081136 42.197376 -45.360630
v 1.574591 24.741995 -53.263000
v 0.173613 37.424873 -84.740280
v -1.327143 39.573322 -81.956772
v -1.327143 39.573322 -81.956772
v 0.173613 37.424873 -84.740280
v 0.640161 35.979511 -51.245243
v -0.373949 39.282345 -60.413059
v -0.373949 39.282345 -60.413059
v 1.409510 39.157230 -59.261570
v 0.623353 40.449806 -32.771610
v 3.653219 40.937340 -43.575336
v 4.081136 42.197376 -45.360630
v 3.653219 40.937340 -43.575336
v 8.268717 25.358652 -37.515064
v 12.654550 30.755850 -33.482304
v 7.618994 27.835100 -34.715321
v 7.618994 27.835100 -34.715321
v 12.654550 30.755850 -33.482304
v 7.447021 31.963326 -28.231508
v 2.393969 35.648785 -37.380543
v 12.327579 33.503433 -28.708757
v 12.407193 33.084106 -35.396824
v 11.394536 21.972420 -43.987381
v 11.592825 25.210579 -45.202911
v 8.736037 32.510353 -38.372593
v 8.317532 34.244076 -37.658421
v 8.154381 33.554897 -45.469807
v 8.736037 32.510353 -38.372593
v 7.862462 29.174953 -41.040699
v 8.519457 25.132286 -46.264755
v 7.862462 29.174953 -41.040699
v 8.736037 32.510353 -38.372593
v 12.407193 33.084106 -35.396824
v -3.358829 40.449806 -32.793980
v 1.106662 35.548954 -45.088627
v 2.393969 35.648785 -37.380543
v 0.623353 40.449806 -32.771610
v 2.393969 35.648785 -37.380543
v 12.168920 37.114784 -29.831804
v 11.933967 36.215706 -33.570805
v 12.168920 37.114784 -29.831804
v 11.933967 36.215706 -33.570805
v 2.393969 35.648785 -37.380543
v 8.317532 34.244076 -37.658421
v 8.317532 34.244076 -37.658421
v 8.317532 34.244076 -37.658421
v 8.507477 38.374111 -47.704319
v 12.302943 39.965389 -46.072956
v 6.103176 33.853519 -19.746508
v 7.447021 31.963326 -28.231508
v 11.625656 34.961800 -23.416063
v 12.327579 33.503433 -28.708757
v 12.036968 42.508831 -44.727024
v 10.843786 36.203358 -16.362169
v 11.625656 34.961800 -23.416063
v 5.712233 24.698971 -47.217880
v 10.218825 44.352158 -44.914967
v 3.932023 42.822807 -38.371265
v 12.168920 37.114784 -29.831804
v 12.327579 33.503433 -28.708757
v 5.359983 44.536907 -45.704945
v 12.036968 42.508831 -44.727024
v 9.007313 20.069529 -45.409531
v 5.841863 23.575151 -39.801422
v 5.712233 24.698971 -47.217880
v 7.618994 27.835100 -34.715321
v 5.841863 23.575151 -39.801422
v 4.040729 22.325687 -42.346359
v 7.242936 20.839653 -42.763718
v 5.841863 23.575151 -39.801422
v 8.268717 25.358652 -37.515064
v 7.242936 20.839653 -42.763718
v 3.359753 21.564322 -44.089371
v -8.759010 37.341587 283.235138
v -9.665006 37.610355 279.547516
v -5.843278 31.377226 276.849945
v -4.012486 37.987164 282.564697
v -6.792429 33.089363 274.722351
v -6.792429 33.089363 274.722351
v -9.665006 37.610355 279.547516
v -5.004128 35.293755 275.679596
v -4.470418 31.531256 274.156372
v -1.928182 32.654858 275.706482
v -2.938279 38.799290 279.701538
v -1.954533 34.704971 276.037018
v -1.954533 34.704971 276.037018
v -9.123598 39.353176 283.400330
v -2.689326 39.682770 281.438568
v -9.989335 38.692348 279.532104
v -9.989335 38.692348 279.532104
v -6.397405 39.185932 278.856720
v -9.875657 41.128231 276.370300
v -9.407495 44.995827 278.364075
v -4.544984 44.437973 278.265076
v -4.784291 40.630646 275.475830
v -9.875657 41.128231 276.370300
v -2.938279 38.799290 279.701538
v -2.689326 39.682770 281.438568
v -2.947257 42.334045 277.186829
v -2.947257 42.334045 277.186829
v -3.261097 34.103310 269.434204
v -1.159839 34.927654 270.313293
v -5.269875 36.015316 270.154724
v -5.269875 36.015316 270.154724
v -1.648929 36.210629 271.036499
v -3.261097 34.103310 269.434204
v -5.269875 36.015316 270.154724
v -1.648929 36.210629 271.036499
v -1.648929 36.210629 271.036499
v -1.159839 34.927654 270.313293
v -7.327116 40.095665 270.178345
v -9.058777 43.985424 275.726929
v -7.327116 40.095665 270.178345
v -7.217603 42.928413 262.614563
v -0.914597 41.116245 270.614746
v -3.592446 44.652287 276.325317
v -0.914597 41.116245 270.614746
v -2.811516 39.105362 257.950470
v -0.825303 42.996994 257.450623
v -8.899710 36.772087 235.939377
v -5.131898 35.659943 237.184219
v -4.931021 35.268322 234.336670
v -10.937664 35.877647 236.914368
v -13.201656 37.188034 223.072693
v -12.035253 33.485477 234.008224
v -13.201656 37.188034 223.072693
v -8.633795 31.060381 235.837189
v -12.035253 33.485477 234.008224
v -11.096416 34.503784 239.111084
v 1.062184 43.571568 232.773376
v -0.190326 45.246178 243.619812
v -0.516987 43.859802 247.360397
v -3.281074 44.349926 232.690994
v -4.679309 45.531151 244.939545
v -2.442362 45.588402 246.030884
v -4.686210 44.102276 256.228699
v -8.181856 42.512688 233.252472
v -7.662420 42.554050 249.527618
v 2.719912 38.076138 231.522583
v 2.719912 38.076138 231.522583
v 0.255840 40.380611 249.823853
v -2.870502 36.486637 233.888428
v -8.215515 37.389042 233.938980
v 0.255840 40.380611 249.823853
v -8.215515 37.389042 233.938980
v -8.476027 41.797665 244.606140
v -7.365120 41.133919 245.913452
v -10.937664 35.877647 236.914368
v -5.941251 34.419125 239.400421
v -8.874934 34.064724 240.048126
v -8.838266 40.623859 245.976074
v -11.096416 34.503784 239.111084
v -9.947371 41.257343 245.290710
v -8.476027 41.797665 244.606140
v -8.838266 40.623859 245.976074
v -7.365120 41.133919 245.913452
v -9.947371 41.257343 245.290710
v -5.941251 34.419125 239.400421
v -7.365120 41.133919 245.913452
v -7.328340 39.085125 249.627457
v -7.328340 39.085125 249.627457
v -4.931021 35.268322 234.336670
v -5.131898 35.659943 237.184219
v -4.714535 26.679100 245.030899
v -5.941251 34.419125 239.400421
v -6.463800 45.444603 276.273468
v -5.397203 31.326315 236.360291
v -5.471937 25.661844 244.578476
v -5.397203 31.326315 236.360291
v -5.471937 25.661844 244.578476
v -8.288841 25.436516 245.227234
v -10.440496 29.331085 240.909180
v -8.078470 27.235531 246.098953
v -6.351546 27.405964 245.917175
v -8.874934 34.064724 240.048126
v -10.440496 29.331085 240.909180
v -8.288841 25.436516 245.227234
v -6.351546 27.405964 245.917175
v -8.078470 27.235531 246.098953
v -8.288841 25.436516 245.227234
v -5.471937 25.661844 244.578476
v -4.714535 26.679100 245.030899
v 5.680952 33.126492 247.030487
v 1.891308 34.430431 245.303558
v 3.544820 31.855927 251.280487
v 1.891308 34.430431 245.303558
v 5.545390 33.056393 246.790039
v 3.544820 31.855927 251.280487
v 3.277990 33.803432 241.100403
v 3.277990 33.803432 241.100403
v 5.715971 29.615612 251.993256
v 8.940496 29.996668 249.859283
v 6.335491 29.829937 252.200653
v 7.382819 41.204708 276.768860
v 11.200390 38.099419 261.346588
v 7.323915 38.502590 262.751434
v 8.802267 39.657978 276.975220
v 12.563065 35.593597 261.334534
v 5.468750 36.176048 261.239960
v 4.031746 39.910271 276.833557
v 5.278523 41.269592 276.896179
v 6.901634 38.272202 276.979858
v 9.692314 34.146812 262.510864
v 8.802267 39.657978 276.975220
v 4.686948 38.311008 277.162231
v 6.203248 33.965038 260.848633
v 12.563065 35.593597 261.334534
v 6.662283 41.629002 277.723938
v 4.192004 39.869114 277.758148
v 10.959892 38.492565 279.583801
v 10.959892 38.492565 279.583801
v 8.831698 36.147449 278.531860
v 2.132188 41.332779 228.287506
v 5.117023 37.518555 248.445892
v 4.096046 40.484901 247.598862
v 9.813611 34.435936 258.490845
v 12.004802 39.317291 248.533234
v 6.335491 29.829937 252.200653
v 5.715971 29.615612 251.993256
v 5.715971 29.615612 251.993256
v 5.545390 33.056393 246.790039
v 6.335491 29.829937 252.200653
v 8.940496 29.996668 249.859283
v 5.680952 33.126492 247.030487
v 7.346713 38.790028 259.832764
v 12.004802 39.317291 248.533234
v 6.456716 42.510956 247.447632
v 8.522503 42.767170 240.091339
v 6.689864 33.384605 242.612335
v 6.689864 33.384605 242.612335
v 3.277990 33.803432 241.100403
v 3.277990 33.803432 241.100403
v 7.232471 38.030704 238.917542
v 2.719912 38.076138 231.522583
v 9.681939 39.723240 232.303375
v 4.311049 42.936260 232.569107
v 9.681939 39.723240 232.303375
v 7.228104 37.613029 281.360535
v 9.733773 35.359016 281.394470
v 6.392802 36.192554 280.036804
v 8.831698 36.147449 278.531860
v 6.392802 36.192554 280.036804
v 8.831698 36.147449 278.531860
v 9.733773 35.359016 281.394470
v -6.448144 35.305431 226.102798
v -6.182180 37.807949 227.014282
v -8.899710 36.772087 235.939377
v -0.089477 33.180145 221.177460
v 4.719004 35.652836 219.208649
v -9.290007 40.497837 223.464050
v -11.913688 40.426601 221.925400
v -6.454337 39.960762 221.195740
v -9.290007 40.497837 223.464050
v -9.540208 45.611481 227.136459
v -11.913688 40.426601 221.925400
v -6.940312 41.669521 209.345184
v -6.454337 39.960762 221.195740
v -7.219728 45.454594 227.695587
v 2.132188 41.332779 228.287506
v 2.042930 43.204342 219.671890
v 2.042930 43.204342 219.671890
v -12.739360 39.955761 216.148956
v -9.314662 46.503288 226.590591
v -12.739360 39.955761 216.148956
v -7.939963 46.797523 226.161026
v -8.793400 41.038040 215.675598
v -5.504822 38.213623 216.035385
v -6.795241 46.327019 226.506256
v -6.454337 39.960762 221.195740
v 5.134982 42.637367 218.018677
v -1.768013 43.879848 215.111420
v 4.719004 35.652836 219.208649
v 7.327030 38.929482 218.296173
v 5.134982 42.637367 218.018677
v 7.327030 38.929482 218.296173
v -7.219728 45.454594 227.695587
v -9.314662 46.503288 226.590591
v -9.540208 45.611481 227.136459
v -7.939963 46.797523 226.161026
v -7.219728 45.454594 227.695587
v -6.795241 46.327019 226.506256
v -7.219728 45.454594 227.695587
v 0.059401 53.163761 118.272598
v 3.387961 52.512333 124.435898
v 5.990031 51.632172 120.054344
v 6.502457 49.573818 128.471878
v 3.020814 51.971447 127.973732
v 4.620797 50.523048 130.859879
v 9.395707 46.202343 118.951225
v 8.493697 42.354309 122.820763
v 8.456314 43.170158 135.412720
v -1.491575 53.022732 125.299606
v -6.005102 52.832161 118.468414
v -6.584922 52.524967 123.335068
v -5.721613 52.080368 126.719727
v 3.020814 51.971447 127.973732
v -1.491575 53.022732 125.299606
v 0.410449 50.644547 128.236496
v 4.620797 50.523048 130.859879
v 3.020814 51.971447 127.973732
v 0.410449 50.644547 128.236496
v 2.261669 48.815029 133.340286
v 4.620797 50.523048 130.859879
v -4.144055 51.047672 126.548874
v 0.410449 50.644547 128.236496
v -4.144055 51.047672 126.548874
v -5.721613 52.080368 126.719727
v -7.332128 50.954754 130.466949
v -10.027927 50.363777 125.646820
v -7.332128 50.954754 130.466949
v -7.332128 50.954754 130.466949
v -5.402215 49.218533 131.084824
v -11.368833 46.676674 129.270416
v 4.945551 48.175594 135.998795
v 6.317791 46.103878 137.530838
v 4.945551 48.175594 135.998795
v 3.624175 45.694275 144.012894
v 5.883476 43.788090 154.274490
v 2.123904 45.112911 146.204910
v 1.281245 46.742020 138.574707
v 3.624175 45.694275 144.012894
v 4.945551 48.175594 135.998795
v 2.123904 45.112911 146.204910
v 3.624175 45.694275 144.012894
v -0.420096 44.715992 143.202408
v -0.420096 44.715992 143.202408
v -3.114781 45.099510 141.385132
v -5.366606 47.037491 135.824158
v -5.892715 47.069691 141.714874
v -7.332128 50.954754 130.466949
v -5.366606 47.037491 135.824158
v -5.402215 49.218533 131.084824
v -7.385740 48.804276 136.259094
v -7.385740 48.804276 136.259094
v -7.385740 48.804276 136.259094
v -5.892715 47.069691 141.714874
v 10.275804 28.584692 151.693817
v 7.635896 33.059608 156.276917
v 10.358132 25.315081 155.781952
v 5.360130 30.992760 156.444626
v 4.529027 30.133045 123.614555
v -1.438452 34.280106 139.712021
v 5.174900 30.729776 139.614471
v 5.225464 31.108040 150.241302
v 7.093346 27.318310 168.847061
v 4.590780 31.244095 168.835556
v 4.616650 31.699951 184.141556
v 2.871213 -3.594975 80.708771
v 1.153628 -10.858919 79.987442
v -1.539054 -5.181842 79.988991
v -1.453596 -5.145758 80.169403
v 1.153628 -10.858919 79.987442
v 2.871213 -3.594975 80.708771
v -1.454826 -13.082292 80.799767
v -1.454826 -13.082292 80.799767
v -6.302306 -3.509415 80.555130
v -1.539054 -5.181842 79.988991
v -4.074605 -10.860085 79.956619
v -1.453596 -5.145758 80.169403
v -6.302306 -3.509415 80.555130
v -4.074605 -10.860085 79.956619
v -1.454826 -13.082292 80.799767
v -1.454826 -13.082292 80.799767
v 7.134674 26.617487 151.013260
v 4.354407 31.107298 150.449417
v 6.321073 27.623730 151.516479
v 4.590780 31.244095 168.835556
v 6.225658 23.921448 156.499695
v 8.579008 22.333696 152.019455
v 6.001747 23.343746 152.080109
v 7.093346 27.318310 168.847061
v 5.834350 22.564503 152.110291
v 5.162010 20.577507 148.356186
v 5.093031 18.868845 154.711807
v 3.643899 19.259388 152.767700
v 2.208244 20.863577 152.643799
v 5.069322 19.983332 156.472260
v -10.699727 24.002352 142.178024
v -11.372673 25.826454 144.534332
v -8.284950 27.033325 145.619873
v -10.315989 24.644482 145.251053
v -8.107312 22.570414 143.256439
v -8.533752 25.919205 146.703430
v -8.284950 27.033325 145.619873
v -11.771805 27.233036 146.660538
v -8.533752 25.919205 146.703430
v -8.284950 27.033325 145.619873
v -11.372673 25.826454 144.534332
v -11.771805 27.233036 146.660538
v -10.315989 24.644482 145.251053
v -8.533752 25.919205 146.703430
v -11.771805 27.233036 146.660538
v -11.771805 27.233036 146.660538
v -11.372673 25.826454 144.534332
v -1.530811 18.724722 149.692123
v 5.162010 20.577507 148.356186
v 5.834350 22.564503 152.110291
v -10.750834 20.526731 159.566330
v -3.817838 17.033327 156.657440
v -9.432037 20.271236 160.760437
v -2.776963 18.419163 158.145920
v -9.432037 20.271236 160.760437
v -10.000508 22.164679 159.081467
v -10.750834 20.526731 159.566330
v 2.208244 20.863577 152.643799
v -1.867939 21.133715 155.576324
v 6.001747 23.343746 152.080109
v -1.271108 20.290928 153.299347
v -0.620708 20.837854 157.351395
v -5.527761 19.838280 154.489182
v -9.432037 20.271236 160.760437
v -7.778918 21.788839 160.218994
v -7.778918 21.788839 160.218994
v -7.778918 21.788839 160.218994
v -10.000508 22.164679 159.081467
v -9.541848 23.576218 168.757965
v -8.958696 22.676884 151.811584
v -0.620708 20.837854 157.351395
v -1.403955 21.093437 168.833618
v -5.241846 17.662302 155.147430
v -5.527761 19.838280 154.489182
v -7.959381 19.283014 146.919312
v -10.000508 22.164679 159.081467
v 6.457490 23.602598 168.846146
v -14.909142 37.114780 -29.983934
v -9.038996 29.887047 95.632378
v -4.953933 31.582592 97.056122
v -8.856213 30.929455 82.119705
v 6.875636 12.320526 72.166298
v 9.960625 12.703247 70.877922
v 10.475965 13.445850 72.674568
v -9.591719 34.102699 213.468460
v -9.599552 35.407448 223.811203
v -13.689959 36.258076 215.505142
v -6.523044 35.982746 218.243164
v -6.448144 35.305431 226.102798
v -3.077733 33.081570 222.133820
v -7.949378 33.946796 218.942413
v -8.203677 26.840851 215.809845
v -7.949378 33.946796 218.942413
v -7.943021 33.954704 208.867584
v -3.077733 33.081570 222.133820
v -9.262482 29.272964 222.977158
v -3.873564 30.682663 224.420349
v -13.421202 30.970013 205.045273
v -4.906389 31.944506 208.944519
v -0.089477 33.180145 221.177460
v 2.028184 28.524288 222.731781
v 2.028184 28.524288 222.731781
v 5.720921 34.842113 211.085098
v -0.089477 33.180145 221.177460
v 4.719004 35.652836 219.208649
v -13.689959 36.258076 215.505142
v -10.113839 33.973511 200.656113
v -8.793400 41.038040 215.675598
v -7.373184 37.514267 207.066635
v -5.504822 38.213623 216.035385
v -3.567480 34.796539 208.072083
v -0.274013 26.152937 199.404648
v -8.600616 25.422436 201.098160
v 0.134135 31.849850 199.891846
v -4.906389 31.944506 208.944519
v -0.274013 26.152937 199.404648
v 3.161368 31.916840 192.091492
v -3.657828 16.455448 197.636215
v 6.011964 22.288948 191.885773
v 3.292451 18.908354 199.722382
v 3.292451 18.908354 199.722382
v 6.011964 22.288948 191.885773
v -0.274013 26.152937 199.404648
v 3.952234 31.592548 208.765045
v 2.795323 26.542183 215.373474
v -2.398146 28.770582 208.556793
v 2.795323 26.542183 215.373474
v 3.952234 31.592548 208.765045
v -11.248951 28.121519 191.136337
v -12.177725 25.797970 196.154694
v 7.327030 38.929482 218.296173
v -8.203677 26.840851 215.809845
v -7.943021 33.954704 208.867584
v 7.153171 38.696022 204.916901
v 7.153171 38.696022 204.916901
v 7.327030 38.929482 218.296173
v -7.949378 33.946796 218.942413
v -8.203677 26.840851 215.809845
v -8.572609 27.241259 220.660873
v 6.011964 22.288948 191.885773
v 6.875619 23.689266 184.185287
v -1.335685 44.230991 175.892532
v -5.742741 42.420120 189.923264
v -0.103135 44.114796 189.954956
v 4.845353 42.512032 196.463852
v 6.772270 38.534504 176.111237
v 7.819395 38.217468 189.999466
v 2.421617 33.802368 178.973160
v 7.819395 38.217468 189.999466
v 4.567473 34.479702 189.981201
v 4.703331 34.370716 201.518799
v -13.421202 30.970013 205.045273
v -7.601193 36.655563 201.651566
v -1.457614 33.744083 198.367935
v -3.726714 34.224548 194.945068
v -7.464693 37.607891 189.913589
v 4.703331 34.370716 201.518799
v 4.567473 34.479702 189.981201
v -7.601193 36.655563 201.651566
v -7.191653 32.476475 189.829895
v 3.537657 42.987122 175.993439
v -10.206342 37.370228 176.077637
v -7.464693 37.607891 189.913589
v 2.421617 33.802368 178.973160
v -1.714023 33.776638 184.119171
v 10.400794 38.629513 138.109009
v 10.033484 40.406242 145.938339
v 6.301278 35.362968 148.061859
v 10.400794 38.629513 138.109009
v 10.033484 40.406242 145.938339
v 11.230598 35.489372 129.261612
v -0.829575 32.833172 137.432816
v -0.839585 32.815117 175.033707
v 6.772270 38.534504 176.111237
v 6.751053 38.119572 152.866486
v 9.308571 41.412422 153.810043
v 9.308571 41.412422 153.810043
v 5.358496 37.576263 159.179932
v 8.304749 32.864059 150.671890
v 4.354407 31.107298 150.449417
v 0.988882 32.708523 148.162018
v 8.304749 32.864059 150.671890
v 7.635896 33.059608 156.276917
v 7.148841 39.790737 166.581512
v -0.839585 32.815117 175.033707
v -2.714235 32.874866 164.432953
v 1.046512 32.548664 158.095825
v 5.360130 30.992760 156.444626
v 6.772270 38.534504 176.111237
v 7.148841 39.790737 166.581512
v 3.537657 42.987122 175.993439
v 6.772270 38.534504 176.111237
v -1.335685 44.230991 175.892532
v -10.206342 37.370228 176.077637
v -3.214170 43.631958 162.233002
v -9.692413 27.468410 147.299988
v -6.289394 32.024261 168.774765
v -6.410389 32.454456 144.151611
v -1.543493 33.582230 168.500732
v -1.543493 33.582230 168.500732
v -1.438452 34.280106 139.712021
v -9.853243 43.857220 156.903549
v -12.993884 40.330082 143.112579
v -12.483693 41.336823 157.474442
v -0.377513 34.040474 151.944885
v -12.483693 41.336823 157.474442
v -12.993884 40.330082 143.112579
v -3.143726 31.976171 134.285767
v -6.007671 31.345154 123.567383
v -5.158312 44.575420 156.002930
v -6.277823 42.870750 175.846313
v -3.200890 32.998260 164.381165
v -12.191827 38.006912 166.406326
v -12.191827 38.006912 166.406326
v -8.443107 30.076979 169.754059
v -13.450290 31.377518 172.190872
v -12.225593 35.098568 173.047546
v -13.450290 31.377518 172.190872
v -4.138201 31.804869 167.915604
v -6.277823 42.870750 175.846313
v -10.206342 37.370228 176.077637
v -1.543493 33.582230 168.500732
v -6.289394 32.024261 168.774765
v -0.839585 32.815117 175.033707
v -5.977374 33.446030 178.843536
v -7.892207 32.714092 176.114731
v -8.161711 44.510979 145.118225
v -4.433752 45.888783 144.695740
v -1.205699 44.701260 146.838409
v -1.268685 43.744598 144.599854
v -4.433752 45.888783 144.695740
v -1.205699 44.701260 146.838409
v -1.268685 43.744598 144.599854
v -1.205699 44.701260 146.838409
v -12.225593 35.098568 173.047546
v -7.737192 31.207306 174.491943
v -9.912015 28.166059 168.755859
v -10.436160 30.938171 175.647385
v -3.114781 45.099510 141.385132
v -5.892715 47.069691 141.714874
v -12.214973 31.555038 174.313431
v -13.450290 31.377518 172.190872
v -12.987485 26.600689 176.369324
v -13.234896 25.087181 175.666672
v -9.632141 19.635168 181.031372
v -9.541848 23.576218 168.757965
v -10.605320 28.009935 171.891052
v -9.622904 21.126865 177.337616
v -7.805685 26.872574 174.206726
v -6.493738 21.803316 178.214966
v -11.448013 23.733183 180.076401
v -6.493738 21.803316 178.214966
v -7.805685 26.872574 174.206726
v -2.728491 17.993837 183.220123
v -2.581162 20.360092 183.935760
v -11.448013 23.733183 180.076401
v -2.581162 20.360092 183.935760
v -9.541848 23.576218 168.757965
v -1.467769 20.462763 186.967987
v -10.260275 23.360449 184.152893
v -0.263088 18.354298 182.087341
v -0.966642 19.746410 181.112213
v 4.987455 19.497705 183.746124
v 4.099085 20.858624 185.192444
v 3.741153 20.633474 182.439713
v -0.966642 19.746410 181.112213
v 3.741153 20.633474 182.439713
v 4.099085 20.858624 185.192444
v -1.403955 21.093437 168.833618
v 6.875619 23.689266 184.185287
v -10.260275 23.360449 184.152893
v -13.450290 31.377518 172.190872
v -10.436160 30.938171 175.647385
v -10.948529 21.931976 191.972351
v -10.436160 30.938171 175.647385
v -12.214973 31.555038 174.313431
v -7.959381 19.283014 146.919312
v -8.958696 22.676884 151.811584
v -8.443107 30.076979 169.754059
v -10.948529 21.931976 191.972351
v -7.737192 31.207306 174.491943
v -9.912015 28.166059 168.755859
v -10.605320 28.009935 171.891052
v -8.443107 30.076979 169.754059
v -9.541848 23.576218 168.757965
v 4.987455 19.497705 183.746124
v 3.741153 20.633474 182.439713
v 4.099085 20.858624 185.192444
v -5.650183 -22.038622 276.547302
v -9.053255 -19.426947 278.367554
v -9.551701 -21.167994 276.273621
v -4.780720 -20.196245 278.592712
v -10.278253 -17.632608 273.904388
v -9.618155 -15.078718 276.675201
v -0.844319 -18.776560 277.123352
v -1.696767 -20.806389 274.888184
v -1.918071 -10.345536 279.983521
v -5.813661 -9.856809 279.941040
v -1.925420 -15.955542 273.913086
v 0.306175 -8.389042 274.901245
v 2.862015 -5.043843 276.987762
v -5.622354 -21.580761 264.473846
v -8.928024 -21.238495 264.206146
v -6.246183 -15.917728 272.328674
v -10.201250 -17.963427 264.359894
v -10.278253 -17.632608 273.904388
v -10.201250 -17.963427 264.359894
v -3.192438 16.175953 220.447174
v -2.299289 -17.221741 272.149933
v -8.362232 17.730698 222.890778
v -8.572609 27.241259 220.660873
v -8.203677 26.840851 215.809845
v -1.266364 -19.927279 264.963806
v 1.620416 18.762247 223.344788
v -1.388336 -15.318486 260.716614
v -9.618155 -15.078718 276.675201
v -6.062465 -14.955906 273.647034
v -5.555884 -1.684415 244.071899
v -7.961634 19.063744 226.422943
v -5.670752 -3.584112 240.109283
v 6.505100 -3.958276 260.816742
v 11.083438 -5.484365 261.264221
v 7.185732 -3.967855 260.263184
v 7.185732 -3.967855 260.263184
v 2.522355 -4.990149 260.096375
v 6.505100 -3.958276 260.816742
v -4.424831 -7.328904 274.768097
v -8.362232 17.730698 222.890778
v 13.246146 -10.008607 262.034363
v 9.541193 -9.516023 262.404602
v 11.083438 -5.484365 261.264221
v 13.246146 -10.008607 262.034363
v 9.541193 -9.516023 262.404602
v 6.030595 -11.588680 262.035950
v 6.027892 -11.693083 261.791626
v -8.003311 -7.404146 268.573578
v -2.504490 -12.197336 271.080872
v -8.694597 -11.215645 269.973083
v -6.288181 -13.912810 260.293243
v 7.185732 -3.967855 260.263184
v -1.511016 -1.377175 246.213501
v 4.119617 -3.297990 243.623901
v -4.326102 19.425947 227.406555
v -2.299289 -17.221741 272.149933
v -1.925420 -15.955542 273.913086
v 0.306175 -8.389042 274.901245
v 6.505100 -3.958276 260.816742
v 2.522355 -4.990149 260.096375
v 6.030595 -11.588680 262.035950
v 6.027892 -11.693083 261.791626
v 2.842407 -9.286094 261.473602
v 2.842407 -9.286094 261.473602
v -1.388336 -15.318486 260.716614
v -1.983704 -13.873753 245.765564
v -5.670752 -3.584112 240.109283
v -0.456609 -4.296418 238.790558
v -4.191179 -8.889174 252.952805
v 4.119617 -3.297990 243.623901
v -8.798552 -12.141428 253.701447
v 1.002111 -11.323341 252.165085
v -0.370629 -9.450751 260.119385
v -0.370629 -9.450751 260.119385
v 10.175300 -16.297518 261.671753
v 10.175300 -16.297518 261.671753
v 6.166334 -19.221266 259.552002
v 6.166334 -19.221266 259.552002
v 6.166334 -19.221266 259.552002
v 1.763813 -16.011990 260.542664
v 1.763813 -16.011990 260.542664
v 6.166334 -19.221266 259.552002
v 0.503574 -14.907351 249.375397
v 1.002111 -11.323341 252.165085
v -7.449059 -14.289567 246.997055
v -2.234116 -16.858131 246.157104
v 1.620416 18.762247 223.344788
v -7.449059 -14.289567 246.997055
v -5.596397 -20.879700 245.753983
v -1.896521 -21.083317 245.877808
v -1.716467 -22.969736 248.059265
v -1.896521 -21.083317 245.877808
v -6.143417 -23.005079 247.742310
v -5.596397 -20.879700 245.753983
v -1.716467 -22.969736 248.059265
v -9.035801 -15.565893 251.003738
v -6.143417 -23.005079 247.742310
v -5.596397 -20.879700 245.753983
v -0.777791 -15.984911 252.390015
v 1.002111 -11.323341 252.165085
v -0.777791 -15.984911 252.390015
v -1.716467 -22.969736 248.059265
v -0.777791 -15.984911 252.390015
v -5.983377 -17.591923 252.231766
v -6.143417 -23.005079 247.742310
v -5.983377 -17.591923 252.231766
v -9.035801 -15.565893 251.003738
v -9.035801 -15.565893 251.003738
v -1.591957 -1.974424 270.819885
v 1.187160 -3.247123 272.966858
v -4.313520 0.646957 272.974335
v -3.532173 -7.337342 271.218445
v -4.365220 -0.853336 267.602112
v -5.228429 -0.809689 269.170868
v -3.191910 0.693558 270.607788
v 1.767450 -2.542912 271.583557
v 4.046700 -1.208771 274.399902
v 1.187160 -3.247123 272.966858
v 4.320661 -0.640812 271.219330
v 1.767450 -2.542912 271.583557
v 4.225293 -5.751837 267.545197
v 2.607771 -4.456023 265.758148
v 1.295024 2.696736 269.280975
v 0.359944 1.551532 277.008301
v 1.716767 3.584110 272.851013
v -4.313520 0.646957 272.974335
v -3.191910 0.693558 270.607788
v -4.365220 -0.853336 267.602112
v -7.147092 -1.779304 266.733215
v -8.126005 -0.870228 268.837891
v -4.365220 -0.853336 267.602112
v -5.228429 -0.809689 269.170868
v -8.126005 -0.870228 268.837891
v -4.699196 -7.385109 272.622925
v -0.789972 -11.096670 261.682617
v 1.617663 -10.948130 267.074585
v -3.871466 -8.473591 263.591125
v -3.871466 -8.473591 263.591125
v 3.490292 -11.420831 264.778595
v -2.653809 -9.200175 266.558289
v 1.617663 -10.948130 267.074585
v -5.315525 -10.399581 264.300110
v -5.705881 -4.039095 276.481323
v -3.532173 -7.337342 271.218445
v -2.504490 -12.197336 271.080872
v -4.365220 -0.853336 267.602112
v -7.147092 -1.779304 266.733215
v -8.003311 -7.404146 268.573578
v -7.147092 -1.779304 266.733215
v -9.211678 -7.655746 271.932159
v -8.694597 -11.215645 269.973083
v -9.321596 -13.323944 272.708374
v -0.802264 0.889151 283.319458
v -0.681683 0.523707 281.809418
v 1.411548 6.752787 279.130859
v -1.390388 7.875989 277.088165
v -0.681683 0.523707 281.809418
v -3.308765 0.296505 281.755981
v -5.705881 -4.039095 276.481323
v -0.802264 0.889151 283.319458
v -2.448018 6.273319 282.901520
v -4.034403 1.498356 283.516144
v -0.681683 0.523707 281.809418
v -0.802264 0.889151 283.319458
v -4.034403 1.498356 283.516144
v -3.308765 0.296505 281.755981
v 0.617234 -12.096048 267.261536
v 1.448115 -13.675693 263.791626
v -3.364885 -10.236088 266.655579
v 0.617234 -12.096048 267.261536
v -5.315525 -10.399581 264.300110
v -3.780314 -12.034754 262.358459
v -2.777305 -12.846273 269.895233
v -3.356204 -14.851253 270.930481
v -8.793396 -14.763581 269.333466
v -9.864979 -11.790176 269.448364
v -3.881615 -12.699455 272.865295
v -2.777305 -12.846273 269.895233
v -9.864979 -11.790176 269.448364
v -4.761639 8.995614 277.731384
v -5.113124 8.570023 280.394592
v -6.132703 11.891189 276.158936
v 0.902760 6.554883 282.080383
v -4.095354 6.958637 282.167938
v -2.448018 6.273319 282.901520
v 0.902760 6.554883 282.080383
v -2.965802 7.193235 288.073364
v -3.501787 9.433748 288.712891
v -4.095354 6.958637 282.167938
v -2.965802 7.193235 288.073364
v -0.652490 8.459545 288.395325
v -3.501787 9.433748 288.712891
v -0.652490 8.459545 288.395325
v -5.113124 8.570023 280.394592
v -1.904843 10.844870 281.874084
v -3.501787 9.433748 288.712891
v 0.555088 9.878435 282.132782
v -0.652490 8.459545 288.395325
v 0.902760 6.554883 282.080383
v -3.308765 0.296505 281.755981
v -4.034403 1.498356 283.516144
v -4.761639 8.995614 277.731384
v -5.113124 8.570023 280.394592
v 1.411548 6.752787 279.130859
v 3.024648 10.810072 274.982605
v 3.024648 10.810072 274.982605
v -2.455039 14.058424 276.045105
v 1.400688 13.034239 275.917847
v -6.260251 6.045804 260.346436
v -9.217154 1.874387 257.280579
v -7.923400 5.334318 262.312805
v -3.623685 29.011080 266.269104
v -5.164014 25.831182 263.972778
v -5.560367 28.949179 265.789856
v -5.136287 29.571314 267.243225
v -3.623685 29.011080 266.269104
v -5.560367 28.949179 265.789856
v -4.289221 23.894020 266.211731
v -5.136287 29.571314 267.243225
v -1.832285 23.433407 265.269653
v -2.855688 25.298008 272.658752
v -1.832285 23.433407 265.269653
v -4.289221 23.894020 266.211731
v -5.242905 26.460148 273.315063
v -2.793703 22.169157 272.420166
v -6.051302 26.888702 278.386047
v -9.212841 21.593296 261.772034
v -7.841096 23.425455 265.068909
v -5.136287 29.571314 267.243225
v -4.289221 23.894020 266.211731
v -7.841096 23.425455 265.068909
v -6.937721 24.294151 270.523590
v -8.926690 28.076550 276.710876
v -7.070494 24.908873 275.925598
v -6.260823 21.721258 271.572327
v -1.133042 20.737896 261.702179
v -4.289058 19.777391 269.302368
v -1.133042 20.737896 261.702179
v -2.366838 20.619123 269.085754
v -6.051302 26.888702 278.386047
v -4.498841 21.932230 273.521240
v -2.793703 22.169157 272.420166
v -2.793703 22.169157 272.420166
v -3.170903 19.138773 275.440308
v -2.366838 20.619123 269.085754
v -4.498841 21.932230 273.521240
v -3.360981 20.547628 276.465149
v -4.289058 19.777391 269.302368
v -2.366838 20.619123 269.085754
v -3.170903 19.138773 275.440308
v -5.681366 20.522896 270.378265
v -9.212841 21.593296 261.772034
v -8.767003 18.512682 278.799011
v -6.260823 21.721258 271.572327
v -5.681366 20.522896 270.378265
v -7.611732 32.279205 280.354095
v -8.164698 30.100197 277.704041
v -8.094357 32.839371 282.453979
v -9.437439 28.045696 279.180237
v -7.189553 19.284517 279.364044
v -6.137090 17.542601 280.045349
v -8.032324 16.641060 279.090790
v -6.137090 17.542601 280.045349
v -6.137090 17.542601 280.045349
v -7.189553 19.284517 279.364044
v -8.032324 16.641060 279.090790
v -8.767003 18.512682 278.799011
v 1.455297 13.140760 272.501678
v -3.393289 6.733569 260.688812
v -3.244315 14.285459 273.151337
v 2.478110 7.618275 267.815094
v -6.567230 11.735955 272.785553
v -5.059052 9.622151 273.429688
v -1.059975 5.946726 258.978455
v -3.181317 -1.790735 258.642242
v 2.478110 7.618275 267.815094
v -0.834455 8.290581 273.621460
v -5.059052 9.622151 273.429688
v -7.477647 -2.476269 256.131836
v -6.260251 6.045804 260.346436
v -7.138733 6.545876 258.130707
v -9.217154 1.874387 257.280579
v -5.081100 3.716085 255.591888
v -3.002264 12.795740 259.673401
v -1.800440 10.787954 258.469147
v -1.059975 5.946726 258.978455
v -0.922920 3.879112 256.883301
v 0.372193 -1.423619 255.377411
v -3.393289 6.733569 260.688812
v -3.393289 6.733569 260.688812
v -3.002264 12.795740 259.673401
v -3.916715 11.759816 257.941162
v -9.664367 33.311382 281.103638
v -8.094357 32.839371 282.453979
v -7.611732 32.279205 280.354095
v -9.664367 33.311382 281.103638
v -8.094357 32.839371 282.453979
v -1.800440 10.787954 258.469147
v -3.916715 11.759816 257.941162
v -3.002264 12.795740 259.673401
v -7.477647 -2.476269 256.131836
v 0.372193 -1.423619 255.377411
v -0.922920 3.879112 256.883301
v -2.497860 0.400509 249.052673
v -5.081100 3.716085 255.591888
v 5.174394 6.669610 247.316544
v 7.266065 -3.411039 259.145111
v 2.704498 4.454873 251.835785
v 8.987410 -2.738532 260.758972
v 7.160810 6.415461 253.712601
v 6.916692 -1.906303 261.136475
v 2.703614 6.186829 253.060226
v 5.179905 -2.919627 260.197083
v 8.037780 6.712302 250.277161
v 8.987410 -2.738532 260.758972
v 7.266065 -3.411039 259.145111
v 8.987410 -2.738532 260.758972
v 6.916692 -1.906303 261.136475
v 5.179905 -2.919627 260.197083
v -6.687092 10.162689 243.857529
v -8.556786 8.554380 241.538544
v -9.713496 7.906970 236.714722
v -6.857743 10.351582 243.908142
v -9.713496 7.906970 236.714722
v -8.556786 8.554380 241.538544
v -4.761282 10.178889 236.504944
v -3.973207 9.875690 236.814972
v -4.761282 10.178889 236.504944
v 2.297214 8.635532 244.977875
v 1.883455 10.866663 245.906509
v 3.601721 11.094224 238.006638
v -10.760793 13.317687 249.468140
v -12.204811 10.449648 247.749496
v -10.760793 13.317687 249.468140
v -12.204811 10.449648 247.749496
v 2.216999 22.704361 241.942017
v 8.738001 16.267406 231.405991
v 4.959106 16.817392 231.797089
v -5.169353 13.098503 246.820816
v -10.760793 13.317687 249.468140
v -6.687092 10.162689 243.857529
v -6.857743 10.351582 243.908142
v -10.760793 13.317687 249.468140
v -5.169353 13.098503 246.820816
v 4.039522 9.223983 251.590759
v -13.833083 15.701931 250.838181
v -13.833083 15.701931 250.838181
v -8.838568 16.497477 245.738953
v -4.551802 15.072259 255.149445
v -8.780588 16.107683 254.854538
v 8.738001 16.267406 231.405991
v 9.789769 11.887609 237.743011
v 9.120128 13.037842 230.178986
v 8.860859 14.803890 238.410217
v 6.787790 10.346696 237.588821
v 5.326361 11.730488 228.300812
v 1.781531 12.830786 229.227478
v -3.165967 11.192988 242.395859
v -3.165967 11.192988 242.395859
v 2.722690 14.377208 238.024567
v 2.495491 15.252858 232.806641
v -1.090967 13.247031 242.586624
v 4.613968 14.736142 239.702332
v -11.703177 8.017513 241.917175
v 5.656101 20.960308 241.157379
v 6.149246 25.995300 247.797516
v -11.703177 8.017513 241.917175
v 8.860859 14.803890 238.410217
v 4.574080 20.218002 243.964859
v 4.574080 20.218002 243.964859
v 2.326462 20.281427 245.554489
v 4.613968 14.736142 239.702332
v -1.772466 11.392282 238.393143
v -1.772466 11.392282 238.393143
v -3.973207 9.875690 236.814972
v 8.621457 29.776066 258.721130
v -4.761282 10.178889 236.504944
v -1.090967 13.247031 242.586624
v -3.973207 9.875690 236.814972
v -0.318449 20.247517 243.798828
v 2.722690 14.377208 238.024567
v 7.160810 6.415461 253.712601
v 6.912990 11.405027 246.849945
v 6.912990 11.405027 246.849945
v 6.928030 31.169918 257.428223
v 5.110967 30.574066 257.835022
v 5.435740 29.386072 258.498810
v 8.860859 14.803890 238.410217
v 8.860859 14.803890 238.410217
v -4.289058 19.777391 269.302368
v -9.737638 18.551048 253.877502
v -5.520697 22.705534 260.572876
v -5.587169 20.364336 253.655975
v -9.829601 19.151194 246.334259
v -4.551802 15.072259 255.149445
v -0.652889 18.610752 256.296600
v -5.520697 22.705534 260.572876
v -1.307930 17.588526 248.799286
v -5.700290 20.923409 246.430786
v 5.435740 29.386072 258.498810
v 8.621457 29.776066 258.721130
v 6.906308 28.814041 258.498779
v 8.621457 29.776066 258.721130
v 6.906308 28.814041 258.498779
v 6.906308 28.814041 258.498779
v 2.495491 15.252858 232.806641
v -5.271385 24.727741 235.526978
v -0.887975 22.451576 234.862381
v -5.634394 15.732083 245.372498
v -5.239268 22.483620 225.265656
v -9.974154 23.441847 234.793060
v -9.273823 20.734678 233.801208
v -5.634394 15.732083 245.372498
v -5.239268 22.483620 225.265656
v -4.515735 -5.208335 251.048401
v -8.335396 -4.484608 246.070160
v -0.085049 -3.183060 245.275360
v -9.949786 -1.341151 249.458405
v -8.335396 -4.484608 246.070160
v -7.036227 1.309417 245.859940
v -0.085049 -3.183060 245.275360
v -8.555306 0.339016 223.245560
v -4.826538 -4.624619 233.203339
v -8.562286 -3.641640 233.581207
v -10.701465 -0.689195 234.377014
v -8.555306 0.339016 223.245560
v -8.562286 -3.641640 233.581207
v -6.872219 2.463756 235.170135
v -10.746541 3.216922 224.509644
v -4.100108 1.917874 217.334793
v 0.795725 2.253397 223.677658
v 0.601605 -1.867214 234.096863
v -1.368968 2.330036 231.287201
v 0.601605 -1.867214 234.096863
v 0.795725 2.253397 223.677658
v -8.520783 6.555466 213.005646
v -8.520783 6.555466 213.005646
v -6.973451 6.245696 225.921310
v -2.825357 9.359078 218.743652
v -4.378120 11.616521 217.881927
v -1.536218 16.987087 218.378571
v 4.959106 16.817392 231.797089
v -11.416911 9.253594 214.815948
v -8.699331 11.943669 217.348022
v -4.472412 11.190379 204.744797
v 0.582884 7.474643 215.379410
v 0.582884 7.474643 215.379410
v -1.254453 10.627605 216.338074
v 1.655393 13.991118 207.815643
v -4.378120 11.616521 217.881927
v -9.315437 15.725163 212.453949
v -12.579945 17.688412 205.816132
v -1.254453 10.627605 216.338074
v 4.396438 12.956237 219.241150
v -9.315437 15.725163 212.453949
v 8.738001 16.267406 231.405991
v 1.642767 16.923330 214.891418
v 1.655393 13.991118 207.815643
v 1.655393 13.991118 207.815643
v 1.642767 16.923330 214.891418
v -1.562626 19.165228 208.485352
v -5.239268 22.483620 225.265656
v 1.575772 26.008476 221.337067
v 1.575772 26.008476 221.337067
v -7.841670 19.529333 209.306305
v -1.562626 19.165228 208.485352
v 2.795323 26.542183 215.373474
v 1.575772 26.008476 221.337067
v -12.177725 25.797970 196.154694
v -10.948529 21.931976 191.972351
v -11.062712 17.482365 200.619629
v -11.062712 17.482365 200.619629
v -1.562626 19.165228 208.485352
v 1.655393 13.991118 207.815643
v -8.600616 25.422436 201.098160
v -7.841670 19.529333 209.306305
v -3.912684 -5.183028 114.073463
v -0.751311 -4.655036 115.095779
v -0.751311 -4.655036 115.095779
v 0.375861 -7.106692 107.882240
v -3.092107 -4.839172 105.046265
v -3.092107 -4.839172 105.046265
v -5.821043 -5.198296 105.041092
v -7.290062 -7.522754 104.473198
v -9.587659 7.249805 137.079727
v 0.236840 1.956519 131.188126
v -0.595355 2.870284 127.567902
v -9.587659 7.249805 137.079727
v -5.069454 5.410778 136.087784
v -4.116562 2.205269 133.753159
v -9.492599 4.619716 134.289185
v -5.144307 -7.633063 98.960915
v -4.381697 -10.284330 107.728012
v -4.381697 -10.284330 107.728012
v 0.048739 -7.185135 99.314438
v 0.237915 -10.029508 107.802048
v -5.144307 -7.633063 98.960915
v 0.304102 -4.461696 99.995514
v -5.184334 -8.062382 114.903000
v -4.910024 -0.206021 94.197632
v -4.137553 -3.734519 91.115372
v -6.002739 -1.728926 92.177155
v -1.480428 0.428246 94.338440
v -1.480428 0.428246 94.338440
v 1.403114 -7.079844 114.822487
v 3.055647 -4.169878 125.361450
v 0.736155 -9.521143 115.163559
v 3.283225 -1.707346 124.840385
v -6.828498 3.672711 136.622238
v -6.305156 2.141326 133.185455
v -8.989357 3.690329 135.652771
v -6.828498 3.672711 136.622238
v -10.224281 6.150795 144.031311
v 1.852138 -0.831053 93.352501
v -2.708993 -9.966447 115.025497
v -0.598720 -3.851199 127.047279
v -2.708993 -9.966447 115.025497
v -0.598720 -3.851199 127.047279
v 0.288184 -0.478556 131.252609
v -4.950428 2.934892 89.202103
v -4.137553 -3.734519 91.115372
v -6.002739 -1.728926 92.177155
v -4.910024 -0.206021 94.197632
v -3.855410 3.721898 92.440247
v -1.480428 0.428246 94.338440
v -2.491081 -1.708156 130.673691
v -2.491081 -1.708156 130.673691
v -9.368399 0.021663 138.770615
v -13.967996 -0.839837 137.682709
v -4.116562 2.205269 133.753159
v -12.039868 0.662947 138.465546
v -12.229636 -2.554111 137.588013
v -12.229636 -2.554111 137.588013
v -9.054031 -1.501332 138.314209
v -12.039868 0.662947 138.465546
v -13.256382 -2.834453 144.149445
v -11.730666 -4.036198 142.271194
v -15.939259 -2.973204 143.054779
v -15.241702 -4.244755 142.561417
v -13.256382 -2.834453 144.149445
v -15.939259 -2.973204 143.054779
v -15.241702 -4.244755 142.561417
v -13.256382 -2.834453 144.149445
v -2.468208 -0.856035 144.751999
v -4.006945 -11.731201 140.182388
v -6.817497 -0.042128 143.395264
v -15.241702 -4.244755 142.561417
v -11.730666 -4.036198 142.271194
v -10.224281 6.150795 144.031311
v -12.882798 7.008351 144.460144
v -12.378705 5.415204 143.395691
v -9.790733 4.881269 139.909348
v -13.055631 6.123538 138.883987
v -12.882798 7.008351 144.460144
v -12.882798 7.008351 144.460144
v -9.790733 4.881269 139.909348
v -11.840169 4.866279 139.210510
v -12.378705 5.415204 143.395691
v -10.224281 6.150795 144.031311
v 11.595825 27.055645 109.862061
v 11.783828 31.866800 120.191933
v 7.379887 24.186325 108.783859
v 3.284947 27.931135 122.266266
v 11.247635 20.228235 97.007812
v 6.889250 10.923530 86.539185
v 10.698143 10.768200 82.770157
v -4.324413 15.281331 92.544502
v 6.653390 2.851517 77.740364
v 1.488400 5.223490 79.379623
v 1.381985 15.281212 92.576363
v -1.466371 18.282547 94.331009
v 3.585750 13.914339 96.632774
v 2.375009 10.046311 89.181686
v 2.647310 14.014335 92.678764
v -0.787881 12.385640 90.015160
v 2.647310 14.014335 92.678764
v 2.375009 10.046311 89.181686
v 3.045424 5.745972 90.655838
v 1.013044 10.528234 95.807266
v -0.997288 4.309778 80.699356
v 0.927550 5.513983 86.457550
v -0.083005 5.532222 92.652084
v -1.480428 0.428246 94.338440
v -1.457941 5.867461 77.283600
v -1.457941 5.867461 77.283600
v -1.466371 18.282547 94.331009
v -4.496475 5.096939 79.293289
v -3.146483 19.551754 100.226929
v -4.152372 9.768192 89.783325
v -4.890917 15.950183 96.436928
v -3.824034 9.807989 94.035049
v -1.627053 4.108115 80.423004
v -0.997288 4.309778 80.699356
v -1.627053 4.108115 80.423004
v -1.486703 2.436643 111.332199
v 0.427154 5.351861 113.028702
v 1.375408 1.354481 111.503296
v -4.102228 1.509139 112.267776
v -3.933461 0.067227 109.252686
v -1.457299 -0.815329 109.311775
v 0.992603 1.361758 112.114746
v 0.963355 -0.188184 109.416656
v -1.230056 0.331778 108.961517
v -1.457299 -0.815329 109.311775
v -1.230056 0.331778 108.961517
v -3.090765 3.161206 112.021225
v -1.486703 2.436643 111.332199
v -1.503911 3.682276 115.009323
v 1.013044 10.528234 95.807266
v -0.083005 5.532222 92.652084
v -1.503911 3.682276 115.009323
v 2.823460 18.988306 100.495026
v 2.823460 18.988306 100.495026
v -1.484971 23.730721 109.229324
v 0.806787 20.887117 113.014015
v 2.861961 18.093800 106.764885
v -1.488470 25.227142 113.466255
v 1.944393 14.783335 102.790680
v 1.770712 15.911058 112.962784
v -1.484971 23.730721 109.229324
v -5.906277 18.362019 104.524765
v -4.296720 13.744061 100.055077
v 0.806787 20.887117 113.014015
v -4.917428 15.377705 105.958817
v -6.425361 20.533962 112.823204
v 1.770712 15.911058 112.962784
v 1.944393 14.783335 102.790680
v -5.849835 15.655140 113.053635
v -1.481891 16.391603 105.414978
v 1.081108 17.342739 107.060303
v 1.015991 11.523641 108.529526
v 0.842313 14.818321 112.418900
v 1.009549 11.807070 113.388931
v 1.360626 4.769435 114.330910
v -1.481891 16.391603 105.414978
v -3.984752 11.523645 108.501434
v -4.047443 17.342726 107.031487
v -3.933129 14.575897 111.250977
v -1.484527 11.056197 108.205017
v -1.484527 11.056197 108.205017
v -3.986327 11.807108 113.360802
v -3.793036 7.510866 112.649651
v -1.489064 12.507487 114.281693
v -1.465919 14.431095 113.580643
v -1.489064 12.507487 114.281693
v -1.465919 14.431095 113.580643
v -1.487148 6.988208 111.737877
v -1.487148 6.988208 111.737877
v -4.337934 4.817091 114.290176
v 3.284947 27.931135 122.266266
v 11.783828 31.866800 120.191933
v -9.163649 26.408182 123.548134
v -8.411963 18.786217 130.766983
v -7.882298 23.037613 131.000031
v -11.954055 23.335228 128.902634
v -7.575555 22.782595 128.682495
v -8.693523 21.559114 123.548485
v -7.575555 22.782595 128.682495
v -12.026711 24.484777 127.606781
v -7.745662 24.344139 127.154892
v -13.233800 26.233046 128.452637
v -10.332622 26.796757 133.644745
v -7.904229 27.398355 129.377350
v -7.895809 26.326025 127.379837
v -12.026711 24.484777 127.606781
v -13.233800 26.233046 128.452637
v -7.745662 24.344139 127.154892
v -7.895809 26.326025 127.379837
v -13.233800 26.233046 128.452637
v -7.904229 27.398355 129.377350
v -10.627754 21.735949 143.243927
v -10.627754 21.735949 143.243927
v -10.315989 24.644482 145.251053
v -11.588279 23.050306 142.098602
v -11.372673 25.826454 144.534332
v -7.142976 13.029900 128.355804
v -3.469368 2.362131 129.260880
v -2.047443 8.847158 129.772415
v -2.047443 8.847158 129.772415
v -3.469368 2.362131 129.260880
v 0.131999 7.377606 126.866249
v 5.913191 21.843241 123.633232
v 5.144792 18.073553 131.889481
v 5.913191 21.843241 123.633232
v 5.144792 18.073553 131.889481
v -1.846426 14.562266 133.988602
v -1.656211 19.216494 123.569214
v 1.448889 15.622731 122.744011
v -0.318045 19.085646 122.685516
v 4.415251 29.595684 111.270950
v 6.457490 23.602598 168.846146
v -5.884035 30.533579 111.536896
v 6.457490 23.602598 168.846146
v -11.954055 23.335228 128.902634
v 6.457490 23.602598 168.846146
v -6.206774 31.088570 81.977379
v -12.177725 25.797970 196.154694
v -12.000950 24.053450 130.517853
v -5.074917 19.474663 122.117493
v -0.318045 19.085646 122.685516
v 1.585650 16.443430 120.504028
v -3.798805 16.554817 120.768578
v -2.145532 14.723131 120.799103
v -1.100497 14.878184 127.550652
v -9.713766 13.337649 126.115074
v -8.275975 18.694405 121.371887
v -6.644056 14.312644 119.461151
v -8.693523 21.559114 123.548485
v 0.475435 14.115725 120.262550
v -8.411963 18.786217 130.766983
v -1.100497 14.878184 127.550652
v -8.127134 27.408920 133.756287
v -10.332622 26.796757 133.644745
v -11.255569 25.892334 133.411148
v -2.145532 14.723131 120.799103
v -13.233800 26.233046 128.452637
v -11.092270 24.769053 133.554169
v -11.255569 25.892334 133.411148
v -12.000950 24.053450 130.517853
v -10.699727 24.002352 142.178024
v -8.127134 27.408920 133.756287
v -10.332622 26.796757 133.644745
v -11.255569 25.892334 133.411148
v -10.699727 24.002352 142.178024
v -7.882298 23.037613 131.000031
v -8.179530 23.853323 133.618301
v -10.821554 22.218193 140.987717
v -11.092270 24.769053 133.554169
v -8.179530 23.853323 133.618301
v -11.092270 24.769053 133.554169
v -10.821554 22.218193 140.987717
v -11.255569 25.892334 133.411148
v -8.098330 24.347198 142.255875
v -8.098330 24.347198 142.255875
v -11.588279 23.050306 142.098602
v -11.588279 23.050306 142.098602
v -8.013685 21.689173 141.056107
v -11.588279 23.050306 142.098602
v -11.372673 25.826454 144.534332
v -10.627754 21.735949 143.243927
v -10.821554 22.218193 140.987717
v 0.475435 14.115725 120.262550
v -8.013685 21.689173 141.056107
v -9.162962 19.860008 143.694534
v -10.821554 22.218193 140.987717
v -8.107312 22.570414 143.256439
v -10.627754 21.735949 143.243927
v -9.162962 19.860008 143.694534
v -0.037821 11.232006 122.765343
v -3.798805 16.554817 120.768578
v -7.848783 21.702835 103.179550
v 4.932324 21.731615 103.530533
v -1.469842 19.833567 98.431938
v 4.932324 21.731615 103.530533
v -9.074176 25.882124 109.153275
v -7.848783 21.702835 103.179550
v -0.037821 11.232006 122.765343
v -7.050956 10.340678 122.640221
v 2.216032 0.791480 143.204742
v 5.297365 8.370304 142.129547
v 4.445091 1.085458 141.736511
v 3.757968 8.487327 143.458328
v 7.706798 0.036527 142.006134
v 7.922995 8.580905 142.280563
v 9.008595 1.357647 144.148132
v -1.698244 0.991058 144.723892
v 4.279130 12.833493 137.681641
v 4.308121 15.620521 146.545242
v 8.711593 8.900075 144.143372
v 7.508883 16.536238 141.434662
v 9.288377 16.466108 143.123154
v 6.838755 17.600319 142.919388
v 8.910711 16.329567 141.707825
v 4.279130 12.833493 137.681641
v -8.792787 13.962552 137.169250
v -2.669631 -2.184852 123.970016
v -2.669631 -2.184852 123.970016
v -1.106369 0.476337 126.865906
v -8.814256 0.863476 128.628052
v -10.594812 -1.330454 125.986206
v -8.792787 13.962552 137.169250
v -11.154799 2.504549 144.626022
v -8.298090 13.035761 146.199982
v -11.154799 2.504549 144.626022
v -1.698244 0.991058 144.723892
v -6.210696 1.920087 143.151184
v -10.509391 5.872807 148.406525
v 5.446136 -7.582429 143.384186
v -0.466902 -4.214261 140.572876
v -5.381078 5.736105 150.225281
v -8.298090 13.035761 146.199982
v -10.509391 5.872807 148.406525
v -2.284190 13.591368 147.966705
v -0.038695 4.852663 149.251999
v -0.076037 -4.802173 136.089722
v 3.680568 -7.643077 141.223450
v -2.372798 -8.182057 134.146896
v -0.038695 4.852663 149.251999
v 4.021905 1.608493 145.511520
v 6.576655 4.154411 145.871826
v 4.587973 8.789471 145.020279
v 4.021905 1.608493 145.511520
v 4.587973 8.789471 145.020279
v 3.680568 -7.643077 141.223450
v -0.466902 -4.214261 140.572876
v 3.654726 -14.232059 144.940353
v -9.456455 -2.921297 124.200203
v -3.529392 0.138378 130.638031
v -1.106369 0.476337 126.865906
v -3.469368 2.362131 129.260880
v -8.814256 0.863476 128.628052
v -2.669631 -2.184852 123.970016
v -10.594812 -1.330454 125.986206
v -9.456455 -2.921297 124.200203
v -10.781823 -4.094039 128.984833
v -2.669631 -2.184852 123.970016
v -2.372798 -8.182057 134.146896
v 2.743291 -9.357928 148.876907
v -1.510930 -5.939369 145.783737
v -2.976543 -8.886090 146.979706
v -7.173441 -9.328910 135.190430
v -3.267882 -2.686898 137.593048
v -7.677988 -3.664215 137.700623
v -3.546273 -4.538358 142.155228
v 4.308121 15.620521 146.545242
v 6.838755 17.600319 142.919388
v -3.546273 -4.538358 142.155228
v 9.288377 16.466108 143.123154
v 8.910711 16.329567 141.707825
v 6.838755 17.600319 142.919388
v 7.508883 16.536238 141.434662
v -2.502839 -1.748834 147.914413
v -4.006945 -11.731201 140.182388
v -2.468208 -0.856035 144.751999
v -9.187608 -8.983276 138.626785
v -3.250823 -4.169630 154.106888
v -2.502839 -1.748834 147.914413
v -0.038695 4.852663 149.251999
v -3.250823 -4.169630 154.106888
v -1.510930 -5.939369 145.783737
v -1.698244 0.991058 144.723892
v -2.502839 -1.748834 147.914413
v 5.446136 -7.582429 143.384186
v 3.253604 -7.218260 145.877502
v 3.253604 -7.218260 145.877502
v -1.510930 -5.939369 145.783737
v -12.724178 -14.314445 157.560150
v -9.973783 -17.566248 155.073639
v -10.803314 -15.919593 159.087555
v -8.969379 -15.655660 159.005722
v -7.085138 -15.899557 153.539261
v -2.319775 -16.722500 164.525146
v -10.803314 -15.919593 159.087555
v -2.581700 -17.831791 163.415894
v 5.816330 -20.712509 163.515610
v -8.969379 -15.655660 159.005722
v -7.297186 -23.502228 159.570709
v -4.991579 -18.566217 158.291122
v -7.231844 -22.766787 159.979584
v -0.564863 -16.474188 159.064178
v -0.564863 -16.474188 159.064178
v -4.872237 -18.258345 158.163177
v -7.231844 -22.766787 159.979584
v -7.297186 -23.502228 159.570709
v -8.051670 -21.378952 158.052505
v -4.991579 -18.566217 158.291122
v -4.872237 -18.258345 158.163177
v -8.051670 -21.378952 158.052505
v -7.231844 -22.766787 159.979584
v -3.326956 -16.458136 154.976562
v -3.326956 -16.458136 154.976562
v -4.695703 -14.543416 159.785324
v 0.277256 -15.489206 155.791595
v -0.274201 -15.292511 155.964508
v 0.277256 -15.489206 155.791595
v -0.274201 -15.292511 155.964508
v -11.840341 -13.589334 159.815414
v -12.724178 -14.314445 157.560150
v -11.840341 -13.589334 159.815414
v -5.894717 -7.462355 159.992249
v -9.724987 -8.785254 159.008255
v -12.724178 -14.314445 157.560150
v -10.928551 -12.078276 156.608917
v -7.374176 -7.514499 157.947250
v -8.813143 -12.185820 156.244537
v -8.365083 -12.687159 160.309479
v -4.695703 -14.543416 159.785324
v 5.862056 -17.258905 164.879059
v -7.371799 -14.786006 157.986588
v -7.371799 -14.786006 157.986588
v -7.371799 -14.786006 157.986588
v 3.546960 -8.831509 158.859314
v 5.710063 -8.313544 162.419403
v 6.675974 -11.340617 156.040085
v 5.710063 -8.313544 162.419403
v 3.457729 -8.097108 160.760468
v 6.675974 -11.340617 156.040085
v 3.546960 -8.831509 158.859314
v -0.705204 -10.116344 156.726837
v 1.214358 -9.267853 157.377014
v 3.457729 -8.097108 160.760468
v 1.214358 -9.267853 157.377014
v -0.705204 -10.116344 156.726837
v 2.992294 -8.246793 164.021561
v 0.847689 -7.861022 162.131561
v 2.992294 -8.246793 164.021561
v 0.847689 -7.861022 162.131561
v 2.533471 -9.333922 166.363022
v 2.533471 -9.333922 166.363022
v 2.533471 -9.333922 166.363022
v 2.533471 -9.333922 166.363022
v -7.371799 -14.786006 157.986588
v -7.085138 -15.899557 153.539261
v -8.813143 -12.185820 156.244537
v -7.371799 -14.786006 157.986588
v -3.268975 -7.263152 158.627838
v -8.365083 -12.687159 160.309479
v -9.530036 -12.585375 139.045410
v -11.370367 0.217760 144.565460
v -7.808918 -3.251968 154.851120
v -11.370367 0.217760 144.565460
v -11.553765 -0.788688 147.195145
v -11.154799 2.504549 144.626022
v -11.553765 -0.788688 147.195145
v -12.891157 -3.158996 153.099060
v -11.553765 -0.788688 147.195145
v -12.891157 -3.158996 153.099060
v -10.509391 5.872807 148.406525
v -12.957182 -5.956153 150.434387
v 11.256382 -24.022081 164.062286
v 7.695320 -19.631594 163.257889
v 12.325855 -23.565598 165.983673
v 9.006617 -24.590342 164.685791
v 7.695320 -19.631594 163.257889
v 11.256382 -24.022081 164.062286
v 13.618855 -30.725105 164.461151
v 12.457462 -30.100903 163.122360
v 10.004684 -30.705635 164.768280
v 8.371653 -24.602493 166.312302
v 9.497418 -24.000237 167.473190
v -3.268975 -7.263152 158.627838
v -7.371799 -14.786006 157.986588
v -2.704924 -6.733649 150.314575
v -7.954356 -8.427007 154.641068
v -3.095061 -8.503781 153.356186
v -3.095061 -8.503781 153.356186
v -9.530036 -12.585375 139.045410
v 5.046328 -21.048464 165.540115
v -12.724834 -6.880997 153.885223
v -12.724834 -6.880997 153.885223
v -2.361228 -4.623562 158.360062
v -0.528834 -5.021955 158.740082
v -1.809831 -5.226123 157.621628
v -1.809831 -5.226123 157.621628
v -0.528834 -5.021955 158.740082
v -2.361228 -4.623562 158.360062
v -0.528834 -5.021955 158.740082
v 12.457462 -30.100903 163.122360
v 13.618855 -30.725105 164.461151
v 11.999434 -31.163452 165.530624
v 12.457462 -30.100903 163.122360
v 3.595451 -11.826870 154.511292
v 3.595451 -11.826870 154.511292
v 10.004684 -30.705635 164.768280
v 3.595451 -11.826870 154.511292
v 3.595451 -11.826870 154.511292
v -0.274201 -15.292511 155.964508
v 5.826532 -20.082645 166.776550
v -7.297186 -23.502228 159.570709
v 11.999434 -31.163452 165.530624
v -0.274201 -15.292511 155.964508
v -12.897372 -25.412722 143.687500
v -12.897372 -25.412722 143.687500
v -4.398508 -23.571400 144.808960
v -4.398508 -23.571400 144.808960
v -7.105773 -27.221006 154.715897
v -10.887458 -27.214027 155.298035
v -12.265604 -24.894970 153.176956
v -11.996134 -18.075752 154.856293
v -10.319211 -27.768618 152.101608
v -11.283196 -14.748947 151.153320
v -8.325145 -25.705849 151.040024
v -8.212735 -25.035362 145.569443
v -12.897372 -25.412722 143.687500
v -10.245529 -30.112345 143.902512
v -5.253152 -26.863781 150.186966
v -4.544960 -22.986763 150.078842
v -9.310543 -18.693119 141.457291
v -5.391870 -19.419422 141.780823
v -9.702992 -12.982800 141.849442
v -3.193945 -17.146990 146.552734
v -6.858396 -13.836900 143.442123
v -6.931370 -22.583113 152.325073
v -8.325145 -25.705849 151.040024
v -6.931370 -22.583113 152.325073
v -4.544960 -22.986763 150.078842
v -1.989286 -28.016529 144.530396
v 1.082822 -34.633301 146.560562
v -9.912390 -13.267023 151.990753
v -9.310543 -18.693119 141.457291
v -7.506160 -6.791460 148.417709
v -11.868362 -20.012533 141.212402
v -6.858396 -13.836900 143.442123
v -3.193945 -17.146990 146.552734
v -4.025182 -12.805393 142.827026
v -4.398508 -23.571400 144.808960
v -10.928551 -12.078276 156.608917
v -13.158834 -15.310974 153.773911
v 1.026325 -16.499687 144.339600
v 1.074163 -19.481487 151.406036
v -3.115163 -19.179392 145.671326
v 1.074163 -19.481487 151.406036
v -0.836505 -19.795639 143.514557
v -8.212735 -25.035362 145.569443
v 1.586823 -21.361998 149.266037
v -7.506160 -6.791460 148.417709
v -6.931370 -22.583113 152.325073
v -6.851777 -12.590624 143.728134
v -7.326173 -3.756994 147.615570
v -10.446807 -34.134094 157.278656
v -12.053001 -36.485146 156.620316
v 1.074163 -19.481487 151.406036
v 1.586823 -21.361998 149.266037
v 4.210968 -19.340410 149.851120
v 1.586823 -21.361998 149.266037
v -0.836505 -19.795639 143.514557
v 4.210968 -19.340410 149.851120
v 4.210968 -19.340410 149.851120
v 1.026325 -16.499687 144.339600
v -7.326173 -3.756994 147.615570
v -3.530891 -7.527355 130.385925
v 0.426846 -8.208432 132.026245
v -0.876561 -9.112843 130.123047
v -2.034684 -7.021276 131.987152
v -7.326173 -3.756994 147.615570
v -7.326173 -3.756994 147.615570
v -6.851777 -12.590624 143.728134
v -2.034684 -7.021276 131.987152
v -4.487628 -13.205006 137.012299
v 0.426846 -8.208432 132.026245
v -0.876561 -9.112843 130.123047
v -3.003462 -13.720578 134.680649
v -3.530891 -7.527355 130.385925
v -11.119700 -14.818238 136.959991
v -0.876561 -9.112843 130.123047
v -9.587914 -17.390055 136.071686
v -7.179513 -12.485645 136.746735
v -6.506787 -16.781847 134.829651
v -11.684325 -25.181807 141.029419
v -11.868362 -20.012533 141.212402
v -7.815601 -24.966154 138.845093
v -9.310543 -18.693119 141.457291
v -4.092857 -21.154985 141.723526
v -4.092857 -21.154985 141.723526
v -7.815601 -24.966154 138.845093
v -7.644036 -15.213878 139.444885
v -3.157727 -12.138126 139.363678
v -7.644036 -15.213878 139.444885
v -5.391870 -19.419422 141.780823
v -6.506787 -16.781847 134.829651
v -3.157727 -12.138126 139.363678
v -12.897372 -25.412722 143.687500
v -8.675934 -31.329287 141.176270
v -10.245529 -30.112345 143.902512
v -3.551218 -24.815136 140.762665
v -11.684325 -25.181807 141.029419
v -3.551218 -24.815136 140.762665
v -11.684325 -25.181807 141.029419
v -1.989286 -28.016529 144.530396
v -3.551218 -24.815136 140.762665
v -4.398508 -23.571400 144.808960
v -2.385117 -31.417841 139.390900
v -7.815601 -24.966154 138.845093
v -7.815601 -24.966154 138.845093
v 3.939313 -32.128143 141.863556
v 6.806720 -37.965179 142.814789
v -2.385117 -31.417841 139.390900
v 1.718221 -38.031921 142.670929
v 6.806720 -37.965179 142.814789
v 0.779018 -38.599838 145.766525
v -8.740091 -39.967266 156.096634
v -5.932720 -36.945877 165.408661
v -11.481461 -37.244446 157.714600
v -8.957680 -39.006680 154.608078
v -8.890879 -35.521648 162.776062
v -10.117695 -35.148232 158.410873
v -8.579737 -34.215492 161.954620
v -6.745554 -34.997726 159.401367
v -3.838847 -33.953243 166.386597
v -4.876180 -38.724262 160.980896
v 3.958799 -36.230202 166.563309
v 3.835982 -34.941849 164.813828
v 0.248242 -32.796730 163.370453
v 3.835982 -34.941849 164.813828
v -3.960766 -36.945526 159.724396
v 4.801111 -32.970741 145.765671
v 9.237957 -35.524826 146.230255
v 5.456586 -33.983547 148.535385
v 4.801111 -32.970741 145.765671
v 3.085625 -35.295429 148.658493
v 5.456586 -33.983547 148.535385
v -3.960766 -36.945526 159.724396
v -5.756478 -37.637432 155.289261
v -5.756478 -37.637432 155.289261
v -6.863648 -34.226315 156.663544
v -1.825796 -44.404331 146.374908
v -1.408179 -42.644722 145.450592
v 0.463761 -44.738377 144.591187
v 3.495473 -43.024525 151.597168
v -1.408179 -42.644722 145.450592
v -1.825796 -44.404331 146.374908
v 0.969037 -42.902405 145.241226
v 6.632380 -40.603600 158.421768
v 2.387025 -45.936592 152.659027
v 7.480383 -44.205078 156.646210
v 2.621202 -41.785271 154.310410
v 9.194754 -41.627747 154.958450
v 6.632380 -40.603600 158.421768
v 7.480383 -44.205078 156.646210
v 4.413483 -40.155884 156.896072
v 3.846289 -36.503479 153.358261
v 4.413483 -40.155884 156.896072
v 5.312520 -46.753342 149.115463
v 5.312520 -46.753342 149.115463
v 8.075480 -45.061054 149.872940
v 7.480383 -44.205078 156.646210
v 4.478773 -41.328548 152.459641
v 9.194754 -41.627747 154.958450
v 7.943501 -41.671417 152.755630
v 6.231417 -42.739193 149.845612
v 3.495473 -43.024525 151.597168
v 4.478773 -41.328548 152.459641
v 4.478773 -41.328548 152.459641
v 5.649031 -40.153267 146.507843
v 7.943501 -41.671417 152.755630
v 0.463761 -44.738377 144.591187
v 0.463761 -44.738377 144.591187
v 0.969037 -42.902405 145.241226
v -1.408179 -42.644722 145.450592
v 9.429185 -39.382397 148.888596
v 9.194754 -41.627747 154.958450
v 3.846289 -36.503479 153.358261
v 1.717432 -36.421124 149.640305
v 0.779018 -38.599838 145.766525
v 8.805575 -36.024445 151.593536
v 2.032578 -34.694790 152.060150
v -3.500524 -25.696833 151.301010
v -3.500524 -25.696833 151.301010
v -3.417244 -32.300579 164.775482
v 9.429185 -39.382397 148.888596
v 7.951146 -32.658474 151.268311
v 3.654726 -14.232059 144.940353
v 3.341660 -21.771606 157.312714
v -0.554832 -15.696700 146.622665
v 9.127269 -19.478136 159.257584
v 7.690699 -21.593704 157.445312
v 7.690699 -21.593704 157.445312
v -3.313852 -14.699976 148.777542
v 1.044658 -20.056936 158.880768
v 6.918568 -18.146652 160.454056
v 3.152741 -18.404722 160.723190
v 3.488157 -30.556496 167.151505
v 2.936325 -29.190432 164.688995
v 1.357432 -30.898895 165.187714
v 4.006760 -25.326082 164.852341
v 3.673796 -34.622726 154.070267
v -0.428436 -25.378027 151.969788
v -1.232709 -23.904327 150.275162
v -0.363510 -27.099337 149.858704
v -15.364192 -9.824882 144.215958
v -12.221310 -5.491302 142.767975
v -15.382887 -8.879774 142.472107
v 1.116855 -21.489185 150.121292
v 3.673796 -34.622726 154.070267
v 1.116855 -21.489185 150.121292
v 1.116855 -21.489185 150.121292
v 0.215978 -28.308773 147.312881
v -1.728950 -27.091610 146.853867
v 0.584385 -26.840033 146.352982
v 0.215978 -28.308773 147.312881
v -1.728950 -27.091610 146.853867
v 1.366306 -24.211864 148.162491
v -1.728950 -27.091610 146.853867
v -1.232709 -23.904327 150.275162
v 0.584385 -26.840033 146.352982
v 3.983226 -33.500870 167.969101
v 4.962146 -30.882193 163.337814
v 8.448052 -31.648455 163.811905
v 9.540926 -31.149422 165.862839
v 6.860763 -29.778975 167.284912
v 8.448052 -31.648455 163.811905
v -12.221310 -5.491302 142.767975
v -11.697795 -6.104832 139.722519
v -16.135813 -12.023646 139.162567
v -12.221310 -5.491302 142.767975
v -15.873964 -11.663168 139.499176
v -11.697795 -6.104832 139.722519
v -16.135813 -12.023646 139.162567
v -15.873964 -11.663168 139.499176
v -12.221310 -5.491302 142.767975
v -15.364192 -9.824882 144.215958
v 2.654334 -30.184690 154.230972
v 3.144162 -32.027943 150.900574
v 6.796210 -30.834318 153.025528
v 2.654334 -30.184690 154.230972
v 3.144162 -32.027943 150.900574
v 1.017201 -26.787695 149.896973
v 3.845340 -26.704967 150.339294
v 1.017201 -26.787695 149.896973
v -13.491329 -17.302923 138.420074
v -16.785461 -13.862142 140.967117
v -13.491329 -17.302923 138.420074
v -16.785461 -13.862142 140.967117
v -13.491329 -17.302923 138.420074
v -14.875340 -13.029617 137.285706
v -13.491329 -17.302923 138.420074
v -14.875340 -13.029617 137.285706
v -15.382887 -8.879774 142.472107
v 2.307762 -23.948700 152.019730
v -0.428436 -25.378027 151.969788
v 3.528241 -24.425085 150.524780
v 2.357090 -26.000708 148.779083
v -0.363510 -27.099337 149.858704
v 0.215978 -28.308773 147.312881
v 9.686872 10.072831 73.852470
v 7.792974 9.146146 72.731682
v 7.003507 9.280027 75.509460
v 6.887424 8.083039 76.190987
v 6.887424 8.083039 76.190987
v 10.789070 6.840097 74.106628
v 7.792974 9.146146 72.731682
v 9.686872 10.072831 73.852470
v 9.686872 10.072831 73.852470
v 7.003507 9.280027 75.509460
v 10.789070 6.840097 74.106628
v 7.677293 2.427646 74.541748
v 10.568539 3.815509 76.667877
v 10.807714 2.236322 75.876617
v 10.807714 2.236322 75.876617
v 10.568539 3.815509 76.667877
v 7.003507 9.280027 75.509460
v 7.792974 9.146146 72.731682
v 7.677293 2.427646 74.541748
v 3.225431 2.993765 75.655655
v 6.887424 8.083039 76.190987
v 3.225431 2.993765 75.655655
v 7.677293 2.427646 74.541748
v 6.327649 -2.085190 82.185852
v 2.950379 2.357090 83.734863
v 2.871213 -3.594975 80.708771
v 2.606970 1.725603 88.886551
v -0.111729 3.994642 87.280663
v 6.327649 -2.085190 82.185852
v 2.871213 -3.594975 80.708771
v 2.950379 2.357090 83.734863
v -1.359333 3.390518 84.115921
v 0.542867 -9.238087 86.526642
v 1.820258 -2.374059 89.544975
v 1.852138 -0.831053 93.352501
v -9.802732 8.083037 76.097206
v -12.596364 10.074237 73.727448
v -9.913963 9.273750 75.413269
v -10.702563 9.146143 72.627769
v -9.802732 8.083037 76.097206
v 1.205598 -3.716895 90.345245
v 1.820258 -2.374059 89.544975
v 1.205598 -3.716895 90.345245
v -6.302306 -3.509415 80.555130
v -5.661662 2.367032 83.665916
v -5.661662 2.367032 83.665916
v -6.302306 -3.509415 80.555130
v -9.173311 -1.963830 82.155380
v -9.173311 -1.963830 82.155380
v -6.197195 2.993092 75.590233
v -13.732944 2.251400 75.729057
v -10.600718 2.416398 74.436760
v -6.197195 2.993092 75.590233
v -1.457941 5.867461 77.283600
v -1.457941 5.867461 77.283600
v -9.746395 2.821306 77.599388
v -10.702563 9.146143 72.627769
v -13.700762 6.845948 73.968475
v -12.596364 10.074237 73.727448
v -9.913963 9.273750 75.413269
v -12.596364 10.074237 73.727448
v -13.700762 6.845948 73.968475
v -9.802732 8.083037 76.097206
v -10.600718 2.416398 74.436760
v -9.913963 9.273750 75.413269
v -1.359333 3.390518 84.115921
v -1.359333 3.390518 84.115921
v -10.702563 9.146143 72.627769
v -13.485323 3.815718 76.524170
v -1.359333 3.390518 84.115921
v -10.600718 2.416398 74.436760
v -4.111305 -4.438486 88.714218
v -2.651949 3.485110 87.284126
v -13.732944 2.251400 75.729057
v -1.378211 -9.454082 86.045502
v -0.111729 3.994642 87.280663
v -13.485323 3.815718 76.524170
v -1.931788 4.157815 85.395844
v -1.931788 4.157815 85.395844
v -1.378211 -9.454082 86.045502
v -1.378211 -9.454082 86.045502
v 0.542867 -9.238087 86.526642
v -1.147473 -9.810866 87.522308
v -1.147473 -9.810866 87.522308
v -1.147473 -9.810866 87.522308
v -2.014924 -4.494352 91.572784
v -2.014924 -4.494352 91.572784
v -2.014924 -4.494352 91.572784
v -2.014924 -4.494352 91.572784
v 3.725933 37.130501 76.908585
v 9.862713 32.072903 58.741764
v 4.249202 34.245647 57.232395
v -0.730130 34.237309 58.783947
v -14.110464 22.586315 77.648605
v -11.308580 23.601166 88.796753
v -13.471191 27.414883 74.771767
v 9.230845 35.424397 77.029076
v 11.972805 28.319086 57.991985
v -9.754492 31.443117 84.394806
v -10.778095 39.504074 103.491692
v -12.337689 32.334236 86.137184
v -9.754492 31.443117 84.394806
v -13.118836 29.725788 74.958794
v -10.620713 31.210985 79.536224
v -9.754492 31.443117 84.394806
v -10.513915 33.930187 84.536758
v -9.754492 31.443117 84.394806
v -1.488259 30.592991 95.792847
v -7.716215 31.430265 96.968277
v -1.463160 30.564587 82.806381
v -9.754492 31.443117 84.394806
v -10.620713 31.210985 79.536224
v 5.930958 30.929455 82.202789
v 2.004079 31.582592 97.095230
v 8.392241 32.762646 84.369492
v 8.136526 37.423946 94.205620
v 5.838439 36.980045 94.188324
v 3.281778 31.088573 82.030693
v 5.911563 32.209381 83.976044
v -12.730168 39.741188 87.224670
v -15.131365 35.501686 69.522430
v -12.498125 38.231873 69.315628
v -0.744104 41.401489 89.170364
v -0.752626 36.691319 75.624191
v -13.281269 26.409273 48.575314
v -12.164473 26.769861 56.824062
v -13.629847 26.937477 56.815830
v -11.034340 26.751965 42.379185
v -14.433419 20.680166 58.171967
v -12.537931 26.907736 50.983746
v -11.387990 26.065874 48.527241
v -13.281269 26.409273 48.575314
v -13.629847 26.937477 56.815830
v -14.771611 27.848978 48.566936
v 10.410638 27.923368 63.849010
v 8.899567 26.417870 52.791813
v 10.489555 26.645596 52.830112
v 10.410638 27.923368 63.849010
v -13.281269 26.409273 48.575314
v -11.387990 26.065874 48.527241
v 9.069305 27.795246 64.078308
v 8.927633 29.983021 75.319199
v 9.069305 27.795246 64.078308
v 9.179064 28.754574 67.756172
v -9.807372 12.346552 72.061981
v -13.451694 13.171450 72.578087
v -12.627535 12.850622 70.652657
v -9.807372 12.346552 72.061981
v -9.923470 18.509983 72.458725
v -13.451694 13.171450 72.578087
v -13.451694 13.171450 72.578087
v -13.720337 16.112188 68.303749
v -12.627535 12.850622 70.652657
v -12.627535 12.850622 70.652657
v -9.807372 12.346552 72.061981
v 8.927633 29.983021 75.319199
v 5.911563 32.209381 83.976044
v 6.904738 29.351480 75.163925
v 5.911563 32.209381 83.976044
v -13.720337 16.112188 68.303749
v -9.807372 12.346552 72.061981
v -8.597654 19.081242 84.266418
v -9.923470 18.509983 72.458725
v -13.602858 20.641241 69.201416
v -13.602858 20.641241 69.201416
v -8.506406 19.138462 80.572372
v 9.488083 33.171421 44.289234
v -0.636105 35.074718 43.642780
v 7.435856 29.878378 75.264809
v 3.281778 31.088573 82.030693
v 5.930958 30.929455 82.202789
v 3.042286 31.042131 83.720428
v 6.904738 29.351480 75.163925
v -14.563659 28.695169 63.393337
v -13.510127 27.957960 64.971375
v -13.629847 26.937477 56.815830
v -12.164473 26.769861 56.824062
v -13.510127 27.957960 64.971375
v -12.714915 28.925467 59.814091
v -11.877424 27.791037 64.980553
v -11.877424 27.791037 64.980553
v -12.080436 28.754570 67.636726
v -10.349640 29.878374 75.164879
v -8.856213 30.929455 82.119705
v -6.206774 31.088570 81.977379
v -9.818360 29.351480 75.069962
v -5.970072 31.042131 83.669800
v 11.836312 28.045889 41.181644
v 8.575146 25.543709 42.101933
v 10.489555 26.645596 52.830112
v 7.261054 24.947725 42.227264
v -13.498826 18.056271 60.289764
v -10.299908 21.607201 40.924126
v -9.987583 18.885885 43.160194
v 8.899567 26.417870 52.791813
v -1.221370 56.814552 57.970730
v 1.710576 55.101830 52.592930
v 0.510599 54.466415 53.187511
v -1.052522 57.828159 59.022465
v 2.466909 54.473167 53.608891
v -1.454080 55.546665 57.469723
v 0.510599 54.466415 53.187511
v 1.706217 53.116844 54.137074
v 4.876195 52.032654 69.758698
v 5.427391 48.812664 48.687748
v 2.466909 54.473167 53.608891
v -4.587725 54.390141 49.137501
v -4.277102 55.662827 53.684605
v -2.872469 54.188431 53.276508
v 0.510599 54.466415 53.187511
v -4.277102 55.662827 53.684605
v -1.221370 56.814552 57.970730
v -2.872469 54.188431 53.276508
v -5.201846 54.702824 52.950466
v -3.797428 57.115864 58.091465
v -2.872469 54.188431 53.276508
v -1.454080 55.546665 57.469723
v -5.377334 53.603954 54.836842
v -5.201846 54.702824 52.950466
v -5.377334 53.603954 54.836842
v -4.423580 55.938732 57.218204
v 1.056795 56.686588 57.075596
v 1.659524 57.844322 60.787708
v 2.461482 56.581795 60.993511
v -1.379140 57.546806 60.368107
v 0.538602 56.309307 63.356853
v 0.662465 55.308521 58.704281
v 1.706217 53.116844 54.137074
v 6.079304 50.659229 76.681679
v 5.305970 47.769550 97.218460
v 4.295461 43.562019 89.088417
v 0.662465 55.308521 58.704281
v 0.538602 56.309307 63.356853
v -1.379140 57.546806 60.368107
v 2.551274 55.104801 63.457577
v -0.744104 41.401489 89.170364
v 3.753542 45.834915 62.553349
v 2.466909 54.473167 53.608891
v 1.706217 53.116844 54.137074
v 4.876195 52.032654 69.758698
v 5.853378 53.676727 69.931519
v 5.397970 54.650597 70.401459
v 2.551274 55.104801 63.457577
v 3.450693 54.868664 70.544640
v 3.968400 52.411442 70.263664
v 3.450693 54.868664 70.544640
v 2.449218 52.163204 72.210442
v 4.876195 52.032654 69.758698
v 3.968400 52.411442 70.263664
v 3.968400 52.411442 70.263664
v 2.449218 52.163204 72.210442
v 5.853378 53.676727 69.931519
v 5.397970 54.650597 70.401459
v 5.910317 53.424488 75.467537
v 4.217929 54.750500 75.809151
v 3.450693 54.868664 70.544640
v 4.217929 54.750500 75.809151
v 5.287425 52.245556 79.480186
v 4.299314 56.462414 77.805443
v 3.132391 56.635117 77.863495
v 4.299314 56.462414 77.805443
v 2.024231 52.617306 78.175568
v -1.379140 57.546806 60.368107
v -1.052522 57.828159 59.022465
v -3.472567 57.902660 62.341450
v -6.971417 56.437672 63.881275
v -1.454080 55.546665 57.469723
v -1.454080 55.546665 57.469723
v -0.678927 43.542152 65.606979
v -3.819637 56.151958 59.975574
v -3.819637 56.151958 59.975574
v -1.379140 57.546806 60.368107
v -5.902964 55.845551 62.158848
v -3.472567 57.902660 62.341450
v -5.609982 53.974461 68.908043
v -6.305073 55.686302 67.789650
v -6.901127 52.454109 70.170860
v -6.305073 55.686302 67.789650
v -8.291374 50.346684 61.537395
v -8.705881 50.281433 76.760101
v -8.089750 52.556919 71.045692
v -6.901127 52.454109 70.170860
v -4.836664 51.918678 73.834251
v -6.901127 52.454109 70.170860
v -4.836664 51.918678 73.834251
v -4.865112 52.214741 62.353306
v -8.677870 54.225185 71.393044
v -7.548793 55.033699 76.383606
v -7.548793 55.033699 76.383606
v -8.089750 52.556919 71.045692
v -8.089750 52.556919 71.045692
v -5.377334 53.603954 54.836842
v -5.377334 53.603954 54.836842
v -7.753633 54.940800 79.685608
v -5.612732 55.429653 81.308716
v -0.955919 55.192139 84.441429
v -5.867797 56.029957 78.159035
v -5.867797 56.029957 78.159035
v -0.955919 55.192139 84.441429
v -4.669586 53.108704 78.576454
v -5.867797 56.029957 78.159035
v -11.610097 46.164185 102.346298
v -9.204927 51.389004 110.832954
v -6.362529 52.727417 79.075508
v -2.958028 54.423790 84.745003
v -7.553533 52.115360 78.000252
v -7.553533 52.115360 78.000252
v -5.796227 52.594734 87.239525
v -6.362529 52.727417 79.075508
v -6.942110 52.141945 89.640099
v 4.573593 54.466366 80.909950
v -0.955919 55.192139 84.441429
v -3.314680 54.938152 86.694893
v -4.649748 53.634281 88.658539
v 3.340390 52.777737 83.985733
v 3.086943 52.305981 89.065033
v 4.667960 51.377918 97.215202
v -10.027927 50.363777 125.646820
v -0.006553 53.517036 92.205070
v 3.006266 52.998360 97.337547
v 4.667960 51.377918 97.215202
v 4.340773 51.465542 101.882050
v 5.075164 49.683929 101.743271
v -2.621875 53.432865 97.466911
v 4.340773 51.465542 101.882050
v 3.132391 56.635117 77.863495
v 1.716756 54.842319 80.757759
v 1.716756 54.842319 80.757759
v 2.889789 52.800571 101.857857
v 0.815405 53.525948 101.845573
v 3.864820 51.560402 107.492577
v 5.075164 49.683929 101.743271
v 2.889789 52.800571 101.857857
v 2.193082 52.799896 107.378487
v 4.340773 51.465542 101.882050
v 2.193082 52.799896 107.378487
v 2.889789 52.800571 101.857857
v 3.864820 51.560402 107.492577
v -0.083998 53.562630 107.270668
v -8.216461 48.202801 101.891464
v -4.085759 54.695030 85.697464
v -7.369287 51.526833 97.578880
v -8.524145 48.709328 94.058449
v -4.085759 54.695030 85.697464
v -6.232059 53.022934 88.544655
v -2.958028 54.423790 84.745003
v -5.884006 52.574131 93.081795
v 5.075164 49.683929 101.743271
v -6.005102 52.832161 118.468414
v -7.267419 51.840836 107.337837
v -3.629354 53.326252 107.270447
v -0.083998 53.562630 107.270668
v -7.055963 51.996838 101.936989
v -3.629354 53.326252 107.270447
v -7.055963 51.996838 101.936989
v -7.267419 51.840836 107.337837
v -0.083998 53.562630 107.270668
v -2.866005 53.436283 101.806152
v -3.629354 53.326252 107.270447
v -2.866005 53.436283 101.806152
v 0.815405 53.525948 101.845573
v -6.118248 52.425076 97.370018
v -7.369287 51.526833 97.578880
v -6.118248 52.425076 97.370018
v -1.334470 22.581869 -73.076218
v -7.220490 23.200779 -71.898315
v -1.331827 23.316532 -76.155548
v -1.334963 23.533430 -72.479156
v -6.307118 22.842007 -70.147156
v -3.724862 52.641830 -43.621449
v -5.717095 50.625027 -44.267612
v -8.761574 50.105679 -43.105320
v -3.898440 48.453407 -44.746342
v 9.629675 40.570992 -49.300297
v 9.667010 34.908226 -59.091984
v 8.620829 42.643883 -50.971134
v 5.271011 43.220699 -51.802082
v 6.816957 35.750584 -59.678196
v 2.760959 41.285339 -50.940601
v 4.305354 34.115326 -58.666508
v 6.555614 38.976562 -48.289402
v 11.200900 32.999992 -57.565250
v 2.760959 41.285339 -50.940601
v 4.873074 32.312511 -57.242359
v 3.429633 39.733223 -49.260593
v -9.507948 35.750584 -59.769932
v -5.466417 41.285339 -50.986835
v -6.998038 34.115322 -58.730015
v -7.975024 43.220699 -51.876514
v -6.137858 39.733223 -49.314335
v -7.568103 32.312511 -57.312275
v -5.466417 41.285339 -50.986835
v -12.358941 34.908226 -59.215733
v -11.326182 42.643875 -51.083195
v -12.337778 40.570984 -49.423710
v -13.895338 32.999989 -57.706242
v -9.265414 38.976559 -48.378300
v 8.309014 27.574532 -68.183731
v 5.211748 27.811760 -69.189697
v 9.130341 26.243578 -66.170990
v 1.902210 25.738583 -73.302078
v 3.351461 26.826406 -68.377060
v 4.549544 23.200777 -71.832184
v 3.211378 24.482466 -73.541199
v -1.331827 23.316532 -76.155548
v -1.334069 24.487194 -73.562469
v 3.351461 26.826406 -68.377060
v -1.334069 24.487194 -73.562469
v -1.334963 23.533430 -72.479156
v 3.991947 24.926172 -67.019409
v 3.633292 22.842007 -70.091309
v 6.938423 25.133324 -65.168228
v 4.305354 34.115326 -58.666508
v 8.041707 31.286175 -56.540089
v -10.985945 27.574537 -68.292130
v -7.887070 27.811781 -69.263290
v -6.026457 26.823269 -68.432922
v -1.800118 24.739788 -75.192780
v -1.800118 24.739788 -75.192780
v -5.879509 24.482464 -73.592285
v -1.334069 24.487194 -73.562469
v -6.026457 26.823269 -68.432922
v -1.334069 24.487194 -73.562469
v -6.670830 24.926090 -67.079239
v -1.334470 22.581869 -73.076218
v -11.810586 26.243572 -66.288635
v -9.620345 25.133324 -65.261276
v -6.998038 34.115322 -58.730015
v -7.572318 45.824348 -40.764271
v -12.337778 40.570984 -49.423710
v -9.265414 38.976559 -48.378300
v -10.737866 31.286171 -56.645618
v -6.137858 39.733223 -49.314335
v -3.223399 46.965611 -40.970173
v -5.466417 41.285339 -50.986835
v -4.085664 47.416569 -44.928379
v -9.667010 47.597317 -41.520603
v -11.326182 42.643875 -51.083195
v 8.620829 42.643883 -50.971134
v 3.000536 50.625034 -44.218632
v 6.043067 50.105682 -43.022129
v 5.271011 43.220699 -51.802082
v 1.370213 47.416576 -44.897739
v 1.311047 48.414547 -44.740788
v 0.501421 46.965611 -40.949238
v 1.311047 48.414547 -44.740788
v 1.370213 47.416576 -44.897739
v 6.945880 47.597317 -41.427250
v 9.629675 40.570992 -49.300297
v -4.085664 47.416569 -44.928379
v -5.466417 41.285339 -50.986835
v -7.975024 43.220699 -51.876514
v -3.898440 48.453407 -44.746342
v 4.849959 45.824348 -40.694477
v 2.760959 41.285339 -50.940601
v 6.555614 38.976562 -48.289402
v 3.429633 39.733223 -49.260593
v 3.512143 47.999836 -36.485264
v 2.760959 41.285339 -50.940601
v 1.250129 52.295612 -43.560215
v -1.358603 53.379734 -43.852329
v 1.250129 52.295612 -43.560215
v 1.250129 52.295612 -43.560215
v 2.962801 52.725624 -38.223408
v -1.358603 53.379734 -43.852329
v 4.661692 50.180080 -37.280766
v 0.502996 47.042274 -34.113560
v 1.735454 53.389343 -15.279423
v 2.891293 50.874256 -18.028828
v 2.043475 48.482586 -19.070911
v -1.357835 48.093105 -44.687305
v -1.357835 48.093105 -44.687305
v -1.367241 46.827480 -41.192509
v -1.367241 46.827480 -41.192509
v -3.236261 47.042274 -34.134556
v -6.224664 48.008255 -36.526875
v -7.389688 50.180088 -37.348484
v 0.843644 46.762043 -14.175587
v 5.761995 47.211594 6.660672
v -5.833165 52.627342 -38.373737
v -4.412858 53.423351 -16.016697
v -4.886944 48.449749 -18.667713
v -5.615522 50.847301 -17.153324
v -1.397628 46.484203 -12.237720
v -1.397628 46.484203 -12.237720
v -0.804851 53.567146 2.981884
v 2.765364 52.056839 2.018322
v -3.770228 52.791039 5.311794
v -8.055056 49.053902 7.057140
v 6.277919 50.005253 12.205410
v 1.850285 52.300484 9.792141
v -0.804851 53.567146 2.981884
v 1.996611 53.612492 22.200359
v 1.850285 52.300484 9.792141
v 2.530099 57.658783 25.715549
v -2.155168 57.448284 26.995754
v 4.546102 47.146454 25.964802
v -1.501089 56.536255 27.858837
v 1.560423 55.208992 26.601673
v -2.830431 58.880424 11.615748
v -5.329442 56.459381 16.625263
v -2.329520 56.430134 16.411991
v -2.830431 58.880424 11.615748
v -2.329520 56.430134 16.411991
v -5.329442 56.459381 16.625263
v -4.536285 52.152241 9.571041
v -3.770228 52.791039 5.311794
v -1.415791 54.640488 21.943882
v -4.536285 52.152241 9.571041
v -5.987926 52.475441 21.027676
v -5.911457 49.382439 19.864590
v -6.272029 58.224232 26.069706
v -6.272029 58.224232 26.069706
v -3.991258 55.860416 22.515034
v -2.155168 57.448284 26.995754
v -8.442849 57.049103 20.475010
v -3.991258 55.860416 22.515034
v -7.030061 44.205570 7.199353
v -6.764287 46.768368 1.507885
v -5.226042 44.462128 1.479062
v -8.442849 57.049103 20.475010
v 9.407063 37.570660 28.537443
v 7.059406 43.073971 14.469960
v 4.546102 47.146454 25.964802
v 2.433959 44.462128 1.522092
v -1.242202 56.180637 20.439747
v -3.614736 46.779530 -14.346745
v -1.395803 44.671581 1.212033
v -1.395803 44.671581 1.212033
v -5.911457 49.382439 19.864590
v -5.155186 54.809605 26.531078
v -1.447301 57.454456 29.954281
v -8.335121 48.826797 55.203518
v -8.774742 49.041641 70.256966
v -6.036519 46.844158 62.960903
v -2.096956 40.617413 76.121429
v -7.466793 39.401886 44.916012
v -7.299878 40.758514 83.288086
v -11.799117 38.104881 44.306835
v -5.504340 45.791527 85.760948
v -2.103819 45.254623 58.765957
v -2.202552 43.951923 91.656204
v -5.226042 44.462128 1.479062
v -7.030061 44.205570 7.199353
v 8.189832 44.822140 29.537556
v -10.335837 42.765472 19.232563
v -10.335837 42.765472 19.232563
v -10.622738 40.682102 30.726437
v -6.572441 46.316132 26.860943
v -6.572441 46.316132 26.860943
v -5.061677 45.296444 27.463017
v -6.600391 43.273617 29.656391
v 4.348872 35.181427 43.642101
v -2.053738 43.996506 27.761181
v -10.622738 40.682102 30.726437
v 3.014973 53.721058 33.748898
v 1.136838 55.351036 31.966290
v 9.488083 33.171421 44.289234
v 9.638455 34.602715 35.950436
v 1.616163 54.454666 47.812267
v 3.254027 53.285965 48.089100
v 1.710576 55.101830 52.592930
v -2.074780 39.113018 36.944851
v -2.053738 43.996506 27.761181
v -5.061677 45.296444 27.463017
v -11.283693 39.189129 36.082455
v -7.370527 40.405075 36.676411
v -11.283693 39.189129 36.082455
v -7.370527 40.405075 36.676411
v -2.074780 39.113018 36.944851
v -2.065435 41.045773 31.314480
v -6.861231 50.631718 33.584957
v -0.698697 42.368176 34.168438
v 3.679983 44.534241 32.628986
v -0.636105 35.074718 43.642780
v 4.348872 35.181427 43.642101
v -0.698697 42.368176 34.168438
v 3.679983 44.534241 32.628986
v -4.325945 55.247757 32.640446
v -6.121416 53.432739 47.984310
v -6.591399 44.823978 95.101311
v -11.610097 46.164185 102.346298
v -2.202552 43.951923 91.656204
v -6.591399 44.823978 95.101311
v -8.216461 48.202801 101.891464
v -2.115217 45.499882 91.615341
v -2.062321 45.499878 27.541355
v -2.062320 38.914055 27.541355
v -0.698243 44.098896 33.616573
v -0.744910 34.127216 90.148193
v -0.698241 34.127213 33.616566
v 13.023190 31.817362 33.783512
v 9.407063 37.570660 28.537443
v 12.478013 32.939293 34.939335
v 10.712800 35.312019 26.206205
v 9.638455 34.602715 35.950436
v 8.728090 30.092129 26.183233
v 11.931544 29.431870 34.009228
v 8.991551 27.098509 33.215191
v 9.849100 26.402082 39.213840
v 8.991551 27.098509 33.215191
v 9.849100 26.402082 39.213840
v 10.495536 20.700922 41.769249
v 8.575146 25.543709 42.101933
v 10.495536 20.700922 41.769249
v 9.849100 26.402082 39.213840
v 7.144707 20.745546 32.942711
v 10.195106 27.431551 23.577269
v 10.770562 41.061562 -7.676822
v 10.264624 37.107063 -7.388232
v 10.843786 36.203358 -16.362169
v 7.473790 43.641430 0.072903
v 10.770562 41.061562 -7.676822
v 10.647633 41.206963 0.091763
v 10.264624 37.107063 -7.388232
v 7.473790 43.641430 0.072903
v 10.059721 37.456539 0.087476
v 7.445027 43.470814 -7.880481
v 7.367798 22.074738 22.948492
v -1.416120 19.344425 27.529257
v -1.402009 18.157709 14.932311
v -6.792879 16.453796 7.602613
v -1.393159 18.204695 -1.984361
v -1.665741 15.861876 8.542357
v -7.960942 17.869228 1.029128
v -9.189447 21.598898 6.504806
v 5.971523 35.171246 -7.531222
v -6.792879 16.453796 7.602613
v -7.960942 17.869228 1.029128
v -8.346505 19.466988 12.875929
v -1.665741 15.861876 8.542357
v -1.402009 18.157709 14.932311
v 10.264624 37.107063 -7.388232
v 6.103176 33.853519 -19.746508
v 8.540385 32.886917 3.919691
v 7.447021 31.963326 -28.231508
v 9.024690 25.682819 7.549635
v 6.310912 22.654520 -6.797091
v 5.971523 35.171246 -7.531222
v 10.059721 37.456539 0.087476
v 5.536893 35.194893 0.062146
v 5.536893 35.194893 0.062146
v -13.292274 26.628450 15.836042
v -2.115216 38.914059 91.615341
v -0.744913 44.098900 90.148193
v -10.195118 22.074389 22.849752
v -1.416120 19.344425 27.529257
v 2.433959 44.462128 1.522092
v 7.059406 43.073971 14.469960
v 7.473790 43.641430 0.072903
v 10.175425 40.373474 10.263532
v 10.647633 41.206963 0.091763
v 10.059721 37.456539 0.087476
v 9.847981 36.112591 13.874784
v 5.535588 19.466988 12.953932
v 5.536893 35.194893 0.062146
v 6.465929 34.433285 9.061644
v 6.465929 34.433285 9.061644
v 7.628505 32.771774 18.826124
v 7.628505 32.771774 18.826124
v 8.728090 30.092129 26.183233
v -1.665741 15.861876 8.542357
v 3.990683 16.453798 7.663192
v 6.389041 21.598902 6.592330
v 3.990683 16.453798 7.663192
v -1.665741 15.861876 8.542357
v -1.393159 18.204695 -1.984361
v 5.167365 17.871241 1.096084
v 5.167365 17.871241 1.096084
v 3.405282 20.538483 0.685606
v 5.948314 9.780890 42.824585
v 9.324033 15.899811 43.226433
v -1.393159 18.204695 -1.984361
v 5.653532 12.884583 38.988739
v 9.324033 15.899811 43.226433
v 5.948314 9.780890 42.824585
v 7.785753 19.498550 44.222084
v 7.261054 24.947725 42.227264
v -11.619439 30.003117 26.175131
v -1.422496 15.820566 34.533691
v -1.466646 10.248779 35.629890
v -10.449103 32.771774 18.724546
v -1.422496 15.820566 34.533691
v -8.497329 12.878308 38.906097
v -12.184897 15.899810 43.105583
v -1.466646 10.248779 35.629890
v -10.449103 32.771774 18.724546
v -10.646923 19.500319 44.117920
v -12.184897 15.899810 43.105583
v -8.773449 9.717083 42.732994
v -1.269081 2.724028 29.298096
v 3.378215 7.376244 36.198029
v 3.838168 5.045504 38.338684
v 0.441138 -2.804508 38.718971
v 0.441138 -2.804508 38.718971
v -6.227524 7.376244 36.144058
vn -0.0209 0.9359 -0.3515
vn -0.8167 0.4851 -0.3124
vn -0.7047 0.7079 0.0473
vn -0.7877 0.6064 0.1085
vn -0.8941 -0.4010 -0.1992
vn -0.8658 -0.0710 -0.4953
vn -0.5240 0.8479 -0.0803
vn -0.8771 0.4058 0.2569
vn -0.8224 0.1978 -0.5335
vn 0.2843 0.3469 0.8938
vn 0.9701 0.0850 0.2274
vn 0.9667 0.2217 -0.1279
vn 0.8710 -0.3451 -0.3498
vn -0.8925 0.4510 -0.0111
vn -0.8017 0.4390 0.4056
vn -0.3122 0.6156 0.7236
vn 0.4634 0.8251 0.3233
vn 0.9584 0.2854 0.0008
vn 0.9542 0.2206 -0.2021
vn 0.9814 0.1917 0.0008
vn -0.2037 0.4826 -0.8518
vn 0.0282 0.1164 -0.9928
vn -0.6399 0.2200 -0.7363
vn 0.9599 -0.0846 -0.2674
vn 0.9327 -0.0312 -0.3593
vn 0.3132 -0.3566 -0.8802
vn 0.6501 -0.4648 -0.6011
vn -0.2189 0.8548 0.4705
vn 0.2285 0.5022 0.8340
vn 0.5113 0.5475 0.6624
vn -0.4154 -0.5984 -0.6851
vn -0.3528 -0.5623 -0.7479
vn -0.0358 0.6645 -0.7464
vn -0.0010 0.5596 -0.8288
vn -0.4274 0.4721 -0.7710
vn 0.0044 0.6140 -0.7893
vn 0.0442 0.6643 -0.7462
vn -0.5028 0.4330 -0.7481
vn 0.8204 0.0198 -0.5715
vn 0.3590 -0.2787 -0.8908
vn -0.1741 -0.3636 -0.9152
vn -0.9869 0.1071 -0.1206
vn -0.8945 0.1236 -0.4297
vn 0.3123 -0.2987 -0.9018
vn 0.4625 0.4486 -0.7647
vn -0.7531 -0.3828 -0.5350
vn -0.9561 -0.0941 -0.2775
vn -0.9940 -0.1070 -0.0226
vn -0.9557 0.2530 -0.1507
vn 0.1062 0.8576 0.5033
vn 0.9476 -0.0105 -0.3194
vn 0.6673 0.4629 0.5835
vn 0.8249 0.1970 -0.5298
vn -0.2944 0.3390 0.8936
vn 0.9613 0.1588 -0.2249
vn 0.4510 0.8872 0.0975
vn 0.9408 0.1983 -0.2748
vn -0.9316 -0.0313 -0.3621
vn -0.2965 -0.3555 -0.8864
vn -0.2375 0.5012 0.8321
vn 0.6527 -0.5032 -0.5664
vn -0.1380 0.9467 -0.2910
vn -0.0392 0.9699 -0.2403
vn -0.0110 0.9961 -0.0876
vn -0.2922 0.9403 -0.1747
vn 0.0856 -0.9791 0.1845
vn 0.2602 -0.9565 0.1320
vn 0.2646 -0.8905 0.3702
vn -0.6785 -0.5771 -0.4544
vn 0.3776 -0.5515 -0.7438
vn -0.5099 0.5535 0.6585
vn 0.7992 0.6002 0.0306
vn 0.7900 -0.6090 0.0705
vn 0.3941 -0.9166 -0.0680
vn -0.4737 0.8805 -0.0180
vn -0.9057 0.1750 0.3860
vn -0.7285 0.0849 0.6797
vn 0.4787 0.5566 0.6790
vn 0.8899 0.2869 0.3546
vn 0.9970 -0.0000 0.0772
vn 0.9992 0.0323 0.0226
vn 0.9556 -0.2741 0.1079
vn 0.3912 -0.9044 0.1704
vn -0.9199 0.3743 -0.1169
vn -0.6019 0.7960 -0.0648
vn 0.1345 -0.6324 0.7629
vn 0.9636 0.2655 0.0332
vn -0.5476 -0.8363 0.0264
vn -0.8770 -0.4777 -0.0524
vn -0.8986 -0.4098 -0.1568
vn -0.9254 0.2907 -0.2433
vn -0.7841 -0.6141 -0.0898
vn -0.3841 0.9023 -0.1955
vn -0.4252 0.0252 -0.9047
vn -0.2961 -0.8645 -0.4061
vn 0.8783 0.4781 0.0007
vn -0.8052 0.5899 -0.0605
vn 0.4583 -0.8827 -0.1041
vn 0.0893 -0.8679 -0.4886
vn 0.5112 0.8565 0.0714
vn -0.4985 0.7710 -0.3963
vn -0.4263 0.8965 -0.1206
vn 0.3937 0.8019 -0.4494
vn 0.4726 0.8778 -0.0783
vn -0.6820 0.7264 0.0846
vn -0.4470 -0.8680 -0.2164
vn 0.5667 0.3712 -0.7356
vn 0.4546 -0.8784 0.1476
vn 0.0004 -0.9968 -0.0797
vn 0.0403 -0.9992 -0.0080
vn 0.1101 -0.9927 0.0485
vn -0.3719 -0.9236 0.0927
vn -0.9383 -0.3021 0.1685
vn -0.7135 -0.7006 -0.0102
vn -0.7134 0.7005 -0.0198
vn 0.3176 -0.9210 0.2258
vn -0.4497 -0.8889 -0.0872
vn 0.1627 -0.9861 0.0324
vn -0.0732 -0.9524 -0.2959
vn -0.0733 -0.9470 -0.3127
vn -0.0902 -0.9152 -0.3927
vn -0.7745 0.6124 -0.1586
vn -0.0901 -0.9152 -0.3927
vn -0.3177 0.5866 -0.7450
vn -0.8367 0.2295 -0.4973
vn -0.8096 -0.5147 -0.2822
vn 0.3860 0.8844 -0.2624
vn 0.3669 0.8733 -0.3207
vn 0.3455 0.8561 -0.3843
vn 0.4568 0.8895 0.0091
vn 0.4711 0.8522 0.2277
vn 0.4567 0.8895 0.0178
vn -0.4941 0.8665 -0.0708
vn -0.6924 0.7213 0.0185
vn -0.4123 0.9091 -0.0602
vn 0.1997 -0.9798 0.0083
vn 0.3195 -0.9475 0.0086
vn 0.3059 -0.9515 0.0336
vn -0.6628 0.7402 -0.1133
vn -0.8669 0.4857 0.1124
vn -0.8530 0.3911 0.3457
vn -0.4122 -0.9071 0.0850
vn -0.9111 -0.4117 -0.0217
vn -0.8830 0.3984 0.2482
vn -0.9924 -0.1184 0.0320
vn -0.5332 -0.8268 -0.1791
vn 0.1106 -0.9781 -0.1762
vn -0.2351 -0.9718 0.0161
vn -0.2135 -0.8469 -0.4869
vn 0.0277 0.9760 0.2159
vn -0.0140 0.8947 0.4464
vn 0.8280 0.5367 0.1622
vn -0.0019 0.9397 0.3420
vn -0.0009 0.9870 0.1605
vn -0.8288 0.5360 0.1606
vn 0.9454 0.3257 -0.0099
vn -0.9454 0.3257 -0.0115
vn 0.9815 0.1704 0.0874
vn -0.9817 0.1703 0.0857
vn 0.9288 -0.3438 0.1383
vn -0.9292 -0.3434 0.1366
vn -0.9814 0.1809 0.0641
vn -0.7285 -0.0849 0.6798
vn -0.9771 0.2029 0.0643
vn -0.4298 -0.9029 -0.0004
vn -0.4069 -0.9109 -0.0689
vn 0.1860 -0.9596 0.2113
vn -0.4480 -0.8933 -0.0349
vn 0.4024 -0.9129 -0.0684
vn 0.4483 -0.8932 -0.0342
vn 0.4300 -0.9029 0.0003
vn 0.7297 -0.0764 0.6795
vn 0.9689 0.1379 0.2055
vn 0.9769 0.2030 0.0660
vn -0.2005 -0.9529 0.2276
vn 0.6772 -0.6314 0.3778
vn 0.5082 -0.8101 0.2924
vn 0.3305 -0.9073 0.2600
vn -0.0166 0.9916 -0.1279
vn 0.7633 0.6371 -0.1072
vn -0.7750 0.6225 -0.1093
vn -0.3063 -0.9326 0.1908
vn 0.9888 -0.1287 -0.0754
vn 0.7980 -0.5996 0.0606
vn -0.9887 -0.1288 -0.0771
vn -0.7983 -0.5994 0.0592
vn 0.3118 -0.9368 0.1588
vn 0.2222 -0.9626 0.1550
vn -0.2312 -0.9604 0.1556
vn -0.3134 -0.9363 0.1582
vn 0.4300 -0.9028 0.0003
vn 0.5993 -0.7929 0.1103
vn -0.0991 -0.9918 0.0806
vn -0.4300 -0.9028 -0.0003
vn 0.1040 -0.9913 0.0806
vn -0.6002 -0.7923 0.1093
vn 0.4300 -0.9028 0.0004
vn 0.5174 -0.8479 0.1159
vn 0.5992 -0.7930 0.1103
vn 0.4738 -0.8805 -0.0171
vn -0.5183 -0.8474 0.1149
vn -0.4736 -0.8805 -0.0179
vn -0.6001 -0.7924 0.1093
vn -0.3321 0.9396 0.0834
vn -0.0005 0.9968 0.0797
vn -0.0060 0.9988 0.0479
vn 0.3315 0.9404 0.0757
vn -0.2040 -0.9539 -0.2200
vn -0.2100 -0.9544 -0.2120
vn 0.2064 -0.9535 -0.2196
vn 0.2123 -0.9540 -0.2115
vn -0.9988 0.0430 -0.0227
vn -0.9988 0.0430 -0.0226
vn -0.5970 -0.1068 0.7951
vn -0.3634 0.9285 -0.0761
vn -0.3193 0.9459 0.0582
vn 0.2117 0.9423 -0.2594
vn 0.9953 0.0964 0.0008
vn 0.2920 0.9541 0.0665
vn -0.1921 0.9461 -0.2608
vn 0.9989 0.0430 -0.0210
vn -0.4110 -0.8178 -0.4028
vn -0.3756 -0.8329 -0.4064
vn -0.7301 -0.5339 -0.4266
vn 0.4513 -0.8188 -0.3548
vn 0.4147 -0.7990 -0.4354
vn 0.4432 -0.8501 -0.2845
vn -0.8441 0.5111 0.1622
vn -0.7535 0.6548 -0.0593
vn -0.1057 0.9300 0.3521
vn 0.9383 0.1045 0.3298
vn 0.9484 0.3162 0.0222
vn 0.9522 0.1472 0.2677
vn 0.1025 0.9354 0.3383
vn 0.1850 0.9187 0.3490
vn -0.8303 -0.5188 -0.2035
vn 0.3116 -0.9288 0.2006
vn -0.4081 -0.9123 0.0340
vn 0.2663 -0.9496 0.1651
vn 0.5401 -0.0876 0.8370
vn 0.1972 -0.9497 0.2433
vn -0.0343 0.9962 -0.0803
vn 0.9659 0.2534 -0.0528
vn -0.3573 0.8813 0.3092
vn 0.0789 0.9520 0.2957
vn 0.9052 0.4121 -0.1039
vn 0.4438 -0.7903 -0.4225
vn -0.3331 -0.9066 0.2592
vn -0.5189 -0.8033 0.2922
vn -0.6837 -0.6243 0.3779
vn 0.3847 -0.9116 0.1447
vn 0.4120 -0.9086 0.0687
vn 0.4068 -0.9031 0.1375
vn -0.5026 -0.8616 -0.0711
vn -0.4215 -0.9067 -0.0175
vn -0.6461 -0.7549 -0.1128
vn 0.4129 -0.9101 0.0346
vn -0.7137 0.6733 -0.1932
vn 0.9690 0.0212 -0.2463
vn 0.9899 0.1396 0.0226
vn 0.9691 0.0106 -0.2463
vn 0.9906 0.1290 0.0445
vn -0.0627 0.9863 -0.1523
vn 0.9651 0.0845 0.2477
vn 0.9746 0.0534 0.2176
vn 0.3859 0.9200 -0.0677
vn 0.3559 0.9021 0.2441
vn 0.0009 0.5595 0.8288
vn 0.8639 0.4548 0.2163
vn -0.9461 0.3153 0.0739
vn -0.7946 -0.5488 -0.2595
vn -0.8575 0.4844 0.1735
vn -0.2674 0.9378 0.2215
vn 0.0454 0.9917 0.1200
vn 0.0795 0.9766 0.2000
vn 0.8809 0.4693 -0.0614
vn 0.9411 0.3135 -0.1266
vn 0.1018 0.9303 0.3524
vn 0.8434 0.5117 0.1638
vn 0.7537 0.6546 -0.0580
vn 0.7326 -0.5323 -0.4242
vn 0.3489 0.8841 0.3108
vn -0.1063 0.9351 0.3380
vn -0.9485 0.3162 0.0206
vn -0.9529 0.1468 0.2655
vn -0.9658 0.2536 -0.0544
vn 0.7959 -0.5478 -0.2577
vn 0.3796 -0.8317 -0.4052
vn -0.0822 0.9518 0.2956
vn -0.4480 -0.8201 -0.3561
vn -0.4105 -0.8004 -0.4368
vn -0.4398 -0.7917 -0.4240
vn -0.9048 0.4125 -0.1055
vn 0.9468 -0.2417 -0.2127
vn 0.4432 0.7205 -0.5334
vn -0.0202 0.8782 -0.4778
vn 0.9395 -0.2920 -0.1793
vn -0.4405 -0.8511 -0.2856
vn -0.2680 -0.9492 0.1646
vn 0.5776 -0.8159 -0.0269
vn -0.9326 0.0968 0.3476
vn -0.5471 -0.0872 0.8325
vn 0.4766 -0.1368 0.8684
vn -0.1998 -0.9492 0.2429
vn 0.4216 0.9066 -0.0168
vn -0.1823 0.9229 0.3392
vn 0.0352 0.9961 -0.0803
vn 0.4149 -0.8165 -0.4015
vn 0.8315 -0.5177 -0.2015
vn 0.4078 -0.9124 0.0346
vn 0.7103 0.6776 -0.1906
vn 0.0644 0.9863 -0.1521
vn 0.6469 -0.7544 -0.1116
vn 0.4217 -0.9066 -0.0169
vn -0.4125 -0.9084 0.0680
vn -0.3861 -0.9111 0.1440
vn -0.4081 -0.9026 0.1367
vn -0.4132 -0.9100 0.0339
vn 0.5032 -0.8613 -0.0703
vn 0.1435 -0.9655 0.2171
vn -0.9900 0.1396 0.0210
vn -0.9684 0.0212 -0.2485
vn -0.9686 0.0106 -0.2485
vn -0.9907 0.1289 0.0428
vn -0.3853 0.9203 -0.0683
vn -0.9657 0.0844 0.2455
vn -0.9750 0.0532 0.2155
vn -0.3583 0.9013 0.2433
vn -0.3175 0.5297 -0.7865
vn 0.9266 0.3636 0.0959
vn 0.9419 0.3247 0.0859
vn -0.9270 0.3632 0.0940
vn 0.1975 0.8914 0.4080
vn -0.9308 -0.2715 -0.2447
vn -0.8176 0.4142 0.4000
vn 0.3835 0.2905 0.8766
vn -0.6827 0.0927 0.7248
vn 0.9481 0.3161 0.0330
vn 0.3256 0.5284 -0.7840
vn 0.9610 0.2544 0.1083
vn -0.4537 0.7098 -0.5389
vn -0.9321 -0.3136 -0.1813
vn 0.0201 0.8642 -0.5027
vn -0.5731 -0.8190 -0.0276
vn 0.8846 0.3958 -0.2466
vn 0.6361 0.3002 -0.7108
vn 0.4852 0.0256 -0.8740
vn 0.3835 0.2903 0.8767
vn 0.6636 0.7397 -0.1121
vn 0.3071 0.6253 -0.7174
vn 0.7997 0.5208 -0.2988
vn 0.8515 0.3922 0.3481
vn 0.2867 0.8836 -0.3703
vn -0.5074 -0.3351 0.7939
vn 0.4988 -0.3358 0.7990
vn -0.2829 0.8845 -0.3711
vn -0.2996 0.6266 -0.7194
vn -0.7982 0.5220 -0.3008
vn 0.4496 -0.6094 -0.6531
vn 0.3390 0.1630 -0.9266
vn 0.5398 0.5496 -0.6376
vn 0.9967 -0.0752 -0.0318
vn 0.4269 0.4687 -0.7733
vn -0.4435 -0.6111 -0.6556
vn 0.0467 0.9917 -0.1199
vn 0.1533 -0.8795 -0.4505
vn -0.0513 0.9893 -0.1367
vn -0.3296 0.1636 -0.9299
vn -0.1483 -0.8801 -0.4511
vn -0.0715 0.9065 0.4162
vn 0.0669 0.9067 0.4164
vn 0.3065 0.8223 -0.4794
vn -0.3416 0.8572 -0.3854
vn -0.3015 0.8235 -0.4806
vn -0.3626 0.8718 -0.3292
vn 0.4075 0.9106 -0.0682
vn 0.6922 0.7214 0.0196
vn -0.3835 0.8852 -0.2633
vn -0.4569 0.8895 0.0083
vn -0.9966 -0.0752 -0.0335
vn -0.5298 0.5533 -0.6428
vn -0.1459 -0.9652 0.2169
vn -0.6634 0.2580 -0.7024
vn -0.4386 0.6721 -0.5966
vn -0.9581 -0.2216 0.1814
vn -0.5876 -0.6278 -0.5105
vn -0.9344 -0.3560 -0.0114
vn -0.9455 -0.3257 -0.0008
vn -0.9995 0.0215 -0.0227
vn -0.1088 -0.9663 -0.2334
vn 0.0847 -0.5468 -0.8330
vn -0.3385 -0.5183 -0.7854
vn 0.4795 0.5132 -0.7118
vn 0.8951 0.3695 -0.2495
vn 0.7910 0.3495 -0.5021
vn 0.9974 0.0645 0.0336
vn 0.5938 -0.8021 -0.0636
vn 0.4618 -0.8797 0.1132
vn 0.9953 0.0857 0.0443
vn 0.9969 -0.0644 0.0444
vn -0.9245 -0.3628 -0.1167
vn -0.8497 -0.3995 0.3442
vn -0.9112 -0.2990 -0.2835
vn 0.9343 -0.3558 -0.0205
vn 0.9341 -0.3557 -0.0311
vn 0.9850 -0.1495 -0.0860
vn 0.1194 -0.2575 -0.9589
vn 0.1482 -0.4305 -0.8903
vn 0.1252 -0.5334 -0.8365
vn -0.0404 -0.9989 0.0240
vn -0.0404 -0.9989 0.0239
vn 0.0566 -0.0155 -0.9983
vn 0.9713 -0.2337 0.0440
vn 0.9674 -0.1483 0.2051
vn 0.9819 -0.1277 -0.1397
vn 0.8348 -0.5505 0.0107
vn 0.3496 -0.9323 0.0925
vn 0.4271 -0.8821 0.1985
vn 0.0741 -0.0622 0.9953
vn -0.6640 -0.7306 0.1591
vn -0.4823 0.8298 0.2806
vn -0.8145 0.0892 -0.5733
vn -0.9808 -0.1065 -0.1631
vn -0.9305 0.2819 -0.2340
vn -0.9109 0.2784 -0.3045
vn 0.0401 -0.9989 0.0240
vn 0.0402 -0.9989 0.0240
vn 0.5922 0.6716 -0.4452
vn 0.6007 0.5473 -0.5828
vn 0.2692 0.8503 -0.4522
vn 0.6020 0.7393 -0.3017
vn 0.7177 0.6305 -0.2957
vn 0.0870 0.9930 -0.0800
vn 0.4506 0.8885 -0.0864
vn 0.1758 0.9841 -0.0242
vn -0.8917 -0.3898 -0.2300
vn -0.4438 0.7378 -0.5086
vn -0.6440 -0.7605 0.0832
vn -0.4071 -0.9094 0.0852
vn -0.4298 -0.9019 0.0428
vn -0.7746 -0.6312 0.0388
vn 0.1618 -0.9761 0.1452
vn 0.2742 -0.9604 -0.0494
vn -0.2427 -0.8731 0.4229
vn -0.0252 -0.9170 0.3980
vn -0.0766 -0.9544 0.2884
vn -0.9468 -0.3155 0.0633
vn -0.1755 0.9842 -0.0245
vn -0.1926 0.9813 -0.0002
vn -0.4497 0.8889 -0.0872
vn -0.9709 0.0744 -0.2276
vn -0.6647 0.7422 -0.0854
vn 0.9466 -0.3157 0.0649
vn 0.9422 -0.3349 0.0114
vn 0.9974 -0.0322 -0.0646
vn 0.9976 -0.0429 -0.0537
vn 0.8671 0.4964 0.0419
vn 0.9395 -0.3030 0.1600
vn 0.4798 0.8309 0.2817
vn 0.7270 -0.3517 0.5897
vn 0.6629 -0.7313 0.1604
vn 0.3455 -0.9366 0.0592
vn 0.1489 -0.8912 0.4285
vn 0.4532 -0.8015 0.3901
vn 0.1546 -0.8904 0.4281
vn 0.0845 0.6911 -0.7178
vn 0.0732 0.5707 -0.8179
vn 0.0790 0.5794 -0.8112
vn 0.9812 -0.1064 -0.1612
vn 0.8871 -0.4586 0.0525
vn 0.9761 -0.2133 -0.0425
vn -0.3452 -0.9340 0.0921
vn 0.0938 -0.9621 -0.2562
vn 0.1041 -0.9919 0.0726
vn 0.0480 -0.9351 -0.3511
vn -0.7611 -0.6451 0.0678
vn -0.7298 -0.6188 -0.2907
vn -0.7414 -0.5941 -0.3120
vn -0.8938 0.3393 -0.2932
vn -0.9755 -0.1492 0.1615
vn -0.0652 0.7389 -0.6707
vn -0.0760 0.6955 -0.7145
vn -0.0765 0.6915 -0.7184
vn -0.9711 -0.2125 -0.1087
vn -0.9866 -0.1498 0.0644
vn -0.9856 0.1389 0.0969
vn -0.8565 0.5145 0.0403
vn -0.9304 0.3542 0.0945
vn -0.9340 -0.3558 -0.0327
vn -0.9982 0.0429 0.0428
vn -0.3657 -0.9138 0.1769
vn -0.9954 -0.0857 0.0427
vn -0.1157 -0.9912 -0.0645
vn -0.9815 0.1491 -0.1198
vn -0.9760 -0.2134 -0.0441
vn -0.0535 0.7429 -0.6673
vn -0.0477 0.7280 -0.6839
vn -0.4152 -0.8430 0.3421
vn -0.8942 0.3704 -0.2515
vn -0.4731 0.5148 -0.7150
vn -0.7884 0.3508 -0.5054
vn 0.9580 -0.2851 -0.0314
vn 0.9543 -0.2100 -0.2126
vn 0.9740 -0.0106 -0.2261
vn 0.9754 0.1704 -0.1399
vn 0.0840 0.6952 -0.7139
vn 0.0727 0.7385 -0.6703
vn 0.9301 0.3545 0.0961
vn 0.9854 0.1390 0.0986
vn 0.9861 -0.0856 0.1422
vn 0.9865 -0.1499 0.0660
vn 0.9713 -0.2123 -0.1070
vn 0.9341 0.2612 -0.2434
vn 0.9833 0.1386 -0.1183
vn 0.1300 -0.8620 -0.4899
vn 0.9969 -0.0430 0.0662
vn 0.9891 -0.1181 0.0881
vn 0.7624 0.6069 -0.2244
vn 0.9120 0.2776 -0.3021
vn 0.6653 0.7418 -0.0842
vn 0.5331 -0.8183 0.2149
vn 0.9944 0.0963 -0.0426
vn 0.1996 -0.9771 -0.0731
vn 0.9714 0.0743 -0.2255
vn 0.8533 -0.5131 0.0927
vn 0.1162 -0.9932 0.0082
vn 0.1162 -0.9931 0.0162
vn 0.7182 -0.2536 -0.6480
vn 0.4415 -0.2185 -0.8703
vn 0.7227 -0.0378 -0.6901
vn 0.3070 0.1213 -0.9439
vn -0.0909 -0.9623 -0.2564
vn -0.0440 -0.9352 -0.3513
vn -0.1049 -0.9918 0.0724
vn -0.4929 -0.8647 -0.0970
vn -0.5469 -0.8277 -0.1257
vn -0.7778 -0.6246 -0.0700
vn -0.6713 0.2395 0.7014
vn -0.5890 0.2575 0.7660
vn -0.8022 0.2441 0.5449
vn -0.9949 -0.0856 0.0535
vn -0.7103 -0.6331 -0.3077
vn -0.9557 -0.2740 -0.1078
vn -0.9345 0.3560 -0.0008
vn -0.8607 -0.0300 0.5082
vn 0.0429 -0.8394 0.5418
vn 0.3931 -0.9138 -0.1018
vn -0.5961 0.5492 -0.5857
vn -0.1157 -0.9912 -0.0646
vn -0.3387 -0.8797 0.3337
vn -0.4531 -0.8134 0.3649
vn -0.7307 -0.3503 0.5860
vn -0.7274 0.6140 0.3064
vn -0.9071 0.3714 0.1983
vn -0.9865 -0.1605 0.0318
vn -0.9848 -0.1496 -0.0877
vn -0.0454 -0.0155 -0.9988
vn -0.4653 -0.8851 -0.0091
vn -0.9226 0.3858 -0.0008
vn -0.5887 0.6734 -0.4473
vn -0.8873 -0.4583 0.0510
vn -0.0944 -0.9218 0.3760
vn -0.0875 -0.9879 0.1284
vn 0.1164 -0.9911 -0.0644
vn 0.1164 -0.9911 -0.0643
vn 0.1515 -0.9845 -0.0886
vn 0.9281 -0.2500 0.2758
vn 0.9963 0.0750 -0.0427
vn 0.9677 -0.2223 0.1191
vn 0.8173 0.0887 -0.5694
vn -0.0700 0.5798 -0.8118
vn -0.0641 0.5710 -0.8184
vn 0.2275 0.0796 0.9705
vn 0.3910 0.4655 0.7940
vn 0.2597 0.3538 0.8986
vn 0.9733 0.2234 -0.0532
vn 0.4533 -0.8015 0.3901
vn 0.4336 -0.8085 0.3979
vn 0.8518 0.5014 -0.1520
vn 0.1927 0.9813 0.0002
vn 0.4278 -0.8755 0.2248
vn 0.8664 -0.4752 -0.1533
vn 0.7255 0.6153 0.3083
vn 0.4141 0.9023 -0.1196
vn 0.9390 -0.2925 0.1811
vn 0.8533 -0.5130 0.0927
vn 0.1859 -0.9792 0.0810
vn 0.7307 0.6573 0.1844
vn -0.7141 -0.2547 -0.6521
vn -0.4332 -0.2193 -0.8742
vn -0.2972 0.1216 -0.9470
vn -0.7183 -0.0380 -0.6947
vn 0.1917 -0.4270 0.8837
vn 0.0457 -0.1479 0.9879
vn 0.2163 -0.4375 0.8728
vn -0.0927 -0.9941 0.0560
vn -0.6877 0.7260 -0.0100
vn -0.9236 0.3759 -0.0750
vn -0.5346 0.8449 0.0174
vn -0.9973 0.0322 -0.0663
vn -0.9613 0.2755 0.0100
vn -0.9454 0.3257 0.0099
vn -0.4351 0.9004 0.0083
vn -0.8480 -0.3506 -0.3975
vn -0.9782 0.1698 -0.1195
vn -0.6445 -0.7533 -0.1311
vn -0.9864 -0.1606 -0.0334
vn -0.6638 -0.6960 -0.2739
vn -0.1634 -0.9759 0.1448
vn 0.1112 -0.9642 -0.2408
vn -0.1330 -0.9847 -0.1130
vn 0.9752 -0.1494 0.1634
vn -0.3847 -0.9116 -0.1447
vn -0.3921 -0.9142 -0.1025
vn -0.0852 -0.0622 0.9944
vn 0.3861 -0.9111 -0.1440
vn -0.4358 -0.8128 0.3866
vn -0.4414 -0.8290 0.3433
vn -0.9864 -0.0855 0.1404
vn -0.4649 -0.7947 0.3902
vn -0.9924 0.1184 -0.0336
vn -0.4212 0.8989 -0.1209
vn -0.0861 0.9931 -0.0801
vn -0.1038 -0.9945 -0.0161
vn -0.2353 -0.9718 0.0161
vn -0.9636 0.2654 0.0316
vn -0.9559 -0.2739 0.1062
vn -0.9993 0.0324 0.0210
vn -0.7931 -0.6052 0.0687
vn -0.7993 0.6002 0.0293
vn -0.3905 -0.9181 -0.0679
vn -0.8783 0.4781 -0.0007
vn 0.8991 -0.4093 -0.1551
vn 0.8772 -0.4774 -0.0509
vn 0.5472 -0.8362 0.0362
vn 0.9202 0.3740 -0.1153
vn 0.9261 0.2901 -0.2413
vn 0.8055 0.5896 -0.0594
vn 0.7846 -0.6137 -0.0884
vn -0.3923 -0.9025 0.1779
vn 0.4738 0.8806 -0.0084
vn 0.9044 0.1756 0.3888
vn 0.5020 0.7695 -0.3947
vn 0.3808 0.9038 -0.1952
vn 0.4337 0.0251 -0.9007
vn 0.3003 -0.8636 -0.4051
vn 0.4490 -0.8671 -0.2156
vn 0.6777 0.7303 0.0861
vn 0.4276 0.8960 -0.1198
vn -0.3893 0.8033 -0.4508
vn -0.4718 0.8781 -0.0791
vn -0.9971 0.0002 0.0755
vn -0.5625 0.3650 -0.7419
vn -0.0004 0.3258 -0.9455
vn -0.4573 -0.8831 -0.1048
vn -0.0839 -0.8682 -0.4891
vn -0.5118 0.8562 0.0706
vn -0.4594 -0.8758 0.1479
vn -0.1423 -0.6364 0.7581
vn 0.7088 0.7051 -0.0185
vn 0.9378 -0.3025 0.1703
vn 0.6023 0.7957 -0.0637
vn 0.7007 -0.7135 0.0006
vn -0.4848 0.5549 0.6760
vn 0.3646 -0.9236 0.1186
vn 0.7753 0.6118 -0.1572
vn -0.8912 0.2860 0.3520
vn 0.4203 -0.9048 0.0691
vn -0.1107 -0.9927 0.0483
vn -0.1335 -0.9902 0.0401
vn -0.0344 -0.9991 -0.0240
vn 0.0005 -0.9968 -0.0797
vn 0.0110 0.3258 -0.9454
vn 0.9768 0.0536 0.2072
vn 0.3707 -0.9001 0.2289
vn 0.2281 -0.9483 0.2206
vn -0.4731 0.8513 0.2267
vn -0.4732 0.8513 0.2267
vn -0.4568 0.8894 0.0170
vn 0.3779 -0.9240 -0.0589
vn 0.4650 -0.8849 0.0266
vn -0.2479 -0.9686 -0.0166
vn -0.3062 -0.9514 0.0331
vn -0.2685 -0.9604 0.0742
vn -0.1998 -0.9798 0.0080
vn 0.4902 0.8695 -0.0614
vn 0.4336 -0.8085 0.3980
vn 0.1679 -0.9574 0.2351
vn 0.9265 0.3738 0.0430
vn 0.8110 -0.5135 -0.2803
vn 0.9924 -0.1185 0.0336
vn 0.7421 -0.6697 -0.0285
vn 0.8797 0.3982 0.2599
vn 0.9545 0.2738 0.1184
vn 0.8664 0.4862 0.1139
vn 0.0923 -0.9937 0.0642
vn 0.9112 -0.4116 -0.0201
vn -0.6822 -0.7189 -0.1333
vn 0.5347 -0.8261 -0.1781
vn 0.0765 -0.9522 -0.2957
vn 0.0768 -0.9468 -0.3125
vn 0.0945 -0.9149 -0.3925
vn 0.6076 0.4485 -0.6555
vn 0.3253 0.5853 -0.7427
vn 0.9585 -0.2538 0.1297
vn 0.9041 0.0103 -0.4271
vn -0.2256 -0.4367 0.8709
vn -0.0568 -0.1478 0.9874
vn -0.2013 -0.4263 0.8819
vn 0.4216 -0.9068 0.0004
vn 0.4580 -0.5970 0.6587
vn -0.7419 -0.6698 -0.0297
vn -0.4640 -0.5952 0.6560
vn -0.4216 -0.9068 -0.0003
vn -0.7907 -0.6040 -0.0996
vn -0.7542 0.6555 -0.0398
vn -0.2793 0.4690 -0.8379
vn -0.3464 -0.9103 0.2267
vn -0.4872 -0.8732 0.0084
vn -0.7611 -0.6450 0.0678
vn -0.7747 -0.6312 0.0388
vn -0.9113 0.4117 0.0097
vn -0.5021 -0.6996 0.5084
vn -0.3313 0.9373 0.1083
vn 0.0863 0.9947 0.0562
vn 0.1503 0.9710 0.1861
vn 0.6528 -0.7460 0.1315
vn 0.1334 -0.9878 -0.0802
vn -0.2419 -0.9482 -0.2060
vn -0.4607 -0.8203 -0.3388
vn -0.0489 -0.8392 0.5416
vn 0.1243 0.8679 0.4809
vn 0.9052 -0.2985 -0.3024
vn 0.9697 -0.0636 -0.2358
vn -0.5605 -0.8119 -0.1636
vn -0.9560 -0.0422 -0.2903
vn -0.8302 -0.2297 -0.5079
vn -0.3648 -0.9302 0.0419
vn -0.2928 -0.9549 0.0495
vn 0.9652 -0.0527 -0.2561
vn -0.4432 -0.8954 0.0429
vn -0.9679 -0.2221 0.1174
vn -0.9002 0.4308 -0.0633
vn -0.9652 0.2429 -0.0973
vn -0.6369 0.7702 0.0333
vn -0.5548 -0.7870 -0.2699
vn -0.5626 -0.7713 -0.2976
vn -0.7615 -0.6176 -0.1967
vn -0.2436 -0.7005 -0.6708
vn -0.4235 -0.7266 -0.5410
vn -0.8598 -0.3827 -0.3381
vn -0.9814 0.1917 0.0100
vn -0.9542 0.2944 0.0526
vn -0.2177 0.9703 0.1057
vn -0.9472 -0.2635 -0.1827
vn -0.9728 -0.1916 -0.1305
vn -0.1062 -0.8107 -0.5757
vn -0.1758 0.9836 0.0405
vn -0.8514 -0.3520 -0.3889
vn 0.3274 -0.8476 -0.4176
vn 0.2430 -0.8912 -0.3831
vn -0.0233 0.4415 -0.8969
vn -0.2242 0.6244 -0.7482
vn -0.3905 0.4816 -0.7846
vn 0.2382 0.7618 -0.6025
vn -0.2200 0.8026 -0.5545
vn -0.7573 0.4328 -0.4892
vn -0.3256 0.6547 -0.6821
vn -0.9166 0.2801 -0.2852
vn -0.7751 -0.5235 0.3538
vn -0.7640 -0.5887 0.2639
vn -0.9137 0.1545 0.3758
vn -0.9041 -0.0206 0.4269
vn -0.6538 -0.7454 0.1303
vn 0.9125 0.1550 0.3785
vn 0.9026 -0.0206 0.4300
vn -0.5882 -0.7171 -0.3738
vn -0.7416 -0.6322 -0.2244
vn -0.7550 -0.6558 -0.0006
vn 0.5912 -0.7156 -0.3721
vn 0.7550 -0.6558 0.0006
vn 0.7429 -0.6312 -0.2228
vn 0.1455 -0.9820 -0.1205
vn -0.1442 -0.9821 -0.1209
vn -0.9193 0.1864 0.3466
vn 0.2118 -0.9697 -0.1219
vn 0.1456 -0.9820 -0.1205
vn -0.5881 -0.7172 -0.3738
vn 0.9182 0.1870 0.3492
vn -0.8308 0.5474 0.1004
vn -0.2821 0.8878 0.3638
vn -0.2105 -0.9699 -0.1223
vn 0.5911 -0.7157 -0.3718
vn -0.1442 -0.9821 -0.1208
vn -0.3582 -0.9305 -0.0762
vn -0.1998 0.9798 -0.0002
vn 0.1052 0.9826 -0.1528
vn -0.2604 -0.9638 -0.0578
vn -0.6453 -0.7630 -0.0377
vn -0.2796 -0.9598 -0.0250
vn -0.7421 -0.6700 -0.0201
vn -0.9613 -0.2755 0.0100
vn 0.1000 -0.7555 0.6475
vn -0.2136 -0.8321 0.5118
vn 0.3077 -0.8160 0.4893
vn -0.3203 -0.7606 0.5647
vn -0.3075 -0.7418 0.5959
vn -0.3075 -0.7419 0.5959
vn 0.4785 -0.8289 0.2898
vn 0.3079 -0.8162 0.4890
vn 0.0024 -0.9026 -0.4305
vn -0.9812 -0.1916 -0.0224
vn -0.9548 0.2735 0.1167
vn -0.3995 0.8701 0.2886
vn -0.5332 0.8422 0.0797
vn -0.9958 -0.0643 0.0645
vn -0.5749 -0.7386 0.3520
vn -0.9990 0.0107 0.0429
vn -0.9907 -0.1290 0.0428
vn -0.6137 -0.7738 0.1567
vn -0.6072 -0.7940 -0.0280
vn -0.2813 0.8181 0.5016
vn -0.8103 -0.5033 0.3001
vn -0.3729 -0.8994 0.2280
vn 0.3238 -0.9438 0.0670
vn -0.5517 0.8340 -0.0095
vn -0.5324 -0.8086 -0.2504
vn -0.9923 -0.0970 -0.0774
vn -0.4568 0.8895 -0.0090
vn 0.4228 -0.7343 -0.5311
vn 0.4422 -0.6588 -0.6086
vn -0.3321 -0.3903 0.8587
vn -0.9289 -0.2494 0.2737
vn -0.9588 -0.2535 0.1280
vn -0.8309 0.0900 -0.5490
vn 0.7817 -0.3510 0.5155
vn 0.7243 0.0853 0.6842
vn -0.9388 0.3443 0.0098
vn -0.3002 0.9525 -0.0503
vn -0.9584 0.2853 -0.0115
vn -0.3589 0.9320 -0.0510
vn -0.9963 -0.0858 -0.0008
vn -0.2865 0.9560 -0.0625
vn 0.2871 0.2891 -0.9132
vn -0.9773 0.0534 0.2052
vn -0.2304 -0.9479 0.2201
vn 0.6831 -0.7183 -0.1321
vn 0.0651 0.9427 -0.3271
vn 0.1280 0.9800 -0.1524
vn 0.5419 0.7287 -0.4187
vn 0.5121 0.7313 -0.4505
vn -0.1614 -0.2359 -0.9583
vn -0.1558 -0.2360 -0.9592
vn -0.1151 -0.2429 -0.9632
vn -0.2037 -0.2302 -0.9516
vn 0.9418 -0.0731 -0.3281
vn 0.6832 -0.7182 -0.1321
vn 0.5423 -0.8379 -0.0622
vn 0.5424 -0.8378 -0.0623
vn 0.0191 0.9421 -0.3349
vn -0.9486 -0.3162 -0.0115
vn -0.1455 0.9882 -0.0487
vn 0.2872 0.9556 -0.0661
vn 0.1460 0.9881 -0.0484
vn 0.1460 0.9866 -0.0726
vn -0.1452 0.9867 -0.0729
vn 0.3590 0.9319 0.0510
vn 0.3250 0.9454 -0.0248
vn 0.7980 0.5996 0.0606
vn 0.4702 0.8824 -0.0170
vn 0.2984 0.9535 -0.0428
vn 0.2294 0.9717 -0.0569
vn 0.9388 0.3443 0.0114
vn 0.2426 0.9698 -0.0244
vn -0.2288 0.9718 -0.0573
vn -0.4702 0.8825 -0.0091
vn -0.2423 0.9699 -0.0248
vn -0.0467 0.9917 0.1199
vn 0.0116 0.9998 -0.0160
vn 0.3187 0.9460 0.0588
vn -0.2873 0.9561 0.0579
vn -0.8692 0.4665 0.1641
vn -0.7983 0.5993 0.0592
vn -0.0114 0.9998 -0.0160
vn -0.9388 0.3442 0.0098
vn -0.2850 -0.9582 -0.0250
vn -0.6272 -0.7403 -0.2420
vn -0.7649 -0.6393 -0.0793
vn -0.9914 -0.0968 -0.0883
vn -0.1969 -0.9192 -0.3411
vn -0.3104 0.3496 -0.8840
vn -0.0925 -0.9957 -0.0001
vn 0.2853 -0.9581 -0.0245
vn 0.2006 -0.9186 -0.3406
vn 0.0925 -0.9957 0.0001
vn 0.2798 -0.9597 -0.0246
vn 0.7422 -0.6699 -0.0188
vn -0.9767 0.2136 -0.0225
vn -0.9413 0.3348 -0.0433
vn -0.7543 0.6553 -0.0398
vn -0.7937 0.6062 -0.0503
vn -0.9060 0.4231 0.0097
vn -0.7822 -0.6118 0.1177
vn -0.8923 0.4509 0.0201
vn -0.3519 -0.8917 0.2848
vn -0.3651 -0.9124 0.1850
vn -0.8060 -0.5500 0.2188
vn -0.7751 -0.5821 0.2457
vn -0.9856 0.1603 0.0535
vn -0.7751 -0.5821 0.2458
vn -0.8819 0.4697 0.0408
vn -0.3247 0.9455 -0.0253
vn -0.7983 0.5994 0.0592
vn 0.7816 -0.6123 0.1191
vn 0.8817 0.4699 0.0422
vn 0.8923 0.4510 0.0216
vn -0.9024 -0.4012 -0.1575
vn -0.2872 0.9573 -0.0335
vn -0.3379 0.9406 -0.0338
vn -0.1160 0.9924 -0.0404
vn -0.3378 0.9406 -0.0338
vn -0.2871 0.9573 -0.0335
vn -0.0807 0.9959 -0.0402
vn -0.3244 0.9450 -0.0420
vn -0.9387 0.3442 0.0204
vn -0.2853 0.9581 0.0250
vn -0.3381 0.9398 0.0500
vn 0.3248 0.9449 -0.0414
vn 0.3249 0.9454 -0.0248
vn 0.3249 0.9448 -0.0415
vn -0.7615 0.4737 -0.4425
vn -0.9856 0.1604 0.0535
vn 0.0609 0.7426 -0.6669
vn 0.0554 0.7278 -0.6835
vn 0.1853 -0.0790 0.9795
vn 0.0812 0.9959 -0.0401
vn 0.3382 0.9405 -0.0332
vn 0.3382 0.9405 -0.0333
vn 0.8923 0.4510 0.0215
vn -0.3536 -0.7936 0.4951
vn -0.7656 -0.5315 0.3625
vn -0.3310 -0.7577 0.5624
vn 0.2421 0.9694 0.0412
vn 0.2851 0.9582 0.0250
vn -0.2425 0.9693 0.0408
vn 0.9386 0.3443 0.0220
vn 0.1164 0.9924 -0.0402
vn 0.3590 -0.9303 -0.0756
vn 0.3594 0.9318 -0.0504
vn 0.9906 -0.1290 0.0445
vn 0.5604 0.8282 -0.0086
vn 0.9486 -0.3162 -0.0099
vn 0.9963 -0.0858 0.0008
vn 0.2441 -0.9477 -0.2055
vn -0.1325 -0.9879 -0.0804
vn 0.9567 -0.0421 -0.2879
vn 0.9541 0.2946 0.0542
vn 0.1998 0.9798 0.0002
vn 0.2165 0.9705 0.1061
vn -0.1331 0.9791 -0.1537
vn 0.9913 -0.1076 -0.0756
vn 0.8303 0.5479 0.1019
vn 0.8530 -0.3509 -0.3863
vn 0.8517 0.2902 -0.4363
vn 0.2927 0.9539 -0.0660
vn 0.2782 0.8886 0.3646
vn 0.9654 0.2427 -0.0956
vn 0.3302 0.9376 0.1089
vn 0.4638 -0.8191 -0.3376
vn 0.5618 -0.8112 -0.1625
vn 0.8325 -0.2288 -0.5045
vn 0.9813 -0.1916 -0.0208
vn -0.0614 0.9429 -0.3273
vn -0.0153 0.9421 -0.3349
vn -0.5082 0.7329 -0.4524
vn 0.1719 -0.2356 -0.9565
vn 0.1256 -0.2427 -0.9619
vn 0.1663 -0.2357 -0.9575
vn 0.2140 -0.2298 -0.9494
vn -0.5419 -0.8381 -0.0632
vn 0.8089 -0.5045 0.3021
vn -0.9409 -0.0734 -0.3306
vn -0.5418 -0.8382 -0.0633
vn 0.8612 -0.3815 -0.3358
vn 0.1126 -0.8102 -0.5752
vn 0.2508 -0.6994 -0.6693
vn -0.4177 -0.7358 -0.5330
vn -0.2134 -0.7898 0.5751
vn 0.5325 0.8426 0.0807
vn 0.9814 0.1917 0.0116
vn -0.4364 -0.6605 -0.6110
vn 0.4568 0.8895 -0.0083
vn -0.5384 0.7303 -0.4205
vn 0.5345 -0.8076 -0.2492
vn 0.3967 0.8711 0.2896
vn 0.6115 -0.7734 0.1669
vn 0.6075 -0.7938 -0.0270
vn 0.9584 0.2852 -0.0099
vn 0.4286 -0.7250 -0.5391
vn -0.3245 -0.9436 0.0664
vn -0.2920 0.9541 -0.0665
vn -0.8498 0.2912 -0.4393
vn 0.2761 0.8192 0.5027
vn -0.1524 0.9707 0.1858
vn -0.1296 0.8674 0.4804
vn 0.2923 -0.9550 0.0500
vn 0.3643 -0.9303 0.0425
vn 0.4428 -0.8955 0.0437
vn -0.9408 0.3139 -0.1283
vn -0.9646 -0.0528 -0.2583
vn 0.3013 -0.7431 0.5975
vn 0.7732 -0.5248 0.3560
vn 0.3198 -0.7605 0.5651
vn 0.3268 -0.7626 0.5583
vn 0.7731 -0.5249 0.3561
vn 0.3539 -0.7933 0.4955
vn -0.3232 -0.8487 -0.4187
vn 0.7636 -0.5329 0.3647
vn 0.9175 0.2794 -0.2830
vn 0.7625 -0.5899 0.2656
vn 0.7600 0.4312 -0.4862
vn 0.3378 0.6521 -0.6787
vn 0.3981 0.4802 -0.7816
vn 0.9004 0.4306 -0.0617
vn 0.6370 0.7700 0.0378
vn 0.9730 -0.1914 -0.1288
vn 0.2260 0.8016 -0.5535
vn -0.2316 0.7628 -0.6037
vn 0.2323 0.6234 -0.7466
vn -0.0869 0.9946 0.0561
vn 0.1753 0.9837 0.0408
vn 0.9940 0.1070 -0.0209
vn 0.7605 0.4796 -0.4378
vn 0.9855 0.1604 0.0551
vn 0.9029 -0.4006 -0.1558
vn 0.0334 0.4414 -0.8967
vn 0.3981 0.4801 -0.7817
vn 0.2322 0.6234 -0.7467
vn -0.2389 -0.8920 -0.3838
vn 0.5651 -0.7700 -0.2962
vn 0.5571 -0.7858 -0.2686
vn 0.7626 -0.6167 -0.1951
vn 0.3632 -0.9130 0.1858
vn 0.3570 -0.8889 0.2872
vn 0.8049 -0.5509 0.2205
vn 0.7738 -0.5831 0.2475
vn 0.8685 0.4672 0.1658
vn 0.9477 -0.2630 -0.1809
vn 0.2596 0.9398 0.2224
vn -0.8807 0.4695 -0.0629
vn 0.7737 -0.5833 0.2474
vn -0.0818 0.9764 0.1999
vn 0.8567 0.4851 0.1752
vn 0.2610 -0.9636 -0.0573
vn 0.6457 -0.7627 -0.0368
vn -0.1035 0.9828 -0.1530
vn 0.9640 -0.2657 0.0116
vn -0.1072 -0.7550 0.6469
vn -0.3127 -0.8148 0.4881
vn 0.2081 -0.8329 0.5127
vn 0.3014 -0.7431 0.5974
vn 0.2081 -0.8330 0.5127
vn -0.4811 -0.8278 0.2887
vn -0.3128 -0.8148 0.4881
vn -0.2503 -0.5842 0.7720
vn -0.9307 -0.3650 -0.0219
vn -0.1896 -0.9045 0.3820
vn 0.5194 -0.3666 0.7719
vn -0.7499 -0.5476 -0.3713
vn -0.5158 0.7948 -0.3198
vn -0.2790 0.4847 -0.8290
vn -0.0652 0.7821 -0.6198
vn -0.0731 -0.9446 -0.3199
vn 0.7276 -0.6171 0.2995
vn 0.2943 0.6152 -0.7314
vn 0.1813 0.9813 -0.0647
vn 0.9657 0.1057 0.2371
vn -0.4125 0.4744 0.7777
vn 0.6745 0.4261 0.6029
vn -0.9997 -0.0108 0.0212
vn -0.0813 -0.6021 -0.7943
vn 0.1892 -0.6562 -0.7305
vn -0.0735 -0.9680 -0.2399
vn -0.4961 0.6476 0.5784
vn 0.3945 0.6696 0.6293
vn 0.1808 -0.9759 0.1220
vn -0.9798 0.0426 -0.1953
vn 0.9614 0.1697 0.2164
vn 0.5670 -0.4867 -0.6646
vn 0.4729 -0.8783 -0.0696
vn 0.8339 0.4209 0.3569
vn -0.1301 -0.8757 -0.4649
vn 0.8420 -0.5299 -0.1009
vn -0.5024 0.8146 0.2900
vn -0.8046 -0.3744 -0.4609
vn 0.0792 0.5082 -0.8576
vn 0.1137 0.5250 -0.8435
vn 0.1253 0.5334 -0.8365
vn 0.9782 0.0956 0.1842
vn 0.1019 0.8950 0.4344
vn -0.1220 -0.9886 0.0883
vn -0.8178 0.4956 -0.2926
vn -0.9885 -0.0751 -0.1316
vn -0.9184 0.3943 -0.0324
vn 0.4362 -0.8877 0.1477
vn 0.5937 0.8028 0.0556
vn 0.8900 0.4500 0.0734
vn 0.1750 -0.9824 0.0650
vn 0.6832 0.7286 0.0480
vn 0.0304 0.9475 -0.3182
vn 0.7090 0.6763 -0.1998
vn 0.4499 0.8779 -0.1641
vn -0.5921 0.7442 0.3091
vn -0.9359 0.3143 0.1588
vn -0.9520 0.2305 0.2015
vn -0.3788 -0.9198 -0.1022
vn -0.1721 -0.8831 -0.4365
vn -0.4339 -0.8422 -0.3201
vn -0.8741 0.1817 0.4505
vn 0.6626 0.7487 0.0193
vn 0.4732 0.8788 -0.0608
vn 0.9462 0.3052 0.1076
vn -0.1508 0.9859 -0.0728
vn -0.3913 0.9196 -0.0343
vn 0.1620 0.9641 0.2105
vn -0.1814 0.9831 0.0242
vn -0.8875 0.4589 -0.0422
vn -0.9825 0.1813 0.0425
vn 0.9567 0.2743 0.0972
vn 0.3981 -0.8901 0.2221
vn 0.4190 -0.9021 0.1031
vn 0.0799 -0.9796 0.1846
vn -0.2009 -0.9645 0.1713
vn 0.9557 0.2845 0.0757
vn -0.9999 0.0108 -0.0008
vn -0.0025 0.8243 -0.5661
vn 0.9799 0.1596 0.1196
vn -0.6408 0.7222 -0.2605
vn 0.9295 -0.1148 0.3505
vn -0.1712 -0.7914 0.5868
vn -0.0330 -0.6309 0.7752
vn -0.8646 -0.3424 0.3677
vn -0.9525 0.3045 -0.0114
vn -0.0380 0.7582 0.6510
vn -0.0324 0.7622 0.6465
vn -0.0669 0.7537 0.6538
vn 0.0022 0.7769 0.6297
vn 0.3076 -0.7116 0.6317
vn 0.4134 -0.5622 0.7163
vn -0.9976 -0.0537 0.0428
vn -0.1516 -0.9845 0.0886
vn 0.9422 0.3351 0.0008
vn 0.8207 0.4774 0.3139
vn 0.9802 -0.0319 0.1954
vn 0.4906 0.6576 0.5717
vn -0.0512 0.9882 -0.1445
vn 0.9540 -0.2310 -0.1912
vn 0.9528 -0.2519 -0.1697
vn 0.1410 -0.8660 -0.4797
vn 0.1185 -0.8198 -0.5603
vn -0.3421 -0.8183 -0.4620
vn -0.4532 -0.8015 -0.3901
vn -0.5387 0.4000 0.7415
vn 0.1515 0.5998 0.7857
vn -0.2686 0.6840 0.6782
vn -0.9409 -0.0104 0.3384
vn -0.9359 -0.1038 0.3366
vn 0.1561 -0.3151 0.9361
vn -0.0848 -0.4681 0.8796
vn -0.1300 -0.7456 0.6536
vn 0.2128 -0.7509 0.6251
vn 0.2931 -0.5691 0.7683
vn 0.4320 0.8714 0.2324
vn 0.3310 0.9391 0.0923
vn 0.2758 0.7868 0.5522
vn -0.4082 -0.9129 -0.0004
vn -0.4544 -0.8617 -0.2257
vn -0.3279 -0.7730 -0.5432
vn 0.2739 0.9228 -0.2710
vn -0.4365 -0.8668 0.2412
vn -0.3018 -0.7682 -0.5647
vn -0.4466 -0.7340 -0.5117
vn -0.2767 -0.8681 -0.4122
vn 0.3931 0.9138 -0.1018
vn 0.5233 0.8386 0.1512
vn -0.3245 0.9309 -0.1676
vn 0.7740 0.6312 0.0499
vn 0.7992 0.5907 0.1107
vn -0.9953 0.0964 0.0101
vn -0.9545 0.2633 -0.1397
vn -0.3375 0.9176 -0.2102
vn 0.2540 -0.9484 0.1896
vn 0.2723 -0.9275 0.2563
vn 0.5651 -0.8006 0.1992
vn -0.5592 -0.8165 0.1437
vn -0.4869 -0.8724 0.0435
vn 0.5716 -0.8173 0.0727
vn 0.1064 0.8270 0.5521
vn -0.6938 0.2802 0.6634
vn 0.7433 0.6146 0.2640
vn 0.4648 -0.3740 -0.8026
vn 0.1139 -0.3519 -0.9291
vn -0.8977 0.4225 0.1249
vn -0.6152 -0.7870 -0.0465
vn -0.9450 0.2728 0.1804
vn 0.2489 -0.9254 -0.2859
vn 0.5508 -0.8132 -0.1881
vn 0.2884 0.7566 0.5869
vn 0.1696 0.6415 0.7482
vn -0.4686 -0.7471 -0.4714
vn -0.2718 -0.9179 -0.2890
vn 0.4959 0.6306 0.5970
vn 0.4911 0.7184 0.4927
vn 0.2919 0.9162 0.2745
vn -0.2936 0.9209 0.2564
vn 0.7627 0.6468 0.0006
vn -0.2862 0.9424 0.1731
vn 0.5169 0.8544 -0.0527
vn 0.2930 0.9558 -0.0246
vn -0.2052 -0.9784 -0.0246
vn -0.0931 -0.9852 0.1440
vn 0.2129 0.9481 -0.2364
vn 0.2425 -0.9693 -0.0408
vn -0.5656 -0.8164 0.1167
vn 0.6197 -0.7829 -0.0549
vn -0.2556 0.9655 0.0493
vn 0.7932 0.5953 -0.1282
vn -0.3453 0.3510 0.8704
vn 0.4683 0.0510 0.8821
vn -0.8634 -0.5042 0.0198
vn 0.9954 0.0858 -0.0427
vn -0.0391 -0.9699 -0.2403
vn -0.0507 -0.9768 -0.2081
vn -0.0566 -0.9781 -0.2003
vn 0.9734 -0.1382 -0.1828
vn 0.7532 0.6453 0.1278
vn 0.0615 0.9509 0.3034
vn 0.4262 -0.8643 0.2671
vn 0.5240 -0.8144 0.2495
vn 0.1738 0.9429 0.2842
vn -0.8622 0.4830 0.1526
vn 0.4498 0.8566 0.2527
vn 0.0130 -0.6649 0.7468
vn -0.8938 -0.0410 0.4465
vn -0.9490 0.1684 0.2666
vn -0.7744 0.6314 -0.0401
vn 0.3945 -0.6695 0.6294
vn 0.2615 -0.6852 0.6798
vn 0.9318 0.3551 0.0750
vn 0.1999 0.9797 -0.0161
vn 0.0811 0.9967 -0.0080
vn -0.7228 0.6472 -0.2423
vn -0.6244 0.7369 -0.2592
vn -0.4465 0.8175 -0.3637
vn 0.1537 0.8571 -0.4916
vn 0.1831 0.8508 -0.4925
vn 0.6737 0.6304 -0.3855
vn 0.8175 0.5033 -0.2800
vn 0.9811 -0.0852 0.1739
vn 0.5004 0.8656 -0.0172
vn -0.0867 0.9961 -0.0161
vn 0.6459 -0.7632 -0.0181
vn 0.6756 -0.7367 -0.0279
vn 0.6255 0.7724 -0.1102
vn 0.8143 0.5609 -0.1492
vn 0.0586 0.6340 0.7711
vn 0.0184 0.6177 0.7862
vn 0.0412 0.6306 0.7750
vn 0.0644 0.6339 0.7708
vn 0.0759 0.6417 0.7632
vn 0.0412 0.6307 0.7749
vn 0.9135 -0.2688 0.3053
vn 0.0461 0.9989 -0.0079
vn 0.4479 0.8858 0.1215
vn 0.6149 0.7866 0.0556
vn 0.8493 0.5109 0.1329
vn 0.0495 0.9120 0.4073
vn 0.3159 0.8852 0.3416
vn 0.9855 0.1605 0.0551
vn 0.9786 0.2016 -0.0423
vn 0.8735 0.4858 0.0316
vn -0.0066 0.9896 0.1436
vn -0.2111 0.9774 0.0080
vn -0.2794 0.9573 0.0739
vn -0.1171 0.9635 0.2406
vn -0.0078 0.9270 0.3750
vn 0.0046 0.9764 0.2160
vn -0.2690 0.7419 0.6142
vn 0.2907 0.8975 0.3317
vn 0.1020 0.9170 0.3855
vn -0.3409 0.7667 0.5440
vn -0.1534 0.9057 0.3953
vn 0.3290 0.8800 0.3427
vn -0.3408 0.7668 0.5440
vn 0.1395 0.6366 0.7585
vn -0.5095 0.6663 0.5445
vn 0.5287 0.7174 0.4536
vn 0.2337 0.9096 0.3436
vn 0.0955 0.8759 0.4730
vn -0.6628 0.7389 0.1214
vn -0.4439 0.8339 0.3281
vn 0.2962 0.8565 0.4228
vn 0.5973 0.6934 0.4030
vn -0.9605 0.2010 0.1926
vn 0.3478 0.8656 0.3603
vn 0.7854 0.5476 0.2887
vn 0.4057 0.9009 0.1543
vn 0.4956 0.8609 0.1152
vn -0.0869 0.9936 0.0720
vn -0.2009 0.9373 0.2847
vn 0.0622 0.9644 0.2570
vn 0.3478 0.8655 0.3604
vn -0.2009 0.9374 0.2846
vn -0.3117 0.9499 0.0247
vn 0.0390 0.9740 0.2234
vn -0.3535 0.9133 0.2021
vn 0.5989 0.8004 -0.0269
vn 0.6250 0.7645 0.1576
vn 0.1558 0.9758 0.1532
vn 0.3078 0.8160 0.4893
vn 0.6250 0.7645 0.1577
vn 0.2328 0.9219 0.3096
vn -0.4059 0.8450 0.3481
vn 0.2402 0.9194 0.3115
vn -0.2995 0.9118 0.2809
vn 0.8633 0.0703 -0.4997
vn 0.7078 0.2926 0.6430
vn 0.8583 -0.0402 0.5116
vn 0.2521 -0.0000 0.9677
vn 0.9806 0.1915 -0.0424
vn 0.4484 0.8935 -0.0256
vn 0.7983 0.5994 -0.0592
vn 0.5990 0.8007 0.0096
vn 0.9697 0.2439 0.0116
vn 0.4873 0.8731 -0.0172
vn 0.7040 0.7078 0.0581
vn -0.0117 0.2882 -0.9575
vn -0.0058 -0.1468 -0.9892
vn -0.0800 0.1715 -0.9819
vn 0.1030 -0.1950 0.9754
vn 0.1200 0.0702 0.9903
vn 0.0343 -0.1946 0.9803
vn -0.0288 -0.2788 -0.9599
vn 0.1730 0.2594 0.9502
vn 0.0167 0.2953 -0.9553
vn 0.0852 0.1790 -0.9802
vn 0.0169 -0.1468 -0.9890
vn -0.1023 -0.2101 0.9723
vn -0.0394 -0.1856 0.9818
vn -0.1310 0.0701 0.9889
vn 0.0394 -0.2788 -0.9595
vn -0.1833 0.2589 0.9483
vn 0.9902 0.1396 -0.0101
vn 0.1657 -0.2191 -0.9615
vn 0.0795 -0.1400 -0.9870
vn 0.6119 0.7909 0.0097
vn 0.1788 -0.0079 0.9839
vn 0.6316 -0.4065 -0.6602
vn -0.0285 -0.1087 -0.9937
vn 0.9853 0.1710 0.0008
vn 0.9672 -0.2539 0.0008
vn 0.9631 -0.2655 0.0439
vn 0.3730 -0.9278 0.0088
vn 0.0616 -0.6253 -0.7780
vn -0.1259 -0.1796 -0.9756
vn 0.2982 -0.4950 0.8161
vn -0.3567 0.8642 -0.3548
vn -0.4341 0.6488 -0.6251
vn -0.0126 0.6003 -0.7997
vn -0.2316 -0.6785 0.6971
vn -0.0622 -0.3738 0.9254
vn -0.0664 -0.7995 0.5970
vn -0.0607 0.8662 -0.4960
vn -0.2810 0.6443 0.7113
vn -0.0903 0.4984 0.8622
vn -0.0719 0.8566 -0.5109
vn -0.2823 0.7246 -0.6287
vn -0.2467 0.8989 -0.3621
vn -0.2317 -0.6785 0.6971
vn -0.1191 -0.3974 0.9099
vn -0.2136 -0.2929 0.9320
vn -0.9648 0.2004 0.1705
vn -0.9876 0.0858 -0.1316
vn -0.0210 -0.7248 0.6887
vn 0.3197 -0.7278 0.6067
vn 0.3113 -0.9431 0.1169
vn -0.6906 -0.6557 -0.3051
vn -0.0242 -0.9761 0.2159
vn 0.0648 -0.7197 0.6913
vn 0.2230 -0.5422 0.8101
vn -0.4489 0.5405 0.7116
vn -0.4690 0.5424 0.6970
vn -0.4718 0.5457 0.6925
vn -0.4359 0.6094 -0.6623
vn -0.0964 0.9334 -0.3456
vn -0.4655 0.5474 -0.6954
vn -0.0064 -0.9937 0.1121
vn 0.2462 0.0640 0.9671
vn -0.1243 0.8679 -0.4809
vn -0.4689 0.5425 0.6970
vn -0.4439 0.5420 0.7136
vn -0.4342 0.5461 0.7164
vn 0.4336 -0.0000 0.9011
vn 0.2487 0.9651 0.0826
vn 0.0075 0.9480 -0.3183
vn -0.2984 -0.9536 0.0411
vn -0.3125 -0.9428 0.1163
vn 0.1512 0.9820 0.1136
vn -0.0060 -0.9988 0.0479
vn -0.3468 -0.7179 -0.6037
vn -0.4415 -0.2204 -0.8698
vn -0.3525 -0.5250 0.7747
vn -0.6973 0.0188 -0.7165
vn 0.9698 -0.2439 0.0008
vn -0.9940 0.1070 -0.0226
vn -0.7318 0.6565 0.1830
vn -0.2240 0.9737 0.0407
vn -0.4216 0.9068 -0.0003
vn -0.0861 -0.9931 -0.0801
vn -0.0858 -0.9917 -0.0960
vn 0.0561 -0.9607 0.2720
vn -0.1358 -0.8914 0.4325
vn -0.1502 -0.9767 -0.1534
vn -0.3792 -0.8824 0.2787
vn 0.1864 -0.9612 0.2035
vn 0.1649 -0.9494 -0.2673
vn -0.2067 -0.9284 0.3087
vn -0.3738 -0.8497 0.3719
vn -0.9997 0.0215 -0.0118
vn -0.9980 0.0538 -0.0335
vn -0.9937 0.1070 -0.0334
vn -0.2927 0.7259 0.6224
vn -0.8261 0.5143 0.2303
vn 0.0488 0.8486 0.5268
vn -0.3861 -0.7818 0.4896
vn 0.1473 -0.8300 0.5380
vn 0.3698 0.4785 0.7964
vn 0.6413 0.5869 0.4942
vn 0.9305 0.1357 0.3403
vn 0.8958 -0.4425 0.0425
vn 0.8220 0.2472 0.5130
vn 0.7588 -0.6439 0.0982
vn -0.9215 0.3542 -0.1595
vn -0.6146 0.7068 -0.3502
vn 0.1646 0.9293 -0.3306
vn 0.2125 0.9372 -0.2765
vn 0.6266 0.7549 -0.1935
vn 0.8180 0.5644 0.1113
vn 0.1533 -0.8003 0.5796
vn -0.0777 -0.8317 0.5498
vn 0.8391 0.4198 0.3459
vn 0.8623 -0.1516 0.4831
vn 0.8668 0.0508 0.4960
vn 0.7923 0.5571 0.2488
vn 0.0603 -0.8834 -0.4646
vn 0.3593 -0.9129 -0.1936
vn 0.4288 -0.8285 -0.3603
vn 0.7936 0.4215 0.4387
vn 0.7834 0.4102 0.4669
vn 0.6246 0.5476 0.5568
vn 0.3583 -0.8076 -0.4684
vn 0.4957 -0.6559 -0.5693
vn -0.1289 -0.7711 -0.6235
vn 0.9898 -0.0752 0.1209
vn 0.9057 -0.4229 -0.0307
vn -0.9335 0.3453 -0.0965
vn -0.9029 0.3809 -0.1994
vn 0.8912 -0.4505 0.0527
vn -0.5599 -0.5488 -0.6208
vn -0.5916 -0.6498 -0.4772
vn 0.8635 -0.5043 -0.0095
vn 0.8256 0.5642 0.0007
vn 0.8343 0.5499 -0.0399
vn -0.8447 0.4711 0.2539
vn -0.9877 0.0322 -0.1533
vn -0.9463 -0.2316 -0.2254
vn 0.9314 0.2091 0.2980
vn 0.9572 0.2639 0.1187
vn -0.0518 0.9985 0.0159
vn -0.6458 0.7630 0.0275
vn -0.0174 0.9997 0.0160
vn 0.5775 0.8163 0.0096
vn 0.8177 0.5735 -0.0495
vn 0.8185 0.5742 -0.0194
vn 0.7084 -0.6950 -0.1234
vn 0.7701 -0.6372 -0.0288
vn 0.7670 -0.6405 -0.0388
vn 0.8348 -0.5505 0.0007
vn -0.8365 0.4086 -0.3651
vn -0.5936 -0.7856 -0.1748
vn -0.1983 -0.9753 -0.0976
vn 0.1278 0.9906 -0.0482
vn -0.6364 -0.7687 0.0646
vn 0.2063 -0.9620 -0.1790
vn 0.1040 -0.9945 -0.0079
vn -0.9697 0.2439 -0.0116
vn -0.5247 0.8490 -0.0627
vn 0.5818 0.8129 -0.0267
vn -0.8647 0.4845 0.1325
vn -0.9302 0.3646 0.0416
vn 0.0633 -0.9964 0.0563
vn 0.0576 0.9981 -0.0239
vn 0.9481 0.3162 0.0329
vn 0.8251 0.5641 0.0308
vn 0.5840 -0.7970 -0.1542
vn 0.4777 -0.8609 0.1753
vn 0.8199 -0.5461 0.1721
vn 0.4381 -0.8302 0.3446
vn 0.4479 -0.8695 0.2082
vn 0.6003 -0.7372 -0.3100
vn 0.7138 -0.6909 -0.1148
vn 0.9187 -0.3739 0.1274
vn 0.7645 -0.6295 0.1384
vn 0.6545 0.7389 0.1600
vn 0.7078 -0.6495 0.2779
vn 0.7994 -0.1846 -0.5717
vn 0.2812 -0.5636 -0.7767
vn 0.4358 -0.8740 -0.2151
vn 0.7547 0.1727 -0.6329
vn 0.7102 -0.1032 0.6964
vn 0.5941 -0.8026 -0.0544
vn 0.5922 -0.7996 -0.0999
vn 0.5990 -0.8007 -0.0086
vn 0.4803 -0.5414 0.6900
vn 0.2769 -0.3212 0.9056
vn 0.7282 0.6737 0.1259
vn 0.5552 0.8299 0.0543
vn 0.7607 0.6454 0.0691
vn 0.0402 0.9991 0.0160
vn -0.7096 -0.6102 0.3523
vn -0.0116 0.9999 0.0080
vn -0.9582 0.2852 -0.0222
vn -0.5776 0.8163 0.0086
vn -0.6458 0.7633 -0.0192
vn 0.3862 0.9221 0.0258
vn -0.3062 0.9511 0.0414
vn -0.3594 0.9328 -0.0257
vn -0.4429 0.8945 0.0602
vn -0.9269 0.3739 0.0309
vn -0.7594 0.6434 0.0969
vn -0.5346 -0.8451 -0.0004
vn -0.5355 -0.8387 -0.0991
vn -0.4946 -0.8475 0.1928
vn -0.4426 -0.8315 0.3357
vn -0.8295 0.5571 -0.0411
vn 0.1096 0.9900 0.0886
vn -0.4632 0.8709 0.1644
vn -0.5256 -0.7911 -0.3130
vn -0.5474 -0.7423 -0.3864
vn -0.8570 0.4638 0.2246
vn -0.2660 -0.4985 -0.8250
vn -0.5931 -0.3946 -0.7018
vn -0.9213 0.3744 0.1049
vn -0.9614 0.2648 0.0745
vn -0.1702 -0.7981 -0.5780
vn -0.5592 0.8259 0.0717
vn -0.8079 0.5613 0.1794
vn 0.0461 0.9987 -0.0239
vn -0.5255 0.8500 -0.0360
vn 0.0390 -0.9699 0.2403
vn -0.2870 -0.9450 0.1570
vn -0.3201 -0.6771 0.6626
vn -0.4285 0.8986 0.0944
vn -0.0298 0.9840 0.1759
vn 0.0340 0.9931 0.1121
vn 0.2683 0.9411 -0.2058
vn 0.3110 0.9421 0.1251
vn 0.0115 0.9998 -0.0160
vn 0.2683 0.9411 -0.2057
vn 0.0575 0.9983 -0.0079
vn -0.6658 -0.0822 0.7416
vn 0.2107 -0.6271 0.7499
vn -0.9375 0.3439 -0.0537
vn 0.0686 -0.2256 0.9718
vn 0.1029 0.9789 0.1765
vn -0.6123 0.2681 0.7438
vn -0.8868 0.1625 0.4326
vn -0.8530 0.2104 0.4776
vn -0.7796 -0.4857 -0.3953
vn -0.5830 -0.7317 0.3530
vn -0.9938 -0.0963 -0.0552
vn -0.2850 -0.5809 -0.7624
vn -0.0015 -0.6566 -0.7542
vn 0.3379 -0.5865 -0.7361
vn 0.3448 -0.4568 -0.8200
vn 0.5209 0.7499 0.4078
vn 0.4828 0.8172 0.3149
vn 0.6028 0.4056 0.6871
vn -0.1826 -0.8650 0.4673
vn -0.2557 -0.1034 0.9612
vn -0.7059 0.1117 0.6995
vn 0.1586 0.9740 -0.1620
vn -0.2927 -0.9559 -0.0251
vn 0.0237 -0.9934 -0.1121
vn -0.2990 -0.9498 -0.0917
vn 0.1953 -0.7956 -0.5735
vn 0.3128 -0.3967 -0.8630
vn 0.4129 -0.9028 0.1203
vn 0.0171 0.0156 0.9997
vn 0.3438 -0.3984 -0.8503
vn 0.1645 0.9743 -0.1540
vn -0.2206 0.8899 -0.3992
vn -0.2692 0.8715 -0.4100
vn 0.0117 -0.9996 -0.0240
vn 0.3326 -0.9413 -0.0584
vn -0.9932 -0.0962 -0.0660
vn -0.8739 -0.1726 -0.4544
vn -0.4944 0.4811 0.7239
vn -0.9880 -0.0965 -0.1207
vn 0.5660 -0.0886 0.8196
vn -0.7420 0.3525 0.5703
vn -0.9902 -0.1396 0.0101
vn -0.9850 -0.1710 -0.0225
vn -0.2109 -0.5492 -0.8086
vn -0.3032 -0.8991 -0.3157
vn 0.5320 -0.0786 0.8431
vn -0.9454 0.3257 -0.0114
vn -0.0822 -0.7071 -0.7023
vn -0.9901 -0.1396 -0.0117
vn 0.6971 0.7168 -0.0186
vn 0.6962 0.7156 -0.0568
vn 0.7674 0.6409 -0.0191
vn 0.0745 -0.9889 0.1287
vn -0.4832 -0.2293 0.8449
vn -0.5826 -0.8042 0.1176
vn 0.1737 -0.4254 0.8882
vn -0.9693 -0.2437 0.0315
vn -0.8184 0.1282 0.5602
vn 0.8428 -0.3616 0.3986
vn 0.5989 -0.8006 0.0188
vn 0.2081 -0.0079 0.9781
vn -0.3448 0.1547 0.9258
vn 0.8909 -0.1326 -0.4345
vn 0.8470 -0.2587 -0.4643
vn 0.8599 -0.0907 0.5023
vn 0.1466 -0.9807 -0.1295
vn -0.6090 -0.7878 -0.0925
vn -0.2178 0.9748 -0.0493
vn -0.5540 0.8183 0.1531
vn -0.5179 0.8487 -0.1071
vn -0.9511 -0.3041 -0.0540
vn 0.0958 -0.6575 -0.7473
vn 0.9928 0.1175 0.0225
vn -0.9977 -0.0215 0.0646
vn -0.9948 0.0321 0.0970
vn -0.9997 -0.0215 0.0101
vn 0.7233 -0.6839 -0.0959
vn 0.6207 -0.5172 -0.5893
vn 0.9980 -0.0537 0.0336
vn -0.5567 0.4052 -0.7252
vn -0.2599 0.4102 -0.8742
vn -0.8080 0.3933 0.4387
vn -0.8584 0.2700 0.4362
vn -0.9957 0.0535 0.0753
vn -0.0452 0.2643 0.9634
vn 0.0573 0.3113 0.9486
vn 0.0747 0.4434 0.8932
vn 0.0567 -0.2570 -0.9647
vn 0.2136 -0.2927 -0.9321
vn 0.0282 -0.1318 -0.9909
vn -0.2467 -0.0160 -0.9689
vn -0.4504 -0.5952 -0.6654
vn -0.1374 -0.1094 -0.9845
vn 0.1539 -0.1092 -0.9820
vn 0.0338 -0.2717 -0.9618
vn 0.2031 0.1030 0.9737
vn -0.1311 0.0546 0.9899
vn -0.2130 -0.0315 0.9765
vn 0.2312 0.0317 -0.9724
vn 0.1143 -0.3450 -0.9316
vn 0.6440 0.3920 -0.6569
vn 0.0055 0.2335 -0.9723
vn -0.1471 0.9203 0.3625
vn 0.2261 -0.2390 -0.9443
vn 0.1869 0.6646 0.7234
vn 0.4836 0.6139 0.6239
vn 0.2231 0.6293 0.7445
vn 0.2665 0.9637 0.0166
vn 0.1197 0.3284 -0.9369
vn 0.0227 -0.0856 -0.9961
vn -0.2440 0.3664 0.8979
vn -0.3056 0.3545 0.8837
vn -0.0626 -0.0467 0.9969
vn 0.0453 0.0387 -0.9982
vn 0.1138 -0.1012 -0.9883
vn -0.1423 0.0545 0.9883
vn 0.2343 0.9121 0.3363
vn 0.2819 -0.4999 -0.8189
vn -0.2549 -0.6275 -0.7357
vn 0.2564 -0.6011 -0.7569
vn 0.0880 0.7300 0.6777
vn 0.7054 -0.4423 -0.5538
vn -0.8171 0.5329 0.2198
vn 0.4214 0.6231 0.6589
vn 0.4002 -0.1579 -0.9027
vn -0.4695 0.1609 0.8682
vn 0.2384 0.2788 -0.9303
vn -0.1372 -0.2900 0.9471
vn 0.3066 0.4937 -0.8138
vn -0.1721 -0.5127 0.8412
vn -0.0352 0.5000 -0.8653
vn 0.0450 0.2787 -0.9593
vn -0.1428 -0.2897 0.9464
vn -0.0964 -0.5165 0.8508
vn 0.9139 -0.3195 -0.2504
vn 0.9572 -0.2640 0.1188
vn -0.1854 -0.3394 -0.9222
vn 0.2808 -0.0000 -0.9598
vn 0.5177 0.5302 0.6714
vn -0.9596 0.0212 -0.2806
vn -0.1199 0.1948 -0.9735
vn 0.6335 0.0543 -0.7718
vn 0.9760 -0.2134 -0.0426
vn 0.0152 -0.7439 -0.6681
vn -0.0762 -0.7267 -0.6827
vn -0.0819 -0.7264 -0.6824
vn 0.0324 -0.7436 -0.6678
vn -0.9786 -0.0000 -0.2059
vn -0.8284 -0.2591 -0.4966
vn -0.8804 -0.1841 -0.4370
vn 0.9504 -0.2726 0.1499
vn 0.9554 -0.2320 0.1828
vn 0.7556 -0.6362 -0.1560
vn 0.0993 -0.6528 0.7510
vn 0.0864 -0.4834 0.8711
vn -0.2203 -0.4938 0.8412
vn -0.3660 -0.6937 0.6204
vn 0.0599 -0.9144 -0.4003
vn -0.5111 -0.4678 0.7211
vn -0.3613 -0.8363 -0.4124
vn -0.6522 -0.5766 0.4921
vn -0.0987 -0.5108 -0.8540
vn -0.8043 -0.3349 -0.4909
vn 0.7724 0.2724 0.5737
vn 0.8362 0.3190 0.4462
vn 0.2782 0.4752 0.8347
vn -0.9166 -0.3829 0.1148
vn 0.6212 -0.5810 0.5259
vn 0.9545 -0.1054 0.2791
vn 0.7100 -0.5729 -0.4096
vn 0.9913 0.0215 -0.1301
vn -0.3130 -0.6747 0.6685
vn 0.9977 -0.0644 -0.0209
vn 0.4681 0.4141 -0.7807
vn 0.1361 0.6911 -0.7098
vn 0.0527 0.5715 0.8189
vn 0.2051 0.9720 0.1144
vn -0.6838 0.6904 0.2363
vn -0.5306 0.6416 -0.5539
vn -0.0619 0.9669 -0.2476
vn -0.1248 0.9146 -0.3845
vn -0.1022 0.9329 -0.3454
vn -0.0563 0.9691 -0.2400
vn -0.0507 0.9713 -0.2325
vn -0.6719 0.3783 0.6367
vn 0.2586 0.2963 0.9194
vn 0.1951 0.2120 -0.9576
vn 0.6471 -0.3943 0.6525
vn -0.4718 0.4368 -0.7659
vn -0.8085 0.0197 0.5882
vn 0.9399 -0.1878 -0.2852
vn -0.5639 -0.1933 0.8029
vn -0.2311 -0.2771 0.9326
vn -0.3660 0.8881 0.2779
vn -0.6924 0.0280 -0.7210
vn 0.6597 -0.1646 -0.7333
vn 0.9097 0.0720 0.4089
vn 0.6753 -0.2688 -0.6869
vn 0.1312 -0.3835 -0.9142
vn -0.6713 -0.1661 -0.7224
vn -0.7613 -0.1548 -0.6297
vn -0.6618 0.2477 0.7076
vn -0.8865 0.0715 -0.4571
vn -0.4802 -0.2737 0.8334
vn 0.9067 -0.4132 0.0847
vn 0.9504 -0.2831 0.1286
vn 0.9736 0.0107 0.2282
vn 0.0379 -0.7469 -0.6638
vn 0.2808 -0.4497 -0.8479
vn -0.2911 -0.4289 -0.8551
vn -0.6732 0.4440 0.5913
vn 0.2325 0.1031 0.9671
vn 0.0571 0.1869 0.9807
vn -0.1481 0.1170 0.9820
vn 0.1035 -0.9828 0.1531
vn 0.1080 -0.9538 0.2803
vn -0.1296 -0.9100 0.3938
vn -0.0525 -0.9894 0.1355
vn 0.6601 -0.3241 0.6777
vn 0.2011 -0.9211 -0.3334
vn -0.0953 0.8436 0.5285
vn 0.1574 0.6080 0.7782
vn -0.7372 0.0860 -0.6702
vn -0.3717 -0.6210 -0.6900
vn 0.3284 0.8387 0.4345
vn 0.2846 -0.9281 0.2401
vn -0.3625 -0.8472 -0.3883
vn -0.1510 0.9810 -0.1216
vn 0.2644 -0.0802 0.9611
vn 0.7481 -0.2495 0.6149
vn -0.8464 0.1201 -0.5189
vn -0.9676 -0.2330 -0.0976
vn -0.8470 0.4421 0.2952
vn -0.7543 0.5284 0.3896
vn 0.2582 0.1681 0.9514
vn -0.6339 0.1721 0.7540
vn -0.0932 -0.9873 0.1283
vn 0.3526 -0.9319 0.0849
vn -0.3126 -0.8989 0.3069
vn -0.9162 -0.3204 0.2407
vn -0.8093 -0.5623 0.1697
vn -0.0853 -0.2105 0.9739
vn 0.1438 0.0235 0.9893
vn -0.1019 0.2250 0.9690
vn 0.3411 -0.8720 0.3512
vn -0.9412 -0.2926 0.1690
vn -0.1651 0.8811 0.4432
vn -0.2226 0.9708 -0.0899
vn 0.6712 0.6136 0.4160
vn 0.9190 0.3326 0.2118
vn 0.9818 -0.0427 0.1849
vn -0.9585 -0.2538 -0.1297
vn -0.9062 -0.3308 -0.2633
vn -0.3598 -0.7441 -0.5629
vn -0.7916 0.1553 0.5909
vn 0.3464 -0.6241 -0.7004
vn 0.9280 0.3537 0.1170
vn 0.4786 -0.8779 -0.0171
vn -0.1527 0.9099 0.3856
vn 0.6064 0.7230 0.3309
vn -0.5433 0.8237 -0.1623
vn -0.9767 -0.0639 0.2050
vn -0.9395 0.3342 -0.0750
vn 0.9341 0.2612 -0.2433
vn 0.0845 0.6582 -0.7481
vn -0.4222 0.5824 -0.6946
vn 0.0962 0.9308 0.3527
vn 0.1550 0.9365 0.3146
vn 0.1664 0.9135 0.3713
vn 0.6465 0.1100 0.7549
vn 0.5591 -0.1771 0.8100
vn 0.8086 0.5418 -0.2295
vn 0.8063 0.5902 -0.0393
vn 0.9753 -0.2027 0.0875
vn -0.0164 0.9895 -0.1436
vn -0.0488 0.8633 -0.5023
vn 0.9768 0.0534 0.2072
vn 0.8475 0.0301 0.5299
vn -0.4380 0.6881 -0.5785
vn -0.8556 0.0905 0.5096
vn -0.3940 -0.1247 0.9106
vn -0.2752 -0.2166 0.9367
vn -0.9306 0.2915 0.2213
vn -0.9198 0.3537 -0.1698
vn -0.8636 0.1417 -0.4839
vn -0.7405 -0.6194 0.2607
vn -0.9051 -0.3707 0.2083
vn 0.5085 0.6301 -0.5869
vn 0.8097 -0.5346 0.2419
vn 0.9468 -0.2844 0.1505
vn 0.2598 -0.5539 0.7910
vn -0.0037 -0.7514 0.6599
vn 0.5184 -0.5396 0.6634
vn 0.9600 0.1907 0.2052
vn 0.9618 -0.0425 0.2704
vn 0.9912 0.0108 0.1320
vn -0.1710 0.9333 0.3158
vn 0.7505 0.4331 0.4991
vn 0.0645 -0.9760 -0.2078
vn 0.4515 -0.8814 -0.1387
vn 0.4353 -0.8910 -0.1289
vn -0.6287 -0.6740 0.3880
vn -0.9865 0.1391 0.0861
vn -0.7998 0.6002 -0.0098
vn -0.9466 0.3157 -0.0649
vn -0.7201 -0.6260 -0.2993
vn 0.8427 0.4901 -0.2228
vn -0.1169 0.6846 -0.7195
vn -0.0674 -0.5051 0.8604
vn -0.4961 -0.6476 0.5784
vn -0.2314 0.8755 0.4241
vn 0.7624 0.0576 0.6446
vn -0.0847 -0.9253 -0.3696
vn 0.4950 -0.8667 -0.0612
vn -0.3404 -0.2208 0.9140
vn -0.3048 -0.2409 0.9214
vn -0.2613 -0.2625 0.9289
vn -0.2126 -0.2758 0.9374
vn 0.4149 0.8165 -0.4014
vn -0.1357 0.8373 -0.5296
vn -0.1973 0.9059 -0.3746
vn 0.8160 0.4529 -0.3593
vn -0.7502 0.6144 -0.2444
vn -0.9076 -0.3200 0.2718
vn 0.6100 0.6043 -0.5125
vn 0.1477 -0.8395 0.5230
vn 0.5062 -0.7559 0.4152
vn 0.1840 -0.8764 0.4451
vn -0.2429 -0.8241 0.5117
vn -0.8305 -0.4471 0.3323
vn -0.7184 0.3665 0.5913
vn -0.8014 0.4706 -0.3691
vn -0.6872 0.4949 -0.5318
vn -0.2104 0.4059 -0.8894
vn -0.4730 0.2646 0.8404
vn 0.7371 0.2081 -0.6430
vn 0.9599 0.2118 0.1837
vn 0.4349 0.3359 -0.8355
vn 0.8520 0.4107 -0.3248
vn -0.2132 0.2447 0.9459
vn 0.4253 0.1260 0.8962
vn 0.5402 0.0876 0.8369
vn -0.3910 0.3828 -0.8370
vn -0.8189 0.4073 -0.4043
vn 0.8985 -0.1641 0.4071
vn -0.0598 0.9114 0.4070
vn -0.0946 0.9148 0.3926
vn -0.0714 0.9137 0.4000
vn 0.4491 0.8671 -0.2155
vn -0.0971 0.9592 -0.2656
vn 0.0616 0.9396 0.3367
vn -0.2134 -0.8645 0.4551
vn 0.4938 -0.8161 0.3002
vn 0.7107 0.5262 -0.4670
vn 0.5580 0.8240 -0.0985
vn -0.1015 0.8996 -0.4248
vn 0.0839 -0.8538 -0.5138
vn 0.1190 -0.7241 -0.6794
vn -0.7532 -0.5882 -0.2944
vn 0.3199 0.6392 0.6994
vn 0.1885 0.7243 0.6632
vn -0.0961 0.6188 0.7796
vn -0.8433 0.2998 0.4460
vn -0.9576 -0.2849 0.0421
vn 0.9575 -0.2531 -0.1385
vn 0.9887 0.1395 0.0553
vn 0.0426 -0.8005 0.5979
vn -0.0035 -0.7907 0.6122
vn 0.0425 -0.8005 0.5979
vn 0.0715 -0.8095 0.5828
vn 0.4159 -0.8072 0.4188
vn 0.3700 -0.8746 0.3133
vn 0.2049 -0.9731 -0.1051
vn -0.4385 0.7977 -0.4141
vn -0.2798 0.9601 -0.0003
vn -0.4130 0.8709 -0.2665
vn -0.5186 0.8415 -0.1518
vn 0.3455 -0.9370 0.0508
vn 0.2560 -0.9480 -0.1890
vn -0.7317 -0.6015 -0.3206
vn -0.9118 0.3705 0.1769
vn -0.6872 -0.6986 -0.1992
vn 0.2239 -0.5840 0.7803
vn 0.2615 -0.7167 0.6465
vn -0.3292 0.4969 -0.8029
vn -0.3527 0.6605 -0.6628
vn -0.0602 0.8265 -0.5597
vn 0.4486 0.8752 -0.1809
vn -0.1910 0.9264 -0.3246
vn 0.3022 -0.7853 0.5403
vn 0.1517 -0.6394 0.7538
vn 0.2829 -0.8844 0.3711
vn -0.2772 0.8929 -0.3548
vn -0.0824 0.7600 -0.6447
vn -0.2071 0.8137 -0.5431
vn -0.1598 0.7755 0.6108
vn -0.0165 -0.4290 0.9031
vn -0.2960 0.3147 -0.9019
vn -0.6314 -0.7552 -0.1761
vn -0.2374 -0.9530 0.1884
vn -0.5832 -0.7958 0.1630
vn 0.9202 0.2697 -0.2837
vn 0.9420 -0.3350 -0.0205
vn 0.9071 -0.3301 -0.2612
vn 0.9454 0.2944 0.1396
vn 0.1285 -0.9640 -0.2326
vn 0.0984 -0.9931 -0.0639
vn -0.6119 -0.7621 0.2115
vn 0.3832 -0.8686 0.3142
vn -0.3711 0.8931 -0.2544
vn -0.9979 -0.0000 0.0646
vn -0.8818 0.3364 0.3305
vn -0.5906 0.7555 -0.2836
vn -0.1354 0.9191 0.3701
vn -0.1212 0.9842 -0.1291
vn 0.7550 0.6260 -0.1950
vn 0.7242 0.5121 -0.4618
vn 0.1030 -0.9789 0.1765
vn 0.9042 0.2993 0.3047
vn 0.9902 -0.0860 0.1100
vn 0.3514 -0.7313 0.5845
vn -0.0899 -0.7884 0.6085
vn -0.0041 -0.6814 0.7319
vn 0.5975 -0.7993 0.0644
vn -0.4933 0.8654 -0.0883
vn 0.5732 -0.8192 0.0186
vn 0.9929 -0.0106 -0.1184
vn -0.3502 0.9336 -0.0758
vn 0.7276 -0.6172 0.2995
vn -0.2840 0.9415 -0.1815
vn -0.7692 -0.4904 0.4096
vn -0.7990 -0.5798 0.1591
vn 0.9047 0.3509 0.2418
vn 0.8906 0.3485 0.2922
vn 0.1428 0.8673 0.4769
vn 0.1451 0.4496 0.8814
vn 0.1389 0.4562 0.8790
vn 0.1248 0.9146 0.3845
vn 0.2852 -0.5574 0.7797
vn -0.3849 -0.8558 0.3457
vn -0.8738 0.4858 -0.0213
vn 0.0592 0.9406 -0.3343
vn 0.1048 0.9773 -0.1840
vn -0.8332 0.5289 0.1615
vn 0.6010 -0.7949 0.0831
vn 0.9995 -0.0215 -0.0210
vn 0.0957 0.7219 -0.6853
vn 0.9907 -0.1289 -0.0429
vn 0.0794 0.9564 0.2810
vn -0.6875 -0.4073 0.6012
vn 0.3755 -0.8245 0.4233
vn -0.0489 -0.8196 0.5708
vn 0.1619 0.4326 0.8869
vn 0.1451 0.4497 0.8813
vn -0.7459 0.5542 -0.3694
vn 0.0838 0.9025 0.4225
vn 0.9837 -0.0427 0.1744
vn 0.5507 -0.8041 -0.2239
vn 0.4482 -0.8655 -0.2237
vn -0.7770 0.5835 0.2364
vn -0.7043 -0.6527 -0.2792
vn -0.2852 -0.9299 -0.2322
vn -0.4124 -0.8121 -0.4128
vn 0.1440 -0.9812 0.1287
vn -0.2295 -0.9725 0.0406
vn 0.4568 -0.8895 -0.0083
vn -0.9742 0.2129 0.0749
vn -0.8339 -0.5497 0.0501
vn -0.2667 0.9637 0.0080
vn 0.8415 0.5401 0.0108
vn -0.2841 -0.8646 -0.4145
vn 0.1757 -0.9618 -0.2098
vn -0.2535 -0.9470 -0.1975
vn -0.9888 0.1393 0.0536
vn -0.7989 -0.5420 -0.2609
vn -0.8249 -0.5542 -0.1112
vn -0.2555 0.9371 0.2377
vn -0.9944 0.0749 0.0752
vn 0.2128 -0.8286 -0.5178
vn 0.5215 -0.7714 -0.3646
vn 0.4737 -0.8614 -0.1834
vn 0.5378 0.7899 0.2946
vn 0.8325 0.5295 0.1631
vn 0.7966 0.5503 0.2502
vn -0.7839 -0.5272 -0.3279
vn -0.3209 -0.7710 -0.5501
vn -0.2563 0.8552 0.4505
vn 0.4694 0.7569 0.4547
vn -0.6460 -0.6323 0.4276
vn -0.1520 0.9677 0.2013
vn -0.1869 0.9797 0.0727
vn -0.9963 -0.0751 0.0427
vn -0.4971 0.6753 0.5448
vn 0.1424 -0.8083 -0.5713
vn 0.5584 -0.6801 -0.4750
vn 0.7876 0.5004 0.3595
vn 0.7896 0.3610 0.4962
vn 0.5270 -0.7080 -0.4701
vn 0.0468 0.5996 0.7989
vn -0.7346 0.4763 0.4832
vn -0.9919 0.0431 0.1194
vn 0.2240 -0.9745 -0.0162
vn 0.8391 -0.4379 -0.3228
vn -0.6737 0.5093 0.5355
vn 0.1348 0.9789 -0.1535
vn 0.1150 0.9815 0.1528
vn 0.9404 0.2818 -0.1901
vn 0.8301 0.3593 0.4265
vn 0.8988 0.3680 -0.2381
vn 0.8923 0.4199 -0.1657
vn 0.0867 0.4774 0.8744
vn 0.7991 0.2251 0.5575
vn 0.6848 -0.7199 -0.1134
vn -0.0249 0.9444 0.3277
vn 0.1026 0.9631 0.2487
vn 0.9762 0.0641 0.2070
vn 0.9490 -0.2639 0.1723
vn -0.9979 0.0644 0.0101
vn -0.9682 -0.1907 -0.1622
vn -0.9137 -0.3410 -0.2212
vn -0.3136 -0.7757 -0.5476
vn 0.5138 0.6801 0.5229
vn 0.8056 0.4535 0.3812
vn -0.2325 0.7628 0.6033
vn -0.3076 0.7418 0.5959
vn -0.6454 0.7629 -0.0379
vn -0.0907 0.9480 -0.3050
vn 0.6326 0.6712 -0.3864
vn 0.9189 0.3945 0.0007
vn 0.5239 0.8144 0.2495
vn -0.1580 0.9417 0.2972
vn -0.5748 0.7656 0.2889
vn -0.9834 -0.1814 -0.0008
vn 0.3377 0.9403 0.0422
vn 0.7417 0.4894 0.4587
vn 0.6261 0.7731 -0.1011
vn -0.3951 0.7202 -0.5702
vn 0.6711 0.6136 0.4161
vn 0.4765 0.2221 0.8507
vn -0.6743 0.2688 -0.6878
vn -0.7332 -0.6311 -0.2532
vn -0.7006 -0.7135 0.0090
vn 0.0819 -0.9794 -0.1845
vn 0.5748 -0.7839 -0.2348
vn 0.4884 -0.8566 -0.1666
vn 0.1000 -0.9392 -0.3286
vn 0.8873 0.3879 0.2496
vn -0.9201 -0.2906 0.2627
vn -0.5659 0.7621 0.3146
vn -0.6622 -0.6303 -0.4053
vn -0.9484 -0.2111 -0.2366
vn 0.4458 0.7410 0.5021
vn -0.1656 0.8842 0.4368
vn 0.9284 0.2908 -0.2313
vn 0.6343 -0.6774 0.3725
vn 0.5039 -0.8471 0.1690
vn 0.8759 0.3950 -0.2770
vn 0.5482 -0.4213 0.7225
vn -0.8439 0.4821 -0.2353
vn -0.4267 -0.9040 0.0254
vn -0.1119 -0.9429 0.3138
vn 0.8759 0.2644 0.4037
vn 0.9362 0.1876 0.2972
vn -0.6525 -0.6970 0.2975
vn 0.1476 -0.8239 0.5472
vn 0.1023 -0.9709 0.2165
vn -0.6066 -0.6641 0.4370
vn 0.6274 -0.3905 0.6737
vn -0.9615 0.1167 -0.2488
vn -0.9259 -0.3427 -0.1590
vn -0.9797 0.1170 -0.1630
vn -0.7188 0.4327 0.5441
vn -0.7492 0.2096 0.6283
vn -0.1309 0.4221 0.8971
vn -0.3309 -0.9315 -0.1510
vn 0.2330 -0.9070 0.3508
vn 0.5127 0.4274 0.7446
vn -0.7661 0.2797 -0.5787
vn -0.4478 0.4967 0.7435
vn -0.2553 0.9542 0.1558
vn 0.1050 -0.9905 -0.0885
vn -0.2392 -0.8467 -0.4753
vn 0.6960 -0.3468 0.6288
vn 0.1767 0.8010 0.5720
vn 0.3199 0.7605 0.5650
vn 0.4967 -0.8604 -0.1143
vn -0.7996 0.6005 0.0094
vn -0.4669 -0.6937 -0.5484
vn -0.1826 0.8734 0.4515
vn -0.0848 -0.5229 0.8482
vn -0.0559 -0.6255 0.7782
vn -0.0162 -0.5120 0.8588
vn 0.3717 0.2547 -0.8927
vn 0.2992 0.3218 -0.8983
vn 0.0338 0.2952 -0.9548
vn -0.0091 -0.9057 -0.4239
vn 0.0528 -0.6474 0.7604
vn -0.2129 0.0474 0.9759
vn -0.1840 -0.0236 0.9826
vn -0.2022 0.0158 0.9792
vn 0.6878 -0.4489 0.5705
vn -0.8063 0.4045 -0.4317
vn 0.1392 0.9902 0.0082
vn -0.7703 0.6376 -0.0105
vn -0.0646 -0.9776 0.2002
vn -0.4267 -0.9042 0.0168
vn -0.3533 -0.9309 0.0926
vn 0.0972 -0.9848 0.1441
vn 0.4548 -0.8042 0.3827
vn 0.4497 -0.8147 0.3662
vn 0.2766 -0.8758 0.3956
vn 0.3353 -0.8807 0.3347
vn 0.4897 -0.7588 0.4295
vn 0.2012 -0.7983 0.5677
vn 0.4889 -0.6895 0.5344
vn 0.1771 -0.8331 0.5240
vn 0.1403 -0.6866 0.7133
vn -0.2133 -0.7324 0.6466
vn -0.1828 -0.8324 0.5232
vn -0.4432 -0.7717 0.4561
vn 0.9799 -0.1596 0.1196
vn 0.9475 0.0105 -0.3195
vn 0.9623 0.1801 -0.2037
vn -0.0880 0.7146 -0.6940
vn 0.1895 0.7792 -0.5975
vn 0.2811 0.6936 -0.6633
vn 0.9767 -0.1389 0.1637
vn 0.5711 -0.6065 0.5531
vn 0.6896 -0.7180 -0.0941
vn 0.8698 -0.1723 -0.4623
vn 0.3898 -0.1827 0.9026
vn 0.3701 0.2646 0.8905
vn -0.5824 -0.7038 0.4067
vn 0.5791 -0.7055 0.4086
vn 0.4310 -0.7787 0.4560
vn 0.2007 -0.7342 0.6486
vn -0.0909 0.9424 -0.3218
vn -0.8367 0.3988 -0.3754
vn -0.8533 0.4131 -0.3180
vn -0.7310 -0.4644 0.5000
vn -0.7145 0.4244 -0.5562
vn 0.2621 0.7394 -0.6202
vn 0.4258 -0.9033 0.0518
vn 0.2445 0.4634 -0.8518
vn 0.7870 -0.1544 -0.5973
vn 0.5646 0.5378 -0.6261
vn -0.3986 -0.6394 0.6575
vn -0.2880 0.7876 -0.5447
vn -0.2008 -0.9631 0.1792
vn 0.3870 -0.6425 0.6614
vn 0.2911 -0.8908 0.3488
vn 0.2442 0.7463 -0.6192
vn 0.1924 -0.9544 0.2282
vn -0.1236 0.7893 -0.6014
vn -0.5334 0.2451 -0.8095
vn -0.2353 0.4643 -0.8539
vn -0.1432 -0.3298 0.9331
vn -0.0951 -0.7664 0.6353
vn -0.1078 -0.1786 0.9780
vn 0.1329 -0.3302 0.9345
vn 0.0535 0.9513 -0.3034
vn 0.9542 0.2944 -0.0526
vn -0.0309 -0.9198 0.3912
vn 0.8921 0.4307 0.1362
vn 0.9913 0.0861 0.0992
vn 0.0734 -0.9546 0.2886
vn 0.8417 -0.4909 0.2246
vn 0.9296 -0.3646 0.0537
vn 0.0781 -0.9174 0.3903
vn -0.9763 0.1283 -0.1745
vn -0.5131 -0.8037 0.3013
vn -0.0059 0.9997 0.0240
vn -0.2862 -0.9512 0.1154
vn -0.4431 0.8958 -0.0351
vn 0.0234 -0.9965 -0.0797
vn 0.0099 -0.9579 0.2871
vn -0.4491 -0.8797 -0.1565
vn 0.4213 0.1087 -0.9004
vn 0.9259 0.1240 -0.3567
vn 0.7142 -0.5192 -0.4694
vn 0.9718 -0.1702 0.1629
vn 0.8185 0.3078 0.4850
vn 0.6163 -0.2616 0.7428
vn -0.4126 0.1091 -0.9044
vn -0.7112 -0.5210 -0.4721
vn -0.9248 0.1245 -0.3595
vn -0.9638 -0.2632 0.0420
vn 0.2554 -0.7367 -0.6262
vn -0.2488 -0.7378 -0.6275
vn -0.8208 0.3067 0.4819
vn -0.8969 -0.1741 -0.4066
vn 0.3857 0.4666 0.7959
vn 0.2918 -0.9318 0.2160
vn -0.3935 0.4652 0.7929
vn -0.3599 -0.8451 0.3953
vn 0.4068 -0.3247 -0.8539
vn -0.3986 -0.3258 -0.8573
vn -0.6276 -0.2538 0.7360
vn 0.4321 -0.8141 0.3880
vn 0.4321 -0.8141 0.3879
vn -0.9741 0.2238 -0.0333
vn -0.9963 -0.0858 0.0101
vn -0.2312 -0.9512 0.2045
vn -0.1742 -0.9519 -0.2520
vn -0.1729 -0.9459 -0.2746
vn -0.1380 -0.3602 -0.9226
vn -0.1383 -0.3764 -0.9161
vn -0.4254 0.8791 -0.2149
vn -0.3726 0.9075 0.1941
vn -0.1559 0.9758 -0.1532
vn -0.1339 0.5601 -0.8175
vn -0.1384 -0.3534 -0.9252
vn -0.1281 0.6755 -0.7261
vn -0.1339 0.5602 -0.8175
vn -0.1526 0.7437 -0.6509
vn -0.1558 0.9758 -0.1533
vn -0.4201 -0.2168 0.8812
vn -0.2874 -0.2572 0.9226
vn -0.2317 -0.6786 0.6970
vn -0.9817 0.1170 0.1505
vn -0.9854 0.0749 -0.1530
vn -0.2998 0.3385 0.8919
vn -0.1200 -0.0000 0.9928
vn -0.1365 0.1869 0.9728
vn 0.7809 -0.0195 0.6243
vn 0.6969 -0.1691 0.6969
vn 0.9360 -0.1251 0.3289
vn 0.9934 0.1068 -0.0426
vn 0.9768 -0.2136 0.0116
vn 0.3121 -0.9448 -0.1001
vn 0.2871 -0.8260 -0.4850
vn -0.0133 -0.7211 -0.6927
vn 0.0122 -0.9927 -0.1200
vn 0.9637 0.1583 0.2151
vn 0.8757 0.3862 0.2897
vn 0.9911 0.1290 -0.0319
vn 0.3059 -0.9507 0.0504
vn -0.8297 0.5573 -0.0310
vn 0.9851 -0.1709 -0.0210
vn -0.1741 -0.9519 -0.2520
vn 0.3249 -0.9456 -0.0164
vn -0.0576 0.9972 -0.0483
vn -0.4414 -0.8290 0.3434
vn -0.4166 -0.8812 0.2234
vn -0.0998 0.9278 0.3594
vn -0.0194 0.9296 0.3681
vn 0.9515 -0.2099 0.2247
vn -0.1657 -0.2191 0.9615
vn 0.1138 -0.9481 0.2969
vn 0.8502 0.1909 0.4907
vn -0.9516 0.2410 0.1908
vn -0.9384 0.3441 0.0311
vn -0.5557 -0.7097 -0.4330
vn -0.3120 -0.9448 -0.1004
vn 0.0252 -0.9170 -0.3981
vn -0.3095 -0.8285 -0.4668
vn -0.0964 0.5407 0.8356
vn -0.1932 0.9726 0.1293
vn -0.3939 0.9063 0.1531
vn -0.4254 0.8791 -0.2150
vn -0.9593 0.2325 0.1602
vn -0.3748 -0.8865 0.2714
vn -0.9051 0.2880 0.3128
vn -0.7035 -0.7066 0.0761
vn -0.9519 0.2620 0.1589
vn -0.4224 -0.8716 0.2489
vn -0.4575 0.8809 0.1213
vn -0.1946 0.9436 0.2679
vn -0.3788 0.8902 0.2532
vn -0.9587 0.2746 0.0743
vn -0.5266 0.8230 0.2130
vn -0.3726 0.9074 0.1942
vn -0.2984 -0.9539 0.0329
vn -0.4607 -0.8204 -0.3388
vn -0.5828 -0.8064 -0.1006
vn -0.2590 -0.9589 -0.1160
vn -0.6735 -0.7352 -0.0762
vn -0.4607 -0.8203 -0.3389
vn -0.9472 0.2839 0.1487
vn -0.1527 0.9539 0.2583
vn -0.0436 0.9164 -0.3979
vn -0.9934 0.1069 0.0425
vn -0.9907 0.1289 0.0430
vn -0.1728 -0.9014 -0.3970
vn -0.9937 -0.0321 0.1078
vn -0.8199 0.5460 -0.1722
vn -0.4574 0.8809 0.1212
vn -0.8682 -0.1820 0.4616
vn -0.9816 0.1171 0.1505
vn -0.4608 -0.8203 -0.3389
vn 0.9158 -0.3929 -0.0833
vn -0.1728 -0.9013 -0.3973
vn -0.1476 -0.8238 -0.5473
vn -0.4606 -0.8203 -0.3389
vn -0.3591 -0.0410 0.9324
vn -0.1542 0.4552 0.8769
vn 0.9444 -0.2201 -0.2441
vn -0.9500 -0.1255 0.2859
vn -0.3060 -0.9517 -0.0253
vn 0.0059 -0.9997 -0.0240
vn 0.3117 -0.9500 -0.0164
vn -0.9985 0.0430 -0.0336
vn 0.0565 -0.2951 -0.9538
vn -0.3879 -0.1075 -0.9154
vn -0.8440 0.5221 -0.1231
vn -0.2391 0.0398 -0.9702
vn -0.1441 0.1730 -0.9743
vn -0.9599 0.2118 -0.1837
vn 0.4707 -0.0764 -0.8790
vn 0.5101 -0.0432 -0.8590
vn 0.9310 -0.1567 0.3298
vn 0.9221 -0.3855 0.0325
vn 0.9658 -0.2535 0.0545
vn 0.9585 -0.2748 0.0760
vn 0.9283 0.0208 0.3713
vn -0.2653 -0.0080 -0.9641
vn 0.7471 0.0479 0.6630
vn -0.9064 0.3401 0.2505
vn 0.5180 -0.1386 -0.8441
vn 0.2453 -0.6679 -0.7027
vn -0.9944 0.0963 0.0427
vn 0.9251 -0.2276 -0.3040
vn 0.0968 -0.2028 -0.9744
vn 0.9635 -0.2126 0.1627
vn -0.5749 0.0088 0.8182
vn -0.9589 -0.0423 -0.2804
vn -0.3177 -0.5866 -0.7450
vn -0.3117 -0.4161 -0.8542
vn -0.9714 0.2336 0.0423
vn -0.9668 0.2537 0.0314
vn 0.2311 -0.5558 -0.7985
vn -0.0407 -0.5208 -0.8527
vn 0.9402 -0.3345 0.0645
vn -0.0912 0.3105 -0.9462
vn -0.0507 0.3968 0.9165
vn -0.3195 0.2513 0.9137
vn -0.2873 0.4424 0.8495
vn -0.0340 0.1010 0.9943
vn 0.2218 0.2944 0.9296
vn 0.9398 0.2294 -0.2534
vn 0.8067 -0.1667 -0.5670
vn 0.8189 -0.3555 -0.4506
vn 0.9176 -0.3940 0.0534
vn -0.8023 0.3024 0.5146
vn 0.1843 0.0236 0.9826
vn -0.0740 0.1247 0.9894
vn -0.0454 0.0387 0.9982
vn -0.8652 0.2217 0.4497
vn 0.5014 -0.1804 -0.8462
vn 0.3723 0.9193 0.1276
vn 0.8176 -0.2858 -0.4998
vn -0.3822 -0.1736 -0.9076
vn 0.3019 0.8325 0.4645
vn 0.9621 0.1911 0.1948
vn 0.3583 0.5369 0.7638
vn -0.5354 0.6753 0.5073
vn 0.8874 -0.4071 -0.2164
vn -0.8243 -0.4260 -0.3730
vn -0.2145 -0.8036 -0.5552
vn -0.9831 -0.1707 -0.0658
vn 0.0951 -0.8080 -0.5815
vn 0.0836 -0.8594 -0.5044
vn 0.2500 0.7808 0.5726
vn -0.3777 0.5932 0.7110
vn -0.5532 0.5036 0.6636
vn -0.1728 -0.8862 -0.4299
vn 0.2089 0.9279 0.3089
vn -0.6267 0.6354 0.4512
vn -0.6933 0.6837 0.2277
vn 0.2268 -0.1111 0.9676
vn -0.1720 0.2595 0.9503
vn -0.4419 0.7096 0.5488
vn 0.2002 0.9699 -0.1383
vn 0.1943 0.9687 -0.1544
vn 0.1940 0.9675 -0.1623
vn 0.1881 0.9673 -0.1704
vn 0.7712 -0.4655 0.4342
vn 0.9380 -0.1357 0.3190
vn 0.9478 -0.3160 0.0435
vn -0.9264 -0.2798 0.2518
vn 0.9872 -0.1499 0.0552
vn 0.9375 -0.3465 -0.0313
vn 0.9492 -0.2955 0.1080
vn 0.2285 0.3034 0.9250
vn -0.5581 0.5642 0.6084
vn 0.8703 -0.4263 -0.2467
vn 0.9609 -0.2329 -0.1497
vn 0.9764 0.2027 -0.0751
vn 0.4226 0.5914 0.6868
vn 0.3420 0.0164 0.9396
vn -0.0282 0.2334 0.9720
vn -0.9639 -0.0737 0.2557
vn 0.3764 -0.2814 0.8827
vn -0.4438 -0.8339 0.3281
vn 0.4202 -0.8969 0.1379
vn 0.6677 -0.3060 0.6786
vn -0.2140 0.2614 0.9412
vn -0.4224 -0.8715 0.2490
vn -0.4074 -0.8742 0.2643
vn -0.2004 -0.6625 -0.7217
vn 0.0545 -0.8919 -0.4489
vn 0.9193 -0.1865 -0.3466
vn 0.6165 -0.7411 -0.2658
vn 0.8615 -0.3514 -0.3664
vn 0.3746 -0.8597 -0.3473
vn -0.3524 0.8671 0.3520
vn -0.6078 0.7384 0.2922
vn -0.7784 0.2698 0.5668
vn 0.5899 -0.2223 -0.7763
vn 0.5994 -0.4743 -0.6448
vn 0.4946 -0.7239 -0.4810
vn -0.5022 0.7347 0.4561
vn -0.6904 0.4837 0.5380
vn -0.7113 0.2723 0.6480
vn 0.4349 -0.8899 -0.1375
vn -0.4583 0.8827 0.1041
vn 0.1895 -0.4651 -0.8647
vn 0.3203 -0.8956 -0.3087
vn -0.3781 0.9244 0.0506
vn 0.4144 -0.9033 -0.1110
vn -0.2618 0.9214 0.2871
vn -0.5374 0.1646 0.8271
vn -0.7857 -0.5064 0.3554
vn -0.4205 0.1754 0.8902
vn 0.0115 0.0934 0.9956
vn -0.6745 0.6405 0.3672
vn -0.8995 0.4306 -0.0736
vn -0.4816 0.5600 -0.6741
vn -0.4089 0.5728 -0.7104
vn 0.3119 0.1774 -0.9334
vn 0.0841 0.9055 0.4159
vn 0.3271 0.8635 -0.3840
vn 0.3426 0.8837 0.3190
vn 0.4724 -0.6842 -0.5556
vn 0.6509 0.6675 -0.3616
vn 0.6933 -0.6862 0.2202
vn 0.0365 0.9355 -0.3513
vn 0.0812 0.9941 -0.0721
vn 0.2203 0.7857 -0.5780
vn 0.0111 -0.9979 0.0638
vn 0.0102 -0.9729 0.2311
vn -0.1779 -0.7877 0.5898
vn 0.1714 0.9273 -0.3328
vn -0.0486 0.8391 -0.5418
vn 0.1005 0.8998 -0.4247
vn -0.2007 -0.9547 0.2198
vn -0.1298 -0.8758 0.4648
vn 0.0426 -0.8297 0.5566
vn 0.0339 0.9922 0.1200
vn 0.0984 0.9931 -0.0640
vn 0.1210 0.9831 0.1370
vn -0.1927 -0.9804 0.0403
vn 0.1703 -0.9464 -0.2745
vn -0.2898 -0.8950 -0.3391
vn 0.1070 0.8749 0.4724
vn -0.0199 0.8898 0.4559
vn 0.8938 0.4309 -0.1243
vn 0.8682 0.2934 -0.4001
vn 0.5191 0.8123 -0.2657
vn 0.6859 -0.3545 0.6355
vn 0.5993 -0.3855 0.7016
vn 0.2652 -0.1286 0.9556
vn -0.1984 0.3103 -0.9297
vn -0.2279 0.2867 -0.9305
vn -0.0563 0.3966 0.9163
vn -0.9868 -0.1284 -0.0987
vn -0.9175 -0.2897 0.2725
vn -0.9577 -0.1268 -0.2585
vn -0.9741 0.2237 -0.0332
vn -0.2819 0.4431 0.8510
vn -0.9693 0.1167 -0.2165
vn -0.9872 0.1499 -0.0552
vn -0.9754 0.2134 -0.0550
vn -0.8489 0.1706 -0.5002
vn 0.7759 0.4072 -0.4819
vn 0.5748 0.7204 -0.3880
vn 0.8130 0.3551 0.4615
vn -0.5419 -0.2987 -0.7856
vn 0.0223 -0.3420 -0.9394
vn -0.1962 -0.0945 -0.9760
vn 0.8664 0.0609 0.4956
vn -0.2827 0.0883 -0.9551
vn -0.9392 -0.3233 0.1158
vn -0.7735 -0.5126 0.3727
vn 0.1437 0.0157 0.9895
vn 0.4471 -0.3192 -0.8356
vn 0.6444 -0.1915 -0.7403
vn 0.8671 0.0808 -0.4916
vn -0.0221 -0.4509 0.8923
vn 0.9971 -0.0751 -0.0101
vn 0.2345 -0.4548 0.8592
vn -0.5581 -0.7963 0.2332
vn -0.2815 -0.3377 0.8982
vn -0.9994 -0.0000 -0.0336
vn 0.6725 0.7329 -0.1031
vn 0.6719 0.7321 -0.1124
vn 0.6731 0.7336 -0.0938
vn 0.0625 0.0777 -0.9950
vn 0.3984 -0.6223 -0.6738
vn -0.3869 0.9133 0.1274
vn 0.3358 -0.1472 0.9304
vn 0.8049 0.2544 -0.5361
vn -0.0207 -0.9129 -0.4077
vn -0.0669 -0.9067 -0.4165
vn 0.2255 0.7343 -0.6403
vn -0.0148 -0.8142 0.5804
vn -0.0898 -0.9050 -0.4157
vn 0.0095 0.7400 -0.6725
vn -0.1945 -0.8085 0.5554
vn 0.5601 -0.8086 -0.1801
vn -0.0281 0.3187 0.9474
vn -0.7819 0.1354 0.6085
vn 0.2336 -0.1832 0.9549
vn 0.4135 -0.8050 -0.4255
vn -0.9949 -0.0214 -0.0989
vn -0.2809 -0.4496 0.8479
vn 0.2353 -0.4643 0.8539
vn 0.9976 -0.0536 0.0444
vn 0.4202 0.1769 0.8900
vn -0.2375 0.1586 0.9584
vn -0.9768 -0.1069 -0.1855
vn -0.5978 -0.3031 0.7421
vn -0.4632 -0.2218 -0.8581
vn -0.1963 0.0868 -0.9767
vn -0.2152 -0.0397 -0.9758
vn -0.0912 -0.1014 0.9907
vn -0.3529 -0.2295 0.9071
vn -0.3254 -0.2107 0.9218
vn 0.0224 -0.3024 -0.9529
vn -0.1970 -0.0000 -0.9804
vn 0.2804 0.4812 -0.8306
vn 0.7079 0.3271 -0.6260
vn -0.8140 -0.3927 0.4280
vn -0.7522 -0.2200 0.6211
vn -0.6794 -0.2401 0.6934
vn 0.5820 0.3116 0.7511
vn -0.5742 0.6008 -0.5561
vn -0.5481 0.6382 -0.5406
vn -0.3951 0.7203 -0.5702
vn 0.1732 0.2205 0.9599
vn -0.1487 0.1488 0.9776
vn 0.1595 0.8736 -0.4598
vn -0.3239 0.4979 -0.8045
vn -0.2902 0.3631 -0.8854
vn -0.7700 0.3199 -0.5520
vn -0.0444 0.5679 0.8219
vn -0.1361 0.7069 0.6941
vn 0.3199 0.7203 0.6155
vn 0.2208 0.0238 0.9750
vn -0.2852 0.9129 -0.2921
vn -0.9657 0.1057 -0.2371
vn 0.4246 0.8445 0.3263
vn -0.1007 0.8336 0.5431
vn -0.6464 -0.7444 0.1675
vn -0.7867 -0.2533 0.5630
vn -0.4173 -0.8832 -0.2139
vn -0.0393 -0.4445 0.8949
vn -0.3436 -0.9327 -0.1093
vn 0.2998 0.3384 -0.8920
vn 0.5567 0.0614 -0.8284
vn -0.4210 -0.3598 0.8326
vn -0.4709 -0.4336 0.7683
vn -0.2810 0.3211 0.9044
vn -0.9305 -0.1358 -0.3401
vn 0.3515 -0.5194 0.7789
vn 0.3500 -0.5253 0.7756
vn 0.3447 -0.5265 0.7772
vn 0.3939 -0.7766 -0.4917
vn 0.3076 -0.6510 -0.6940
vn 0.8785 -0.1523 -0.4528
vn 0.3693 0.8891 0.2704
vn 0.7673 -0.0000 -0.6413
vn -0.2839 -0.3707 -0.8843
vn 0.4076 0.7204 -0.5612
vn 0.3934 0.6409 -0.6591
vn 0.4351 0.6404 -0.6329
vn 0.3859 0.6217 -0.6816
vn 0.3453 -0.3510 -0.8704
vn 0.2412 -0.5041 0.8293
vn 0.3559 -0.3452 0.8684
vn -0.1720 0.7709 0.6133
vn 0.4706 0.3930 0.7900
vn 0.7509 -0.0191 0.6601
vn 0.5947 -0.7017 -0.3924
vn 0.8630 -0.5042 0.0314
vn -0.6580 0.2677 -0.7038
vn -0.8671 0.4964 -0.0419
vn -0.1862 -0.3723 -0.9093
vn -0.5102 -0.3300 -0.7943
vn -0.2014 0.7150 0.6695
vn 0.5916 -0.6259 -0.5081
vn -0.7299 -0.2101 -0.6505
vn -0.9891 0.1181 -0.0880
vn -0.3703 -0.3143 -0.8741
vn -0.1656 0.6381 0.7520
vn 0.9934 0.0856 0.0769
vn 0.9479 0.1577 -0.2769
vn 0.4487 -0.1516 -0.8807
vn -0.5649 -0.8089 -0.1630
vn 0.5394 0.0696 -0.8392
vn 0.1546 -0.5199 -0.8401
vn 0.7205 0.5321 0.4446
vn -0.2601 -0.4425 -0.8582
vn 0.7531 0.5978 0.2748
vn -0.8712 -0.3641 -0.3294
vn -0.5180 -0.5910 -0.6184
vn -0.7842 -0.6047 -0.1393
vn 0.9857 0.1177 0.1204
vn -0.7153 -0.3495 -0.6051
vn 0.6254 -0.0451 -0.7790
vn -0.9344 -0.0524 -0.3524
vn 0.7050 0.6997 0.1159
vn 0.7089 0.4402 -0.5511
vn 0.8481 0.5101 0.1429
vn 0.3911 0.2722 -0.8792
vn 0.4403 0.2594 -0.8596
vn -0.3417 -0.2533 -0.9050
vn 0.5506 0.5631 -0.6162
vn 0.6214 -0.0269 -0.7831
vn -0.2226 -0.4623 -0.8583
vn -0.2074 -0.7372 -0.6431
vn 0.0784 -0.7457 -0.6616
vn -0.4644 -0.8841 -0.0527
vn -0.0463 -0.9978 0.0478
vn -0.3266 -0.6204 0.7130
vn -0.8382 -0.3179 0.4432
vn -0.2222 -0.3982 -0.8900
vn -0.7312 -0.0000 0.6822
vn -0.5371 0.8026 0.2595
vn -0.4727 0.8777 0.0783
vn 0.2569 0.8319 -0.4919
vn -0.4488 0.2275 0.8642
vn 0.1927 -0.9764 0.0977
vn 0.2831 -0.9006 0.3299
vn 0.4148 -0.8247 -0.3844
vn 0.1074 0.4671 -0.8776
vn 0.1954 -0.1101 -0.9745
vn 0.5403 0.4801 -0.6911
vn 0.5500 0.8320 0.0724
vn 0.9039 0.3393 -0.2603
vn 0.3269 0.9235 -0.2008
vn 0.0065 0.5064 0.8623
vn -0.6270 0.7755 -0.0746
vn -0.4535 0.8600 -0.2339
vn 0.6544 -0.6525 -0.3822
vn 0.5972 -0.4278 -0.6785
vn 0.8558 0.3135 0.4114
vn 0.5253 0.2705 0.8068
vn -0.6454 0.0366 -0.7630
vn -0.3927 0.4261 -0.8150
vn -0.3100 0.0325 -0.9502
vn -0.7297 0.6640 0.1631
vn -0.4953 0.6640 0.5602
vn -0.7668 -0.4255 0.4806
vn -0.2719 0.4506 -0.8503
vn -0.3408 -0.3854 0.8575
vn -0.5584 -0.7248 0.4036
vn -0.1244 -0.7461 0.6541
vn -0.9431 -0.0523 0.3284
vn 0.9046 0.2478 0.3468
vn 0.3264 0.6156 0.7173
vn 0.7376 -0.3724 0.5633
vn -0.7960 0.2832 0.5349
vn 0.2222 0.5087 0.8318
vn 0.1412 0.7523 0.6435
vn -0.1642 -0.9831 0.0810
vn 0.5675 -0.6834 -0.4593
vn 0.7938 -0.3408 -0.5038
vn 0.7246 -0.5582 0.4042
vn -0.8646 -0.4250 -0.2680
vn 0.9259 -0.3322 0.1799
vn 0.7310 0.5025 -0.4617
vn 0.3328 0.8375 -0.4334
vn -0.2543 0.9636 -0.0825
vn -0.2130 0.8064 -0.5516
vn -0.2723 -0.9274 -0.2564
vn 0.0592 -0.9510 -0.3033
vn 0.2933 -0.8942 -0.3383
vn -0.2221 -0.9552 -0.1958
vn 0.4793 -0.3843 -0.7891
vn 0.4718 0.7179 -0.5118
vn -0.1345 0.9570 0.2569
vn 0.3881 -0.8631 -0.3231
vn 0.5177 -0.7833 -0.3442
vn -0.8067 0.1666 0.5670
vn -0.9867 0.0107 0.1621
vn -0.6002 -0.1253 0.7900
vn 0.6681 0.3247 0.6695
vn -0.9315 -0.1354 0.3377
vn 0.5592 -0.4856 -0.6719
vn 0.6836 -0.0466 0.7284
vn -0.3447 0.9324 0.1087
vn 0.9887 -0.1500 0.0008
vn 0.7024 0.6478 -0.2951
vn 0.0776 -0.8563 -0.5106
vn -0.2561 -0.8127 -0.5233
vn -0.1842 -0.8920 -0.4127
vn 0.9482 0.3057 0.0864
vn 0.8517 -0.2902 -0.4363
vn 0.0668 -0.7609 -0.6454
vn -0.9144 -0.3094 0.2610
vn -0.9514 -0.1570 0.2651
vn 0.2751 0.7371 0.6173
vn -0.3729 0.6034 0.7049
vn -0.2079 0.4917 0.8456
vn -0.9906 -0.0645 -0.1209
vn -0.4267 0.9044 -0.0004
vn -0.3322 0.4395 0.8346
vn 0.3168 -0.1549 0.9358
vn -0.8757 -0.3340 0.3486
vn -0.8931 -0.1126 0.4356
vn -0.6152 -0.7121 0.3383
vn -0.8574 0.4135 0.3066
vn -0.6924 0.7215 -0.0006
vn -0.8165 0.5145 -0.2619
vn 0.2221 0.1514 0.9632
vn -0.7608 -0.2397 0.6031
vn -0.0832 0.7888 -0.6089
vn 0.4336 -0.5367 -0.7238
vn -0.2754 -0.7518 0.5992
vn -0.9248 -0.3104 0.2199
vn -0.0822 -0.6911 -0.7181
vn -0.0535 -0.7429 -0.6673
vn -0.1044 -0.6485 -0.7540
vn 0.1478 0.7731 -0.6168
vn -0.4733 0.6517 -0.5926
vn -0.3508 0.9351 -0.0507
vn 0.2437 0.5341 -0.8095
vn 0.0513 -0.2019 0.9781
vn -0.2713 -0.3456 -0.8983
vn 0.0051 -0.4196 -0.9077
vn 0.9316 -0.0314 0.3620
vn 0.3029 0.2995 0.9047
vn 0.8761 -0.2835 -0.3900
vn -0.6008 0.7598 -0.2485
vn -0.6527 0.6915 -0.3096
vn -0.9517 0.1681 -0.2569
vn 0.7944 -0.6066 0.0305
vn 0.9537 -0.2211 0.2040
vn 0.6726 -0.6978 0.2463
vn -0.7979 0.2541 -0.5466
vn 0.8030 -0.3245 0.4999
vn 0.6465 -0.7196 0.2535
vn 0.8651 -0.4949 -0.0813
vn -0.7998 -0.1962 0.5673
vn -0.5016 0.0779 -0.8616
vn 0.6134 0.2814 0.7379
vn 0.3776 0.2407 0.8941
vn 0.0736 0.1085 -0.9914
vn -0.5381 -0.6777 -0.5011
vn 0.5107 -0.0000 -0.8597
vn 0.2017 -0.4829 -0.8521
vn -0.7163 -0.5478 -0.4323
vn -0.8774 0.1120 -0.4666
vn 0.5904 0.2054 0.7806
vn 0.8048 -0.1183 0.5816
vn -0.6382 -0.4659 -0.6129
vn -0.8871 0.0613 -0.4574
vn 0.8744 0.4562 0.1655
vn 0.9502 -0.0314 0.3099
vn 0.7721 -0.5722 0.2765
vn 0.1769 0.7558 0.6304
vn -0.2387 0.5441 0.8044
vn 0.6910 0.7002 -0.1796
vn 0.8083 -0.4328 -0.3992
vn 0.2584 -0.9054 0.3369
vn 0.6703 -0.6497 0.3587
vn -0.1494 0.9374 -0.3146
vn -0.1494 0.9374 -0.3147
vn -0.1495 0.9374 -0.3147
vn 0.4475 0.7258 -0.5225
vn -0.0061 0.3489 -0.9371
vn 0.3437 -0.2111 -0.9151
vn 0.3515 0.0163 -0.9361
vn 0.3514 0.0245 -0.9359
vn 0.7903 0.4295 0.4369
vn 0.2092 0.4508 0.8678
vn 0.8900 0.3585 0.2816
vn 0.2506 -0.7073 -0.6610
vn 0.9892 0.0644 0.1317
vn 0.9927 0.0107 0.1203
vn 0.3007 -0.9160 -0.2656
vn 0.3868 -0.6339 0.6698
vn -0.9585 -0.0529 -0.2802
vn -0.9651 -0.0423 -0.2584
vn -0.9316 -0.0314 -0.3620
vn -0.4331 -0.7909 -0.4324
vn -0.9525 -0.0526 -0.2999
vn -0.1491 0.0705 -0.9863
vn -0.1554 0.2120 -0.9648
vn -0.3009 -0.3884 0.8710
vn -0.0843 -0.5285 0.8448
vn 0.0230 -0.2954 0.9551
vn 0.9070 -0.0515 -0.4179
vn 0.4985 -0.0000 -0.8669
vn 0.3708 0.3937 -0.8412
vn -0.0059 0.2335 -0.9723
vn 0.1713 0.5660 -0.8064
vn -0.0800 0.1716 -0.9819
vn 0.1030 -0.1952 0.9753
vn 0.1080 0.5816 -0.8063
vn 0.6896 -0.1114 -0.7156
vn 0.9558 -0.2004 0.2150
vn 0.8408 0.0301 0.5406
vn 0.0166 0.3489 -0.9370
vn 0.1528 0.9369 -0.3144
vn -0.4426 0.7274 -0.5244
vn 0.7101 -0.4165 0.5677
vn 0.9626 -0.2653 0.0547
vn 0.3801 -0.8672 -0.3216
vn 0.0852 0.1791 -0.9801
vn 0.0055 0.2336 -0.9723
vn -0.1575 0.5619 -0.8121
vn -0.1023 -0.2102 0.9723
vn 0.0695 -0.5235 0.8492
vn -0.0394 -0.2788 0.9595
vn -0.3638 0.4046 -0.8390
vn 0.2909 -0.3962 0.8708
vn 0.4356 -0.7865 -0.4378
vn -0.3027 -0.9130 -0.2735
vn -0.2436 -0.7084 -0.6624
vn 0.1600 0.0704 -0.9846
vn -0.1143 -0.0857 -0.9897
vn 0.1253 -0.0856 -0.9884
vn -0.1594 -0.6847 0.7112
vn -0.3420 0.0163 -0.9396
vn -0.3344 -0.2117 -0.9183
vn -0.3420 0.0246 -0.9394
vn -0.2201 0.4531 0.8638
vn -0.7926 0.4281 0.4342
vn -0.8911 0.3576 0.2795
vn 0.9533 -0.0525 -0.2975
vn 0.9327 -0.0313 -0.3593
vn 0.9591 -0.0528 -0.2780
vn 0.0747 -0.4898 0.8687
vn -0.0926 0.5554 -0.8264
vn 0.9657 -0.0422 -0.2562
vn -0.9894 0.0644 0.1299
vn -0.1142 -0.4686 0.8760
vn 0.1660 0.2116 -0.9631
vn -0.8727 -0.1521 -0.4639
vn -0.4387 -0.0000 -0.8986
vn -0.9929 0.0107 0.1185
vn -0.5269 0.0876 -0.8454
vn -0.1437 -0.0549 -0.9881
vn -0.3985 -0.6308 0.6658
vn -0.7752 -0.6250 -0.0913
vn 0.1685 -0.9800 0.1054
vn 0.4401 0.0922 -0.8932
vn -0.0717 -0.8621 -0.5016
vn -0.0660 -0.8625 -0.5018
vn 0.5279 -0.5776 0.6227
vn -0.6499 -0.5194 0.5548
vn -0.5752 -0.6939 0.4332
vn 0.1180 -0.9277 -0.3542
vn -0.1782 -0.8689 -0.4617
vn 0.1468 -0.6818 0.7167
vn 0.1473 0.9477 -0.2830
vn 0.6202 0.7836 -0.0365
vn -0.0056 0.9997 -0.0240
vn -0.9399 -0.3026 0.1582
vn -0.9290 -0.2493 0.2736
vn -0.8672 0.4963 0.0404
vn 0.5680 0.7833 -0.2527
vn 0.9943 0.1070 0.0009
vn -0.8537 -0.5127 0.0912
vn -0.1895 -0.8706 0.4541
vn -0.7214 -0.6531 0.2301
vn -0.1176 -0.9611 0.2500
vn -0.7595 -0.6339 0.1457
vn -0.9395 -0.2920 0.1793
vn -0.8873 -0.4584 0.0510
vn -0.1163 -0.9931 0.0161
vn -0.1163 -0.9932 0.0080
vn -0.1163 -0.9931 0.0160
vn -0.0930 -0.9936 0.0641
vn 0.4216 0.9068 0.0004
vn 0.2236 0.9738 0.0411
vn 0.4334 -0.8248 0.3631
vn 0.1490 -0.8912 0.4285
vn 0.0582 0.9971 -0.0482
vn 0.2155 -0.9080 0.3593
vn -0.5658 0.8100 -0.1542
vn -0.9636 0.2655 0.0315
vn -0.5170 0.8552 -0.0359
vn -0.3220 0.8457 -0.4256
vn -0.0447 0.9678 -0.2478
vn -0.5089 -0.8607 0.0173
vn -0.1287 -0.9869 0.0969
vn -0.4374 -0.8959 0.0776
vn -0.9736 -0.0107 -0.2282
vn -0.9931 -0.0642 -0.0986
vn -0.9751 0.1707 -0.1417
vn -0.1939 -0.9777 0.0812
vn -0.5090 -0.8606 0.0172
vn -0.4374 -0.8959 0.0777
vn -0.9791 -0.2020 -0.0224
vn 0.4400 -0.8829 0.1642
vn 0.1799 -0.9789 0.0972
vn 0.4947 -0.8674 0.0533
vn 0.4401 -0.8828 0.1642
vn -0.5089 -0.8607 0.0172
vn -0.4871 -0.8733 0.0084
vn 0.1865 -0.9689 0.1628
vn 0.4488 -0.8547 0.2608
vn 0.6201 0.7840 0.0283
vn 0.0576 -0.9978 -0.0319
vn 0.0455 -0.9943 0.0962
vn 0.0520 -0.9975 -0.0478
vn -0.1960 -0.0789 0.9774
vn -0.2746 0.3524 0.8947
vn -0.2382 0.0636 0.9691
vn -0.9420 -0.1358 0.3069
vn -0.9749 -0.1387 -0.1742
vn -0.8153 -0.4941 -0.3018
vn -0.0525 -0.5624 -0.8252
vn 0.3450 -0.5228 -0.7795
vn 0.2662 -0.9269 0.2645
vn 0.4487 -0.8548 0.2608
vn -0.1238 -0.8501 -0.5118
vn 0.9995 0.0215 -0.0210
vn -0.5350 -0.8174 0.2138
vn -0.3460 -0.9364 0.0586
vn -0.9714 -0.2338 0.0424
vn -0.3986 0.4641 0.7910
vn 0.2350 -0.9718 0.0165
vn 0.7404 0.6687 0.0685
vn -0.0119 0.9974 0.0718
vn 0.5990 0.8007 0.0097
vn 0.4216 0.9068 0.0003
vn 0.3024 -0.8967 0.3232
vn 0.5989 0.8007 0.0096
vn -0.9893 -0.1395 0.0428
vn -0.3137 -0.9376 0.1501
vn -0.3139 -0.9375 0.1501
vn -0.9731 0.2236 -0.0548
vn -0.1108 -0.9808 0.1606
vn -0.1109 -0.9808 0.1606
vn -0.6203 0.7839 0.0273
vn -0.5990 0.8007 0.0086
vn -0.4216 0.9068 -0.0004
vn -0.0939 -0.9750 0.2012
vn -0.0880 -0.9723 0.2167
vn 0.9927 -0.1069 0.0551
vn 0.5603 -0.8282 0.0095
vn 0.5602 -0.8283 0.0095
vn 0.2543 -0.9636 0.0824
vn -0.9695 -0.2439 -0.0223
vn -0.5990 0.8007 0.0087
vn -0.9692 -0.0637 -0.2379
vn -0.9042 -0.2992 -0.3047
vn -0.6528 0.5451 -0.5261
vn -0.1247 0.8926 -0.4333
vn -0.7897 0.4099 -0.4565
vn 0.0190 0.9478 -0.3182
vn 0.7646 0.6295 0.1383
vn -0.3395 -0.8991 0.2762
vn -0.3466 -0.8851 0.3106
vn -0.3459 -0.8827 0.3181
vn 0.9054 0.4225 -0.0411
vn 0.9942 -0.1069 -0.0100
vn 0.7670 0.6405 -0.0388
vn -0.1097 0.9939 -0.0081
vn -0.0214 0.9598 -0.2797
vn 0.4354 0.8779 0.1994
vn -0.2238 0.9623 0.1544
vn 0.2748 0.8160 -0.5086
vn 0.6635 0.5435 -0.5141
vn 0.8408 0.3089 -0.4446
vn -0.7433 0.6617 -0.0980
vn -0.5393 0.8093 -0.2327
vn 0.3485 -0.8751 0.3357
vn 0.2848 -0.9136 0.2902
vn 0.3563 -0.8713 0.3374
vn -0.7495 0.6608 -0.0395
vn -0.7236 -0.4072 0.5573
vn -0.9642 -0.1579 0.2131
vn 0.6526 0.7345 -0.1860
vn 0.3328 0.9424 -0.0333
vn 0.8782 -0.0710 -0.4729
vn -0.5235 0.5284 0.6684
vn -0.5091 0.7183 0.4742
vn 0.6910 -0.7022 0.1717
vn 0.4211 -0.5642 0.7102
vn 0.9999 -0.0106 -0.0101
vn 0.9997 0.0215 0.0118
vn 0.8173 -0.5731 -0.0595
vn -0.3313 -0.9099 0.2496
vn -0.8890 -0.3465 0.2994
vn -0.6121 -0.6795 0.4044
vn 0.3198 -0.8345 -0.4486
vn 0.4065 -0.9079 -0.1021
vn 0.6795 -0.7337 0.0006
vn -0.4806 0.8536 0.2010
vn -0.4277 0.8875 0.1714
vn -0.1107 0.9933 0.0322
vn 0.8996 -0.3170 -0.3005
vn 0.5822 0.8056 0.1096
vn -0.5030 -0.8620 -0.0623
vn -0.1058 0.9490 0.2971
vn -0.4941 -0.8251 -0.2739
vn -0.8620 0.4727 0.1832
vn -0.9720 0.2339 -0.0224
vn 0.4228 -0.8029 -0.4203
vn -0.1630 0.9861 0.0322
vn 0.1356 -0.9021 -0.4097
vn -0.1870 0.9818 0.0323
vn 0.9061 -0.4126 -0.0935
vn 0.5429 0.8393 0.0274
vn 0.9672 -0.2537 0.0115
vn 0.1513 0.9821 -0.1125
vn 0.0284 0.9957 0.0883
vn -0.7744 0.6125 -0.1587
vn 0.9442 -0.3149 0.0967
vn 0.6457 0.7627 -0.0368
vn -0.8658 -0.0710 -0.4954
vn -0.2265 -0.2140 -0.9502
vn -0.8540 0.4636 -0.2362
vn 0.3400 0.7002 0.6278
vn 0.0823 0.9630 -0.2565
vn -0.0180 0.9926 0.1200
vn -0.8612 0.4735 -0.1848
vn -0.8930 0.0001 -0.4500
vn 0.8788 0.0609 -0.4733
vn 0.4082 -0.9127 -0.0169
vn 0.3847 -0.9116 0.1448
vn -0.4217 -0.8997 -0.1125
vn 0.6394 -0.6125 0.4647
vn -0.3949 -0.7859 -0.4759
vn 0.7269 -0.0095 0.6867
vn 0.9940 -0.1070 0.0225
vn 0.0843 0.9354 0.3434
vn -0.0208 -0.9240 -0.3818
vn 0.8303 0.4292 0.3555
vn -0.9769 0.2032 -0.0659
vn -0.9905 0.1074 0.0864
vn -0.8235 0.5580 -0.1019
vn 0.4954 -0.8220 -0.2808
vn 0.8233 0.5675 -0.0094
vn 0.1995 0.9794 0.0328
vn 0.2424 0.9701 0.0084
vn 0.2727 0.9578 0.0909
vn -0.7949 0.6068 -0.0007
vn 0.6977 0.6978 -0.1623
vn -0.2040 0.9609 -0.1872
vn -0.8751 -0.4466 -0.1863
vn 0.1686 0.9856 0.0082
vn -0.4415 0.8913 0.1030
vn 0.4048 0.8911 0.2052
vn -0.8672 0.2829 0.4098
vn -0.1820 0.9747 0.1298
vn 0.0055 0.9992 0.0400
vn 0.8855 0.1420 -0.4423
vn 0.6860 0.3730 -0.6247
vn 0.8049 0.4015 -0.4370
vn -0.6389 0.5301 -0.5575
vn -0.6790 0.6882 -0.2556
vn -0.5178 0.8403 -0.1604
vn -0.6203 -0.5989 0.5065
vn -0.8523 -0.1901 0.4873
vn -0.8442 -0.4607 0.2740
vn -0.5850 0.8078 0.0724
vn -0.2852 0.9584 -0.0085
vn -0.2613 0.9650 0.0245
vn -0.6920 0.7209 0.0375
vn 0.6737 0.5087 0.5360
vn 0.1158 0.9921 0.0485
vn 0.3577 0.6508 0.6697
vn 0.1026 0.9775 0.1842
vn 0.2471 0.9451 0.2136
vn 0.5255 0.8500 0.0360
vn 0.9484 0.3164 0.0222
vn -0.6513 0.7423 0.1577
vn 0.0696 0.9974 -0.0160
vn 0.3866 0.9221 -0.0167
vn 0.7613 0.6456 0.0593
vn 0.7989 0.5896 -0.1191
vn -0.1276 0.9918 -0.0082
vn 0.7612 0.6458 0.0594
vn -0.1771 0.9174 0.3564
vn -0.7998 0.2450 -0.5480
vn -0.3295 0.9207 -0.2092
vn 0.4867 0.8729 0.0355
vn 0.1096 0.9939 0.0081
vn 0.4867 0.8720 -0.0522
vn 0.7988 0.5897 -0.1191
vn 0.4867 0.8728 0.0355
vn 0.4289 0.9013 0.0608
vn 0.1097 0.9939 0.0081
vn 0.4866 0.8729 0.0355
vn 0.4867 0.8720 -0.0523
vn 0.0809 0.9964 0.0242
vn -0.8306 0.5185 -0.2032
vn -0.4640 0.8544 0.2339
vn -0.9147 0.4029 0.0307
vn -0.9222 -0.3853 -0.0325
vn -0.2809 0.9537 0.1074
vn -0.9185 0.3117 -0.2435
vn -0.7143 0.6178 -0.3288
vn -0.3195 0.9467 0.0415
vn 0.6216 0.7291 -0.2864
vn 0.9997 0.0216 0.0117
vn -0.2425 0.9701 -0.0084
vn -0.4479 0.8934 -0.0349
vn -0.2183 0.9759 -0.0084
vn -0.8964 0.4428 -0.0217
vn -0.2183 0.9758 -0.0084
vn -0.4434 0.8963 -0.0004
vn -0.4480 0.8934 -0.0349
vn 0.0808 0.9964 0.0242
vn -0.1756 0.9844 -0.0083
vn -0.2183 0.9759 -0.0083
vn -0.1757 0.9844 -0.0083
vn -0.3303 0.9439 -0.0003
vn -0.8740 0.4860 -0.0007
vn 0.0796 -0.9712 0.2246
vn -0.5389 -0.7397 -0.4030
vn -0.4729 -0.3436 -0.8114
vn 0.6465 -0.1100 0.7549
vn -0.0475 -0.9696 0.2402
vn -0.3616 0.8694 -0.3367
vn -0.0534 0.7124 -0.6998
vn -0.6883 0.6629 -0.2946
vn 0.1720 0.3934 -0.9031
vn 0.9197 -0.1978 0.3391
vn 0.6527 0.5677 -0.5017
vn 0.6259 0.6162 -0.4781
vn -0.1291 0.7036 -0.6987
vn -0.1292 0.7346 -0.6660
vn -0.5982 0.5241 -0.6062
vn -0.6037 0.5859 -0.5407
vn 0.1171 -0.7164 0.6878
vn 0.9254 -0.2907 0.2433
vn -0.9558 -0.2844 0.0741
vn -0.6612 -0.5879 0.4660
vn -0.6660 -0.6015 0.4412
vn 0.1366 0.7340 -0.6653
vn 0.6029 0.5222 -0.6031
vn 0.6078 0.5841 -0.5380
vn 0.1368 0.7030 -0.6979
vn 0.6629 -0.6032 0.4435
vn 0.6580 -0.5896 0.4684
vn 0.9557 -0.2846 0.0758
vn -0.6491 0.5695 -0.5044
vn -0.6223 0.6180 -0.4805
vn -0.9208 -0.1972 0.3366
vn -0.9261 -0.2901 0.2412
vn -0.1247 -0.7158 0.6870
vn 0.6815 0.4542 -0.5738
vn -0.1124 0.8139 -0.5700
vn 0.8964 -0.4428 0.0216
vn 0.0256 0.8897 -0.4558
vn -0.5317 0.7906 -0.3038
vn 0.5423 -0.7382 -0.4012
vn 0.5663 -0.0000 -0.8242
vn 0.4802 -0.3421 -0.8077
vn -0.3642 0.9282 0.0755
vn -0.9397 -0.0521 0.3380
vn -0.6901 0.3996 0.6034
vn -0.6519 -0.1095 0.7503
vn -0.7010 -0.4959 0.5126
vn 0.0448 -0.9697 0.2403
vn 0.1597 -0.8415 0.5162
vn -0.9585 -0.2428 0.1493
vn 0.1477 -0.7633 0.6289
vn -0.6776 0.4559 -0.5771
vn 0.1187 0.8134 -0.5694
vn 0.5343 0.7893 -0.3024
vn -0.0036 0.9270 -0.3751
vn 0.0777 0.8317 -0.5498
vn -0.5596 0.0001 -0.8288
vn 0.3635 0.9285 0.0761
vn 0.9353 -0.0520 0.3500
vn 0.6860 0.4012 0.6069
vn 0.6976 -0.4976 0.5155
vn -0.0821 -0.9710 0.2244
vn -0.8964 -0.4427 0.0201
vn -0.1654 -0.8408 0.5155
vn 0.9582 -0.2431 0.1511
vn -0.1535 -0.7322 0.6636
vn -0.9140 -0.1236 0.3863
vn -0.1183 -0.7278 0.6755
vn -0.1545 -0.7621 0.6288
vn 0.6619 -0.6481 0.3767
vn 0.3226 -0.9106 0.2585
vn 0.9735 -0.2021 -0.1072
vn -0.9375 -0.0104 0.3477
vn -0.6897 0.6272 -0.3619
vn 0.6921 0.6257 -0.3599
vn 0.0612 0.7121 -0.6994
vn 0.6903 0.6617 -0.2927
vn -0.1227 0.7002 -0.7033
vn -0.6047 0.4699 -0.6431
vn -0.1802 0.3957 -0.9005
vn -0.3253 -0.9098 0.2578
vn -0.0501 -0.9515 -0.3035
vn -0.9732 -0.2023 -0.1090
vn 0.9365 -0.0104 0.3504
vn 0.9128 -0.1240 0.3892
vn 0.6096 0.4682 -0.6397
vn 0.6173 0.4690 -0.6316
vn 0.1305 0.6996 -0.7025
vn 0.0363 -0.9544 -0.2964
vn 0.1462 -0.7329 0.6645
vn -0.6125 0.4708 -0.6350
vn 0.1108 -0.7283 0.6762
vn -0.6645 -0.6466 0.3747
vn 0.6263 -0.7571 0.1858
vn -0.9732 -0.2023 -0.1089
vn 0.9986 0.0537 0.0008
vn -0.0004 0.9968 0.0797
vn 0.3236 0.9432 0.0752
vn 0.3854 0.8484 -0.3630
vn 0.5257 0.8502 0.0271
vn 0.0005 0.9968 -0.0797
vn 0.9515 0.2310 0.2034
vn 0.3115 -0.9501 0.0169
vn 0.5733 0.8193 0.0095
vn 0.9902 0.1396 0.0008
vn 0.8299 -0.5571 -0.0296
vn -0.1023 -0.9612 -0.2562
vn 0.1052 -0.9610 -0.2559
vn 0.1278 -0.9892 -0.0723
vn -0.1271 -0.9898 -0.0645
vn -0.3117 -0.9500 0.0164
vn -0.6360 -0.7492 0.1851
vn -0.9520 0.2306 0.2015
vn 0.3774 -0.9222 -0.0841
vn 0.9709 -0.1060 -0.2146
vn -0.5344 0.8445 0.0353
vn -0.5819 0.8132 0.0086
vn -0.8404 -0.5395 -0.0514
vn -0.9928 0.1176 -0.0225
vn 0.0984 -0.9925 -0.0719
vn -0.1041 -0.9919 -0.0726
vn 0.0807 0.9959 0.0402
vn 0.5990 0.8007 -0.0086
vn -0.3998 0.9160 0.0338
vn -0.9176 0.3940 -0.0534
vn 0.7343 0.6787 0.0103
vn 0.4120 0.9086 0.0687
vn 0.0577 0.9972 -0.0478
vn 0.7324 0.6765 -0.0768
vn 0.4814 0.8737 -0.0699
vn 0.2074 -0.8534 0.4782
vn -0.0432 -0.8581 0.5117
vn 0.9859 0.1497 -0.0752
vn -0.0261 0.8814 -0.4716
vn 0.8469 0.5028 -0.1729
vn -0.0432 0.8581 0.5117
vn -0.0531 0.9798 0.1926
vn 0.0681 0.9774 0.2002
vn 0.2068 -0.8039 -0.5577
vn 0.2931 -0.9370 -0.1901
vn -0.1089 -0.9735 -0.2011
vn -0.5922 0.7996 0.0999
vn -0.4559 0.8885 -0.0524
vn 0.0467 0.9926 -0.1120
vn -0.8941 0.4418 -0.0738
vn -0.8291 0.5568 -0.0512
vn -0.7002 0.6933 0.1707
vn 0.1884 0.9155 -0.3556
vn -0.2930 -0.8509 0.4360
vn -0.0995 -0.9832 0.1529
vn -0.1517 0.9872 0.0484
vn 0.2994 0.9382 -0.1738
vn 0.0358 0.9790 -0.2005
vn -0.9334 -0.2618 -0.2454
vn -0.8895 -0.4294 -0.1565
vn -0.4420 -0.8783 -0.1823
vn -0.2619 -0.9572 0.1234
vn 0.9689 -0.2117 -0.1282
vn 0.9145 -0.2680 -0.3030
vn 0.3906 0.8551 0.3409
vn 0.4814 -0.8551 -0.1926
vn 0.0116 -0.9998 -0.0160
vn -0.3794 -0.9213 -0.0854
vn 0.0065 -0.9907 -0.1358
vn -0.0050 -0.9907 -0.1358
vn -0.9832 0.1600 -0.0875
vn -0.8234 0.5583 -0.1019
vn -0.0610 0.7862 0.6150
vn -0.9309 -0.3650 -0.0114
vn -0.6627 -0.7487 -0.0194
vn -0.5392 -0.8422 -0.0005
vn -0.0629 0.9934 -0.0961
vn -0.1163 0.9931 0.0160
vn -0.1992 0.9723 -0.1226
vn -0.4484 0.8937 0.0169
vn -0.5638 -0.8241 -0.0545
vn -0.3596 -0.9331 -0.0003
vn -0.3849 -0.9197 -0.0768
vn -0.1926 0.9812 0.0079
vn -0.2481 0.9684 0.0244
vn 0.6983 0.6380 0.3246
vn -0.5111 0.8550 0.0882
vn -0.9638 0.2656 -0.0224
vn -0.8064 0.5604 0.1890
vn -0.9308 -0.3650 -0.0220
vn -0.6211 0.6914 0.3691
vn 0.1817 0.7364 0.6517
vn -0.0487 0.8807 0.4712
vn 0.1691 0.9829 0.0732
vn 0.2559 0.7728 0.5808
vn -0.6279 0.7659 0.1384
vn 0.9053 0.4228 -0.0412
vn 0.2176 0.9738 0.0656
vn 0.4204 0.7048 0.5714
vn 0.9838 0.1708 0.0550
vn 0.1866 0.9816 0.0407
vn 0.8823 0.4702 -0.0201
vn 0.5120 0.8472 -0.1415
vn 0.0922 0.9946 0.0482
vn -0.3911 -0.9179 0.0675
vn -0.5773 -0.8157 0.0359
vn -0.5019 0.8585 0.1053
vn -0.0754 0.9909 0.1118
vn -0.3537 0.8877 0.2946
vn 0.0039 0.9480 0.3183
vn 0.2044 0.9336 0.2944
vn 0.2206 0.8745 0.4320
vn -0.9626 0.2653 -0.0547
vn 0.4261 -0.9036 0.0432
vn 0.1777 0.8210 0.5426
vn -0.0727 0.7460 0.6620
vn 0.1177 0.7579 0.6416
vn -0.1480 0.7906 0.5941
vn 0.7826 -0.6224 0.0105
vn -0.1813 0.9813 0.0647
vn -0.8413 0.5402 -0.0210
vn -0.7602 -0.6449 -0.0788
vn -0.5370 0.7370 -0.4104
vn -0.1203 0.9587 -0.2577
vn -0.2970 0.8750 -0.3823
vn -0.3822 0.8255 -0.4153
vn -1.0000 -0.0000 -0.0008
vn 1.0000 -0.0000 0.0008
vn 0.9052 0.0822 -0.4170
vn 0.8417 0.5207 0.1430
vn 0.8187 0.5157 0.2525
vn 0.9693 0.2438 0.0331
vn 0.6429 0.7428 0.1868
vn 0.6825 -0.6699 -0.2924
vn 0.7848 -0.5842 -0.2070
vn 0.6657 -0.6948 -0.2723
vn 0.6545 -0.7463 -0.1211
vn 0.9559 -0.2737 -0.1062
vn 0.9784 0.1697 -0.1177
vn 0.8497 -0.3495 -0.3948
vn 0.6148 0.2700 0.7410
vn 0.6665 0.2406 0.7056
vn 0.7998 0.2450 0.5480
vn 0.7123 -0.6317 -0.3059
vn 0.9914 -0.1183 0.0554
vn 0.9060 0.4231 0.0112
vn 0.7607 -0.6454 0.0691
vn 0.2875 0.9572 -0.0330
vn 0.9113 0.4117 0.0112
vn 0.7744 -0.6314 0.0401
vn 0.6284 -0.7770 0.0377
vn 0.2800 -0.9498 -0.1399
vn 0.2912 -0.9301 0.2240
vn -0.0105 -0.9829 -0.1837
vn -0.0047 -0.9830 -0.1837
vn -0.0162 -0.9828 -0.1837
vn -0.9142 -0.0621 -0.4004
vn -0.8100 -0.5833 -0.0609
vn 0.4063 -0.9097 0.0859
vn -0.8434 -0.5209 0.1316
vn 0.0010 -0.9830 -0.1837
vn -0.6628 -0.7389 0.1214
vn -0.0369 -0.9125 0.4074
vn -0.2936 -0.9295 0.2234
vn 0.7940 0.6060 -0.0490
vn 0.9376 0.3438 -0.0521
vn 0.9852 0.1710 -0.0101
vn 0.9688 -0.2329 -0.0852
vn 0.7528 -0.6537 -0.0775
vn 0.7545 0.6552 -0.0385
vn 0.4294 -0.9021 0.0436
vn 0.6877 0.7260 -0.0089
vn -0.9942 -0.1070 0.0100
vn -0.6287 -0.7768 0.0366
vn -0.2785 -0.9501 -0.1405
vn 0.1868 0.9821 0.0245
vn 0.5385 0.8333 0.1252
vn 0.4430 0.8958 0.0350
vn 0.9260 0.3736 0.0535
vn 0.9176 0.3940 0.0534
vn 0.8479 -0.5135 -0.1322
vn 0.6620 -0.7394 0.1226
vn 0.4978 -0.8628 -0.0878
vn 0.5344 0.8450 0.0183
vn 0.5514 -0.8233 -0.1344
vn 0.6372 -0.7320 -0.2411
vn 0.9343 0.3559 0.0220
vn 0.8751 0.4767 0.0831
vn 0.0035 -0.9173 0.3982
vn 0.8429 -0.5214 0.1331
vn 0.8102 -0.5831 -0.0596
vn 0.0125 -0.9829 -0.1837
vn 0.0183 -0.9828 -0.1837
vn 0.0068 -0.9830 -0.1837
vn 0.0011 -0.9830 -0.1837
vn 0.9155 -0.0618 -0.3975
vn 0.6291 -0.7392 -0.2405
vn 0.1091 -0.2505 0.9620
vn 0.2274 -0.1988 0.9533
vn 0.3194 0.3487 -0.8811
vn 0.6687 -0.3397 -0.6614
vn 0.8449 -0.3807 -0.3758
vn 0.9121 -0.2983 -0.2813
vn 0.3827 0.1656 0.9089
vn 0.2452 0.2071 0.9471
vn -0.8797 0.4684 0.0820
vn 0.3519 -0.6314 -0.6910
vn 0.3705 0.2047 -0.9060
vn -0.9343 0.3559 0.0205
vn -0.3449 -0.6329 -0.6932
vn -0.6640 -0.3411 -0.6654
vn -0.8433 -0.3818 -0.3783
vn -0.3614 0.2053 -0.9095
vn -0.6480 -0.7303 -0.2165
vn -0.3916 0.1651 0.9052
vn -0.2376 -0.1984 0.9509
vn -0.1198 -0.2502 0.9608
vn 0.4739 0.7211 -0.5054
vn 0.5710 0.1670 -0.8038
vn 0.9249 -0.3624 -0.1150
vn 0.8482 -0.4006 0.3466
vn 0.0921 -0.9942 0.0562
vn -0.5645 0.1679 -0.8082
vt 0.185669 0.747559
vt 0.228882 0.751953
vt 0.185669 0.752075
vt 0.671875 0.243652
vt 0.686035 0.249023
vt 0.648926 0.246582
vt 0.662598 0.238281
vt 0.645020 0.244141
vt 0.663574 0.229004
vt 0.659668 0.226074
vt 0.893555 0.718262
vt 0.863281 0.719971
vt 0.867188 0.708496
vt 0.948242 0.101562
vt 0.951660 0.089844
vt 0.951660 0.095215
vt 0.876953 0.722412
vt 0.993164 0.159668
vt 0.983398 0.159668
vt 0.988770 0.153809
vt 0.948242 0.102051
vt 0.939941 0.100098
vt 0.939941 0.097656
vt 0.844727 0.706787
vt 0.862793 0.732422
vt 0.866211 0.731934
vt 0.848633 0.691406
vt 0.630859 0.244629
vt 0.642090 0.239746
vt 0.634766 0.235352
vt 0.662109 0.253418
vt 0.643555 0.263672
vt 0.166504 0.297852
vt 0.190430 0.294922
vt 0.180298 0.303223
vt 0.153076 0.294922
vt 0.166382 0.291016
vt 0.186768 0.304688
vt 0.983398 0.172363
vt 0.980469 0.158691
vt 0.933594 0.087402
vt 0.940918 0.084473
vt 0.939941 0.098633
vt 0.977539 0.171387
vt 0.179932 0.285645
vt 0.885742 0.773193
vt 0.881836 0.759521
vt 0.928711 0.747803
vt 0.904297 0.745605
vt 0.629883 0.202637
vt 0.639648 0.196289
vt 0.647461 0.205078
vt 0.663574 0.217285
vt 0.659668 0.220215
vt 0.684570 0.197754
vt 0.664551 0.208008
vt 0.652832 0.203613
vt 0.900391 0.733887
vt 0.903809 0.734375
vt 0.642090 0.207031
vt 0.667969 0.197266
vt 0.733887 0.204102
vt 0.740234 0.190430
vt 0.747070 0.178711
vt 0.723633 0.181152
vt 0.717285 0.107422
vt 0.734375 0.097656
vt 0.723633 0.120605
vt 0.912109 0.753662
vt 0.643555 0.182617
vt 0.634277 0.210938
vt 0.496094 0.440430
vt 0.565430 0.445801
vt 0.497314 0.446777
vt 0.253418 0.430176
vt 0.239868 0.408203
vt 0.253906 0.424316
vt 0.626953 0.431641
vt 0.625488 0.434570
vt 0.621094 0.427734
vt 0.609375 0.432617
vt 0.606934 0.442871
vt 0.574219 0.446777
vt 0.227539 0.395996
vt 0.241943 0.402832
vt 0.627930 0.429688
vt 0.567871 0.428223
vt 0.189087 0.381348
vt 0.225830 0.388184
vt 0.190430 0.387695
vt 0.189697 0.397949
vt 0.121704 0.382324
vt 0.173218 0.392090
vt 0.182129 0.395508
vt 0.182251 0.399902
vt 0.556641 0.436523
vt 0.121521 0.386230
vt 0.551758 0.414062
vt 0.564941 0.429688
vt 0.554199 0.413086
vt 0.231445 0.409668
vt 0.200317 0.403320
vt 0.617676 0.424316
vt 0.584961 0.426758
vt 0.169800 0.415039
vt 0.167480 0.412598
vt 0.635742 0.409180
vt 0.635254 0.413086
vt 0.231567 0.444824
vt 0.239746 0.440918
vt 0.268555 0.444824
vt 0.300049 0.382812
vt 0.372070 0.394043
vt 0.287598 0.390137
vt 0.302490 0.397461
vt 0.605957 0.447754
vt 0.223999 0.381836
vt 0.304443 0.440918
vt 0.209106 0.440918
vt 0.209106 0.444824
vt 0.188110 0.444824
vt 0.251221 0.394043
vt 0.184570 0.440918
vt 0.422852 0.375977
vt 0.427246 0.364258
vt 0.432129 0.382324
vt 0.345947 0.145020
vt 0.332764 0.148926
vt 0.316162 0.145020
vt 0.390625 0.145508
vt 0.426270 0.145020
vt 0.426270 0.148926
vt 0.392822 0.149414
vt 0.276123 0.402344
vt 0.349609 0.405273
vt 0.332520 0.406738
vt 0.315918 0.444824
vt 0.371338 0.441406
vt 0.370605 0.443848
vt 0.375000 0.415527
vt 0.391602 0.404785
vt 0.410156 0.429688
vt 0.367920 0.382812
vt 0.400391 0.393555
vt 0.418457 0.413574
vt 0.437988 0.393555
vt 0.403809 0.382324
vt 0.723633 0.076660
vt 0.710449 0.094238
vt 0.715332 0.056641
vt 0.733887 0.161133
vt 0.740234 0.140625
vt 0.088318 0.280273
vt 0.087341 0.278809
vt 0.112793 0.278809
vt 0.088318 0.277344
vt 0.126099 0.285645
vt 0.126099 0.271973
vt 0.098389 0.293457
vt 0.098389 0.264160
vt 0.104004 0.301758
vt 0.103882 0.255859
vt 0.692871 0.682861
vt 0.717285 0.691895
vt 0.696777 0.692139
vt 0.402832 0.332520
vt 0.398926 0.330566
vt 0.408691 0.326172
vt 0.402588 0.335449
vt 0.398438 0.330566
vt 0.701172 0.681885
vt 0.695801 0.692139
vt 0.408936 0.326660
vt 0.403809 0.460449
vt 0.416504 0.474121
vt 0.418945 0.467285
vt 0.165161 0.278809
vt 0.148926 0.284180
vt 0.148804 0.272949
vt 0.409668 0.330078
vt 0.149658 0.291016
vt 0.146851 0.295410
vt 0.149536 0.266602
vt 0.146851 0.261719
vt 0.146851 0.299316
vt 0.101074 0.308594
vt 0.101074 0.248535
vt 0.146851 0.257812
vt 0.411621 0.333008
vt 0.409912 0.330078
vt 0.411865 0.335449
vt 0.402344 0.335449
vt 0.480957 0.229980
vt 0.481689 0.223145
vt 0.559570 0.223145
vt 0.511230 0.216309
vt 0.361816 0.335938
vt 0.361572 0.332031
vt 0.361572 0.331543
vt 0.632812 0.678223
vt 0.634766 0.693115
vt 0.718262 0.684326
vt 0.574219 0.238770
vt 0.549805 0.229492
vt 0.575684 0.230957
vt 0.659668 0.680908
vt 0.559082 0.216797
vt 0.575684 0.215332
vt 0.634766 0.692871
vt 0.575684 0.265137
vt 0.499756 0.285156
vt 0.562012 0.260254
vt 0.405518 0.322266
vt 0.359863 0.313477
vt 0.408447 0.318848
vt 0.524414 0.259766
vt 0.576660 0.252441
vt 0.569824 0.247559
vt 0.722656 0.684570
vt 0.773438 0.678955
vt 0.726562 0.692139
vt 0.522461 0.244141
vt 0.573730 0.243164
vt 0.582520 0.257812
vt 0.589844 0.266113
vt 0.408936 0.324219
vt 0.720215 0.692139
vt 0.416992 0.319336
vt 0.584473 0.242676
vt 0.779785 0.692139
vt 0.496582 0.254883
vt 0.497314 0.244141
vt 0.798340 0.676270
vt 0.372314 0.319336
vt 0.429443 0.318848
vt 0.436523 0.323242
vt 0.429932 0.322754
vt 0.631836 0.266602
vt 0.608398 0.266113
vt 0.616699 0.258789
vt 0.446045 0.318359
vt 0.614746 0.252441
vt 0.104065 0.060547
vt 0.112549 0.022461
vt 0.112610 0.061523
vt 0.104309 0.022461
vt 0.609863 0.245117
vt 0.112549 0.008301
vt 0.103210 0.009277
vt 0.607910 0.238281
vt 0.622070 0.238281
vt 0.628906 0.243164
vt 0.630859 0.238281
vt 0.087830 0.267090
vt 0.497314 0.273926
vt 0.497314 0.264648
vt 0.460693 0.791138
vt 0.488281 0.803467
vt 0.461426 0.803467
vt 0.824219 0.670410
vt 0.803223 0.683105
vt 0.569824 0.198730
vt 0.524414 0.186523
vt 0.576660 0.194336
vt 0.562012 0.186035
vt 0.496826 0.191895
vt 0.522461 0.202148
vt 0.497314 0.172363
vt 0.500000 0.161133
vt 0.497314 0.202148
vt 0.405273 0.322266
vt 0.360107 0.313477
vt 0.633301 0.187988
vt 0.944824 0.852661
vt 0.938477 0.848267
vt 0.927246 0.855713
vt 0.941406 0.859985
vt 0.722168 0.684570
vt 0.718750 0.684082
vt 0.572266 0.207520
vt 0.574219 0.203125
vt 0.584473 0.203613
vt 0.575684 0.181641
vt 0.582520 0.188477
vt 0.589844 0.180664
vt 0.614746 0.193848
vt 0.609863 0.201660
vt 0.616699 0.187500
vt 0.608398 0.180664
vt 0.445801 0.318359
vt 0.631836 0.180664
vt 0.927246 0.863037
vt 0.112671 0.061523
vt 0.607910 0.208496
vt 0.622070 0.208496
vt 0.153320 0.296387
vt 0.080017 0.283691
vt 0.089905 0.290039
vt 0.079773 0.274414
vt 0.628906 0.242188
vt 0.633301 0.259277
vt 0.887695 0.852051
vt 0.891113 0.855713
vt 0.887207 0.868774
vt 0.991211 0.171387
vt 0.153198 0.292969
vt 0.995605 0.164551
vt 0.944824 0.852905
vt 0.927246 0.855835
vt 0.938965 0.848145
vt 0.941406 0.860107
vt 0.895508 0.849609
vt 0.898926 0.851440
vt 0.899414 0.869263
vt 0.384521 0.444824
vt 0.385986 0.433594
vt 0.410156 0.430176
vt 0.370605 0.422852
vt 0.412842 0.443848
vt 0.413086 0.443848
vt 0.950195 0.859985
vt 0.959473 0.855713
vt 0.390869 0.445801
vt 0.395996 0.451172
vt 0.186646 0.285156
vt 0.958984 0.849243
vt 0.959473 0.864380
vt 0.958984 0.849365
vt 0.422852 0.431641
vt 0.285400 0.148926
vt 0.332031 0.148926
vt 0.333252 0.406738
vt 0.395996 0.450684
vt 0.185913 0.667969
vt 0.180908 0.677979
vt 0.165039 0.663818
vt 0.182373 0.659912
vt 0.878906 0.904114
vt 0.907715 0.899841
vt 0.882324 0.876099
vt 0.718262 0.656250
vt 0.749023 0.670654
vt 0.755371 0.654297
vt 0.032745 0.256348
vt 0.034882 0.175781
vt 0.018738 0.273438
vt 0.693848 0.615479
vt 0.729492 0.628174
vt 0.692383 0.627197
vt 0.729492 0.613281
vt 0.651855 0.622559
vt 0.447754 0.250977
vt 0.470459 0.238281
vt 0.445312 0.271973
vt 0.878906 0.904175
vt 0.842285 0.925049
vt 0.842285 0.906494
vt 0.625000 0.326660
vt 0.616699 0.310547
vt 0.609863 0.327637
vt 0.708496 0.236328
vt 0.752930 0.243164
vt 0.752930 0.236328
vt 0.114136 0.388672
vt 0.091003 0.388672
vt 0.091003 0.374023
vt 0.756348 0.760498
vt 0.770996 0.726074
vt 0.749512 0.741211
vt 0.438965 0.226562
vt 0.446777 0.227539
vt 0.440918 0.218750
vt 0.327637 0.333984
vt 0.306885 0.311523
vt 0.327637 0.311523
vt 0.025375 0.041504
vt 0.038086 0.033691
vt 0.039337 0.049805
vt 0.061523 0.122559
vt 0.041840 0.098145
vt 0.058044 0.084961
vt 0.708496 0.243164
vt 0.046875 0.173340
vt 0.037903 0.214844
vt 0.163696 0.208984
vt 0.134399 0.208984
vt 0.156128 0.194336
vt 0.075439 0.019531
vt 0.057281 0.044922
vt 0.085205 0.031738
vt 0.439697 0.233887
vt 0.433350 0.220215
vt 0.439453 0.220215
vt 0.594727 0.754272
vt 0.620605 0.752808
vt 0.621094 0.766479
vt 0.632324 0.659668
vt 0.636719 0.670410
vt 0.675293 0.975616
vt 0.692871 0.946808
vt 0.713867 0.946198
vt 0.991211 0.925049
vt 0.109436 0.103516
vt 0.061432 0.143555
vt 0.091614 0.109375
vt 0.907715 0.899719
vt 0.006981 0.246582
vt 0.718262 0.765137
vt 0.783691 0.789307
vt 0.794922 0.766846
vt 0.021210 0.023926
vt 0.025360 0.041504
vt 0.772461 0.748535
vt 0.156128 0.167480
vt 0.120300 0.176270
vt 0.120300 0.168457
vt 0.935059 0.934082
vt 0.900879 0.934082
vt 0.900879 0.956055
vt 0.104431 0.184570
vt 0.099976 0.151367
vt 0.815430 0.365234
vt 0.832031 0.352539
vt 0.808105 0.352539
vt 0.594727 0.766846
vt 0.147949 0.894104
vt 0.182617 0.905518
vt 0.181152 0.923401
vt 0.991699 0.906616
vt 0.969727 0.934082
vt 0.935059 0.956055
vt 0.021133 0.063477
vt 0.009148 0.041016
vt 0.789551 0.472656
vt 0.803711 0.511475
vt 0.761230 0.475098
vt 0.657227 0.493164
vt 0.695801 0.488770
vt 0.704102 0.501709
vt 0.115112 0.348633
vt 0.090454 0.365234
vt 0.113770 0.365234
vt 0.005630 0.237793
vt 0.007889 0.104492
vt 0.988770 0.953857
vt 0.991699 0.934082
vt 0.658691 0.482422
vt 0.033966 0.175781
vt 0.721680 0.750854
vt 0.667969 0.751465
vt 0.633301 0.786133
vt 0.674316 0.789673
vt 0.763184 0.648193
vt 0.789551 0.650146
vt 0.764160 0.656250
vt 0.009300 0.041016
vt 0.042175 0.095703
vt 0.007690 0.095215
vt 0.724609 0.669678
vt 0.120300 0.184570
vt 0.208862 0.181152
vt 0.119629 0.194336
vt 0.824219 0.747559
vt 0.752441 0.628906
vt 0.729492 0.646729
vt 0.095093 0.191406
vt 0.675781 0.715576
vt 0.719238 0.699463
vt 0.677246 0.699463
vt 0.449219 0.239746
vt 0.450684 0.231934
vt 0.466797 0.232910
vt 0.463379 0.226074
vt 0.007439 0.890747
vt 0.052704 0.893555
vt 0.007439 0.909973
vt 0.834473 0.736328
vt 0.850586 0.730225
vt 0.855469 0.742188
vt 0.365479 0.293945
vt 0.396729 0.281738
vt 0.388428 0.301758
vt 0.195312 0.939667
vt 0.194824 0.917664
vt 0.631836 0.635742
vt 0.605469 0.635986
vt 0.090454 0.348145
vt 0.757324 0.960083
vt 0.756348 0.995525
vt 0.029770 0.016602
vt 0.777344 0.517822
vt 0.751953 0.503662
vt 0.114136 0.374023
vt 0.729980 0.491211
vt 0.720703 0.519775
vt 0.657715 0.477539
vt 0.701660 0.466797
vt 0.693848 0.669189
vt 0.845215 0.766235
vt 0.007523 0.166016
vt 0.759277 0.672119
vt 0.039307 0.049805
vt 0.994629 0.469727
vt 0.993652 0.431152
vt 0.982422 0.442383
vt 0.714844 0.798950
vt 0.155884 0.173340
vt 0.652344 0.610107
vt 0.651855 0.633057
vt 0.761719 0.724121
vt 0.052307 0.008301
vt 0.107727 0.210449
vt 0.722656 0.720947
vt 0.693359 0.650391
vt 0.878418 0.794556
vt 0.750488 0.708008
vt 0.816406 0.702881
vt 0.749512 0.703125
vt 0.831055 0.360352
vt 0.280518 0.300293
vt 0.282227 0.291016
vt 0.308350 0.303711
vt 0.149536 0.926147
vt 0.096741 0.930664
vt 0.006355 0.927246
vt 0.002142 0.940521
vt 0.422119 0.297852
vt 0.406250 0.309082
vt 0.210938 0.891418
vt 0.207397 0.905884
vt 0.183350 0.888184
vt 0.688477 0.669678
vt 0.608887 0.668945
vt 0.306396 0.335449
vt 0.497559 0.709473
vt 0.525391 0.740723
vt 0.497070 0.741455
vt 0.760742 0.467773
vt 0.693848 0.994614
vt 0.751953 0.491211
vt 0.052094 0.008789
vt 0.733398 0.470703
vt 0.807617 0.746094
vt 0.568359 0.428223
vt 0.564941 0.445801
vt 0.497559 0.446777
vt 0.557129 0.436523
vt 0.189819 0.381348
vt 0.121643 0.386230
vt 0.121887 0.382324
vt 0.574707 0.446777
vt 0.231567 0.409668
vt 0.173340 0.392090
vt 0.169922 0.415039
vt 0.200439 0.403320
vt 0.882324 0.956055
vt 0.554199 0.413574
vt 0.300781 0.397461
vt 0.288330 0.390625
vt 0.317383 0.382324
vt 0.370605 0.382812
vt 0.287598 0.440918
vt 0.237427 0.440918
vt 0.047180 0.517334
vt 0.094666 0.501709
vt 0.047180 0.509766
vt 0.392334 0.149414
vt 0.272217 0.382812
vt 0.223633 0.382324
vt 0.331055 0.440430
vt 0.369141 0.440918
vt 0.276611 0.402344
vt 0.651855 0.643066
vt 0.782227 0.635742
vt 0.453125 0.379883
vt 0.418701 0.413574
vt 0.463867 0.408691
vt 0.736328 0.699463
vt 0.065430 0.500488
vt 0.421875 0.356934
vt 0.436523 0.356445
vt 0.422607 0.337891
vt 0.457764 0.373047
vt 0.443115 0.355957
vt 0.068909 0.912109
vt 0.257812 0.296387
vt 0.418945 0.357910
vt 0.606934 0.447266
vt 0.226074 0.885376
vt 0.621582 0.779419
vt 0.565430 0.995148
vt 0.895020 0.665039
vt 0.909180 0.669678
vt 0.888672 0.669678
vt 0.306152 0.335449
vt 0.541016 0.368652
vt 0.552734 0.375977
vt 0.508301 0.375977
vt 0.550293 0.384766
vt 0.853027 0.669678
vt 0.640137 0.750488
vt 0.628906 0.760498
vt 0.494385 0.384277
vt 0.532227 0.393555
vt 0.577148 0.393555
vt 0.187256 0.494629
vt 0.282471 0.499023
vt 0.188965 0.499023
vt 0.810547 0.684570
vt 0.244507 0.507080
vt 0.755371 0.452148
vt 0.910156 0.652832
vt 0.875000 0.652100
vt 0.932129 0.652344
vt 0.461182 0.763184
vt 0.493164 0.755127
vt 0.461426 0.774292
vt 0.866211 0.631348
vt 0.889648 0.616211
vt 0.881836 0.630127
vt 0.523926 0.420410
vt 0.532227 0.400391
vt 0.552734 0.407227
vt 0.909668 0.622559
vt 0.926270 0.641113
vt 0.837891 0.692383
vt 0.846191 0.638916
vt 0.933105 0.668457
vt 0.842285 0.646729
vt 0.337646 0.322266
vt 0.337158 0.312988
vt 0.624023 0.410645
vt 0.621582 0.402344
vt 0.625488 0.402832
vt 0.607910 0.405273
vt 0.585449 0.400879
vt 0.590820 0.394043
vt 0.621582 0.401855
vt 0.627930 0.393555
vt 0.628418 0.383789
vt 0.588867 0.383789
vt 0.561035 0.361816
vt 0.540039 0.354492
vt 0.118713 0.240723
vt 0.113403 0.230957
vt 0.098328 0.240234
vt 0.130859 0.234375
vt 0.576172 0.364258
vt 0.132812 0.243652
vt 0.837402 0.655029
vt 0.857422 0.666016
vt 0.146851 0.247559
vt 0.554199 0.400391
vt 0.578613 0.407227
vt 0.583496 0.380859
vt 0.155151 0.253418
vt 0.191650 0.242188
vt 0.196167 0.251465
vt 0.171387 0.268066
vt 0.600586 0.370605
vt 0.588867 0.375977
vt 0.590332 0.368164
vt 0.621094 0.375488
vt 0.609375 0.375977
vt 0.583984 0.367676
vt 0.087891 0.260254
vt 0.081482 0.235352
vt 0.089111 0.238770
vt 0.484619 0.394531
vt 0.464111 0.408691
vt 0.452393 0.414551
vt 0.484131 0.414062
vt 0.430664 0.944183
vt 0.496094 0.931702
vt 0.494873 0.949005
vt 0.148071 0.509766
vt 0.129883 0.500977
vt 0.146362 0.499512
vt 0.421875 0.419922
vt 0.094055 0.509277
vt 0.094543 0.501709
vt 0.099609 0.493164
vt 0.106567 0.516602
vt 0.818359 0.640869
vt 0.816895 0.650879
vt 0.523926 0.428711
vt 0.847656 0.635010
vt 0.862793 0.625488
vt 0.437744 0.333496
vt 0.432861 0.335938
vt 0.420410 0.337402
vt 0.435059 0.334473
vt 0.827148 0.449707
vt 0.802734 0.455566
vt 0.802734 0.449707
vt 0.174438 0.517334
vt 0.238403 0.511719
vt 0.238037 0.517334
vt 0.086426 0.234863
vt 0.080139 0.260254
vt 0.089172 0.256836
vt 0.417236 0.336914
vt 0.083496 0.528076
vt 0.127686 0.531250
vt 0.092041 0.533447
vt 0.047180 0.532715
vt 0.041840 0.266602
vt 0.050873 0.275391
vt 0.041901 0.274414
vt 0.048920 0.266113
vt 0.085449 0.488770
vt 0.047180 0.502441
vt 0.047180 0.528076
vt 0.169067 0.507812
vt 0.175415 0.528076
vt 0.238037 0.528076
vt 0.512207 0.790649
vt 0.538086 0.793823
vt 0.514648 0.781738
vt 0.880859 0.455566
vt 0.802734 0.466309
vt 0.866699 0.466309
vt 0.526367 0.803467
vt 0.513672 0.790161
vt 0.865234 0.449707
vt 0.514160 0.790894
vt 0.461426 0.783447
vt 0.254883 0.242676
vt 0.290771 0.245605
vt 0.264160 0.254395
vt 0.285400 0.273926
vt 0.283447 0.234375
vt 0.286865 0.229004
vt 0.250732 0.234375
vt 0.196655 0.251465
vt 0.192993 0.280762
vt 0.282471 0.291504
vt 0.219604 0.290039
vt 0.594727 0.780640
vt 0.563477 0.765503
vt 0.563477 0.780640
vt 0.523926 0.746094
vt 0.552734 0.750366
vt 0.538574 0.762695
vt 0.520020 0.758911
vt 0.517578 0.770874
vt 0.538086 0.779175
vt 0.506348 0.767090
vt 0.622559 0.790894
vt 0.594727 0.792358
vt 0.628418 0.803467
vt 0.580078 0.803467
vt 0.563965 0.793823
vt 0.915039 0.451172
vt 0.964844 0.455566
vt 0.512695 0.791382
vt 0.637695 0.396973
vt 0.988770 0.953949
vt 0.981445 0.476074
vt 0.640625 0.375977
vt 0.642090 0.383789
vt 0.961914 0.465820
vt 0.146973 0.247559
vt 0.105957 0.516602
vt 0.816406 0.650879
vt 0.113098 0.540039
vt 0.431152 0.424805
vt 0.894531 0.665039
vt 0.085510 0.488770
vt 0.567871 0.978958
vt 0.484863 0.414062
vt 0.092102 0.533447
vt 0.129761 0.500977
vt 0.187134 0.494629
vt 0.621094 0.375977
vt 0.846191 0.670898
vt 0.646484 0.393555
vt 0.460938 0.763184
vt 0.523926 0.746338
vt 0.460449 0.791260
vt 0.497314 0.182129
vt 0.171387 0.268555
vt 0.945801 0.972549
vt 0.947266 0.962402
vt 0.966797 0.972916
vt 0.945801 0.982483
vt 0.970703 0.963348
vt 0.306641 0.708008
vt 0.323242 0.708740
vt 0.309326 0.715332
vt 0.973633 0.973633
vt 0.970703 0.983353
vt 0.324707 0.722412
vt 0.309082 0.723145
vt 0.968262 0.995354
vt 0.944336 0.972992
vt 0.943359 0.988640
vt 0.941895 0.962402
vt 0.325928 0.708740
vt 0.325928 0.715332
vt 0.333740 0.708740
vt 0.930176 0.972458
vt 0.930176 0.982056
vt 0.337646 0.715820
vt 0.929688 0.962494
vt 0.947266 0.996614
vt 0.325439 0.725586
vt 0.333984 0.722900
vt 0.929199 0.993042
vt 0.993652 0.973038
vt 0.992676 0.982056
vt 0.287109 0.709717
vt 0.993652 0.960876
vt 0.815430 0.564209
vt 0.816895 0.557129
vt 0.821777 0.561035
vt 0.992676 0.993229
vt 0.289062 0.722900
vt 0.813965 0.560791
vt 0.350830 0.708984
vt 0.926758 0.969467
vt 0.913086 0.962189
vt 0.897461 0.969467
vt 0.350586 0.722900
vt 0.926758 0.981842
vt 0.913086 0.993069
vt 0.383545 0.715576
vt 0.885742 0.982498
vt 0.564941 0.283691
vt 0.558105 0.286621
vt 0.556641 0.279297
vt 0.828613 0.833618
vt 0.779785 0.823486
vt 0.819824 0.823608
vt 0.154419 0.829712
vt 0.160156 0.859497
vt 0.154297 0.854004
vt 0.831543 0.834961
vt 0.846191 0.982056
vt 0.862305 0.982040
vt 0.867676 0.985306
vt 0.846680 0.975296
vt 0.864746 0.976761
vt 0.865723 0.980301
vt 0.883789 0.974884
vt 0.847656 0.969467
vt 0.871582 0.969467
vt 0.842773 0.993229
vt 0.435303 0.722900
vt 0.401367 0.722900
vt 0.431396 0.715332
vt 0.431152 0.708740
vt 0.871094 0.993229
vt 0.848633 0.959045
vt 0.567383 0.310547
vt 0.562988 0.312012
vt 0.569824 0.284668
vt 0.554199 0.291504
vt 0.579590 0.291016
vt 0.574707 0.310547
vt 0.575195 0.288574
vt 0.571289 0.311035
vt 0.641602 0.795288
vt 0.641602 0.801514
vt 0.637695 0.799561
vt 0.645020 0.798828
vt 0.584473 0.291504
vt 0.577148 0.311035
vt 0.872070 0.962402
vt 0.401367 0.708740
vt 0.820312 0.850464
vt 0.826172 0.846069
vt 0.865723 0.852051
vt 0.833008 0.844971
vt 0.927246 0.975327
vt 0.829102 0.856689
vt 0.871582 0.856567
vt 0.167725 0.861084
vt 0.167847 0.882080
vt 0.156372 0.883118
vt 0.154297 0.870605
vt 0.868164 0.831787
vt 0.867676 0.839478
vt 0.834473 0.838379
vt 0.844727 0.823608
vt 0.874023 0.820801
vt 0.505859 0.749023
vt 0.509766 0.747803
vt 0.512695 0.753296
vt 0.506836 0.756470
vt 0.503418 0.753906
vt 0.712891 0.189453
vt 0.703613 0.197754
vt 0.703613 0.172852
vt 0.672852 0.080566
vt 0.663574 0.072754
vt 0.673340 0.056641
vt 0.712891 0.211426
vt 0.664062 0.094727
vt 1.662109 0.047852
vt 1.673828 0.056641
vt 1.664062 0.048340
vt 0.014336 0.865601
vt 0.014061 0.823486
vt 0.018753 0.828247
vt 0.007988 0.865967
vt 0.007843 0.823242
vt 0.023560 0.823975
vt 0.023376 0.865967
vt 0.018753 0.866089
vt 0.034241 0.866943
vt 0.034241 0.826172
vt 0.040192 0.867188
vt 0.028656 0.866943
vt 0.028305 0.822632
vt 0.040131 0.823608
vt 0.016617 0.866089
vt 0.023376 0.867310
vt 0.009827 0.877136
vt 0.042969 0.877625
vt 0.034363 0.880554
vt 0.023117 0.755859
vt 0.028671 0.797119
vt 0.023529 0.794312
vt 0.034058 0.818726
vt 0.040436 0.797485
vt 0.713379 0.165527
vt 0.711426 0.165039
vt 0.664551 0.048340
vt 1.663086 0.072754
vt 1.712891 0.165527
vt 1.702148 0.172852
vt 1.712891 0.188965
vt 0.018753 0.820435
vt 0.008087 0.797485
vt 0.018768 0.793823
vt 0.014076 0.780518
vt 1.705078 0.203613
vt 1.671875 0.086426
vt 1.663086 0.095215
vt 1.712891 0.211914
vt 0.034027 0.778809
vt 0.028656 0.762451
vt 0.040192 0.765747
vt 0.018753 0.764648
vt 0.007988 0.765015
vt 0.021347 0.878174
vt 0.016861 0.883240
vt 0.027679 0.880920
vt 0.005795 0.882385
vt 0.803711 0.562988
vt 0.798340 0.562012
vt 0.803223 0.556152
vt 0.796875 0.856567
vt 0.796387 0.850464
vt 0.823730 0.838989
vt 0.450928 0.718018
vt 0.452881 0.722900
vt 0.779297 0.840454
vt 0.770996 0.832520
vt 0.772461 0.850464
vt 0.863281 0.880310
vt 0.856934 0.895325
vt 0.858398 0.873413
vt 0.814941 0.969437
vt 0.869629 0.878235
vt 0.860352 0.895874
vt 0.839355 0.984161
vt 0.828613 0.981644
vt 0.018753 0.736084
vt 0.762207 0.832520
vt 0.854004 0.895325
vt 0.854004 0.864258
vt 0.851074 0.895325
vt 0.846680 0.864258
vt 0.837891 0.864258
vt 0.848633 0.895325
vt 0.837891 0.878235
vt 0.826660 0.984543
vt 0.822266 0.975327
vt 0.034241 0.732910
vt 0.040192 0.732666
vt 0.014336 0.732910
vt 0.007988 0.733643
vt 0.771973 0.815674
vt 0.776855 0.811890
vt 0.775879 0.815186
vt 0.773926 0.809937
vt 0.771484 0.815796
vt 0.770996 0.811401
vt 0.845703 0.896179
vt 0.724609 0.566650
vt 0.751465 0.576416
vt 0.732910 0.586182
vt 0.770020 0.589600
vt 0.766602 0.575195
vt 0.779785 0.580566
vt 0.730469 0.614990
vt 0.752441 0.628418
vt 0.808105 0.608643
vt 0.755371 0.561279
vt 0.726074 0.547119
vt 0.747559 0.545410
vt 0.762207 0.547852
vt 0.766602 0.575439
vt 0.754883 0.561768
vt 0.770508 0.566895
vt 0.779785 0.580811
vt 0.766113 0.575439
vt 0.770020 0.567139
vt 0.792480 0.573975
vt 0.762695 0.552734
vt 0.763672 0.553711
vt 0.761719 0.547852
vt 0.778320 0.541992
vt 0.758301 0.532227
vt 0.778320 0.541504
vt 0.777832 0.541992
vt 0.783691 0.549316
vt 0.777344 0.517578
vt 0.804199 0.583496
vt 0.813477 0.591797
vt 0.843750 0.580322
vt 0.893555 0.585205
vt 0.855469 0.573486
vt 0.817871 0.572021
vt 0.842773 0.580078
vt 0.853516 0.572754
vt 0.843750 0.579590
vt 0.840332 0.565674
vt 0.832520 0.554199
vt 0.806152 0.548828
vt 0.831543 0.541748
vt 0.777832 0.541260
vt 0.805176 0.538818
vt 0.805176 0.540283
vt 0.831543 0.543213
vt 0.260498 0.823120
vt 0.271484 0.835693
vt 0.250732 0.835449
vt 0.270508 0.843384
vt 0.058075 0.452148
vt 0.045380 0.418945
vt 0.058075 0.419434
vt 0.058075 0.390137
vt 0.648926 0.859619
vt 0.648926 0.850464
vt 0.684082 0.850464
vt 1.704102 0.187988
vt 1.707031 0.206055
vt 1.712891 0.192383
vt 1.663086 0.075195
vt 1.668945 0.089355
vt 1.671875 0.070312
vt 1.712891 0.212891
vt 1.663086 0.096191
vt 0.703125 0.187012
vt 0.712891 0.192383
vt 0.707520 0.206543
vt 0.663574 0.075195
vt 0.673340 0.070312
vt 0.669434 0.089355
vt 0.712891 0.212891
vt 0.664062 0.096191
vt 0.070435 0.390137
vt 0.271484 0.813965
vt 0.259033 0.813965
vt 0.058075 0.347656
vt 0.242310 0.844360
vt 0.242310 0.821899
vt 0.242310 0.813965
vt 0.069641 0.347656
vt 0.081787 0.390137
vt 0.086487 0.398438
vt 0.229370 0.829102
vt 0.229370 0.822266
vt 0.229370 0.813965
vt 0.229370 0.835083
vt 0.467041 0.896362
vt 0.478271 0.904846
vt 0.479980 0.918640
vt 0.484131 0.899963
vt 0.484619 0.886353
vt 0.494629 0.906067
vt 0.483887 0.917114
vt 0.486816 0.905823
vt 0.490234 0.914124
vt 0.482910 0.916382
vt 0.477051 0.904419
vt 0.486084 0.908813
vt 0.490967 0.909424
vt 0.485840 0.909546
vt 0.485107 0.910400
vt 0.478760 0.904236
vt 0.022736 0.488770
vt 0.036926 0.490234
vt 0.036926 0.499023
vt 0.182861 0.822266
vt 0.210205 0.829224
vt 0.181885 0.832031
vt 0.208618 0.834717
vt 0.789062 0.564941
vt 0.786621 0.555664
vt 0.791504 0.560059
vt 0.074036 0.231934
vt 0.067383 0.245605
vt 0.067383 0.220215
vt 0.022736 0.500000
vt 0.215454 0.844360
vt 0.075012 0.251953
vt 0.788574 0.564941
vt 0.782227 0.561279
vt 0.185547 0.843384
vt 0.060699 0.269043
vt 0.069580 0.271484
vt 0.008499 0.537354
vt 0.008499 0.498047
vt 0.060333 0.245605
vt 0.022736 0.537354
vt 0.209229 0.822266
vt 0.209351 0.813843
vt 0.008247 0.485352
vt 0.182373 0.811890
vt 0.081787 0.347656
vt 0.887207 0.808838
vt 0.818359 0.806152
vt 0.900391 0.789185
vt 0.894531 0.799683
vt 0.903320 0.801270
vt 0.160156 0.808228
vt 0.160034 0.831787
vt 0.154297 0.814331
vt 0.168091 0.819336
vt 0.167847 0.836670
vt 0.449463 0.715820
vt 0.453613 0.708984
vt 0.823242 0.938995
vt 0.828125 0.953308
vt 0.813477 0.953461
vt 0.449463 0.782837
vt 0.443115 0.791016
vt 0.442871 0.783325
vt 0.154053 0.789551
vt 0.167847 0.797363
vt 0.451660 0.779297
vt 0.445068 0.774292
vt 0.250977 0.320801
vt 0.276123 0.341309
vt 0.250732 0.333008
vt 0.256348 0.342285
vt 0.757812 0.823608
vt 0.720215 0.832397
vt 0.761230 0.840454
vt 0.736816 0.840454
vt 0.758789 0.850464
vt 0.736816 0.850464
vt 0.167847 0.773071
vt 0.159424 0.776123
vt 0.716309 0.850464
vt 0.736816 0.855713
vt 0.714355 0.861450
vt 0.699707 0.850464
vt 0.524414 0.664062
vt 0.541992 0.676270
vt 0.522461 0.676270
vt 0.053009 0.720947
vt 0.038177 0.720947
vt 0.047913 0.709229
vt 0.340576 0.731689
vt 0.358154 0.731689
vt 0.344482 0.743408
vt 0.269043 0.319336
vt 0.282471 0.333496
vt 0.699219 0.821411
vt 0.708496 0.815308
vt 0.258789 0.351074
vt 0.358887 0.755249
vt 0.339111 0.756714
vt 0.290527 0.351074
vt 0.807617 0.993229
vt 0.827148 0.993229
vt 0.454346 0.789917
vt 0.451660 0.802612
vt 0.445068 0.797241
vt 0.699707 0.869263
vt 0.684082 0.869263
vt 0.766602 0.974930
vt 0.786621 0.969467
vt 0.786621 0.975296
vt 0.795898 0.984734
vt 0.766602 0.993229
vt 0.786621 0.993229
vt 0.347412 0.339355
vt 0.323730 0.351074
vt 0.323975 0.341797
vt 0.298584 0.341309
vt 0.729004 0.822266
vt 0.323975 0.755981
vt 0.318359 0.743652
vt 0.707031 0.840088
vt 0.299561 0.754639
vt 0.324951 0.731689
vt 0.301758 0.731689
vt 0.803711 0.958649
vt 0.696777 0.833130
vt 0.766602 0.984543
vt 0.767090 0.957092
vt 0.787109 0.959564
vt 0.281494 0.731689
vt 0.684082 0.840454
vt 0.825195 0.626953
vt 0.858398 0.611816
vt 0.117859 0.592773
vt 0.146240 0.610107
vt 0.122314 0.610107
vt 0.175415 0.610107
vt 0.151367 0.581055
vt 0.354980 0.334473
vt 0.354004 0.351074
vt 0.102478 0.600342
vt 0.100220 0.610352
vt 0.893066 0.601318
vt 0.083069 0.598389
vt 0.108765 0.586426
vt 0.112427 0.579590
vt 0.120850 0.579834
vt 0.271484 0.822388
vt 0.093689 0.586670
vt 0.062103 0.610107
vt 0.034637 0.587402
vt 0.063477 0.581299
vt 0.081848 0.581787
vt 0.091248 0.580566
vt 0.033356 0.610107
vt 0.950684 0.597656
vt 0.993652 0.578613
vt 0.993652 0.601318
vt 0.993164 0.560791
vt 0.271240 0.754150
vt 0.930176 0.554199
vt 0.962891 0.683838
vt 0.980469 0.609375
vt 0.979980 0.693359
vt 0.046143 0.346680
vt 0.993652 0.609863
vt 0.993652 0.709229
vt 0.905762 0.533203
vt 0.845215 0.505127
vt 0.910156 0.518799
vt 0.596191 0.709473
vt 0.616211 0.746582
vt 0.566406 0.744141
vt 0.537109 0.708984
vt 0.980469 0.765259
vt 0.901367 0.547363
vt 0.992188 0.543945
vt 0.639160 0.709473
vt 0.646973 0.737305
vt 0.952148 0.511230
vt 0.663086 0.712646
vt 0.673828 0.723633
vt 0.983398 0.502930
vt 0.981445 0.486328
vt 0.651367 0.709473
vt 0.766602 0.969467
vt 0.996094 0.515869
vt 0.648438 0.840332
vt 0.648926 0.832520
vt 0.275391 0.731689
vt 0.277344 0.743652
vt 0.268799 0.743164
vt 0.850586 0.533447
vt 0.846680 0.548096
vt 0.857422 0.561035
vt 0.845703 0.561523
vt 0.846191 0.548584
vt 0.856934 0.561279
vt 0.856934 0.560791
vt 0.264893 0.754272
vt 0.263916 0.732422
vt 0.648926 0.821289
vt 0.259521 0.743896
vt 0.832031 0.541504
vt 0.260010 0.747070
vt 0.259766 0.754150
vt 0.197754 0.869873
vt 0.200684 0.864868
vt 0.222290 0.866821
vt 0.648926 0.810303
vt 0.189575 0.857056
vt 0.214233 0.856812
vt 0.196655 0.850952
vt 0.218262 0.851074
vt 0.118713 0.750732
vt 0.123047 0.760620
vt 0.102600 0.760376
vt 0.241333 0.866333
vt 0.242798 0.874878
vt 0.212158 0.874634
vt 0.143066 0.750854
vt 0.593750 0.652344
vt 0.551270 0.664795
vt 0.558105 0.652344
vt 0.245361 0.856934
vt 0.241455 0.851318
vt 0.264404 0.861938
vt 0.264893 0.872192
vt 0.263184 0.851196
vt 0.143555 0.760498
vt 0.162598 0.759888
vt 0.166138 0.748535
vt 0.593750 0.664551
vt 0.559082 0.676270
vt 0.684082 0.810303
vt 0.182495 0.864990
vt 0.183960 0.875610
vt 0.699707 0.810303
vt 0.091675 0.751587
vt 0.182861 0.869995
vt 0.933105 0.687012
vt 0.944824 0.671875
vt 0.182495 0.852905
vt 0.540527 0.652344
vt 0.087463 0.759399
vt 0.962891 0.609375
vt 0.181274 0.852051
vt 0.944824 0.609375
vt 0.787598 0.866699
vt 0.792480 0.861572
vt 0.792969 0.871948
vt 0.047943 0.977173
vt 0.049957 0.982300
vt 0.047638 0.982300
vt 0.050079 0.977173
vt 0.045715 0.989700
vt 0.053009 0.989227
vt 0.049835 0.970413
vt 0.046753 0.970596
vt 0.062744 0.977417
vt 0.062683 0.982376
vt 0.050690 0.964172
vt 0.068237 0.964600
vt 0.074219 0.970520
vt 0.031021 0.977173
vt 0.030502 0.982300
vt 0.276123 0.364258
vt 0.258789 0.358398
vt 0.276123 0.358398
vt 0.029587 0.989700
vt 0.381592 0.743652
vt 0.044342 0.964172
vt 0.147217 0.349121
vt 0.128052 0.358398
vt 0.122009 0.349121
vt 0.031494 0.970596
vt 0.382080 0.731689
vt 0.022827 0.964630
vt 0.280762 0.358398
vt 0.280273 0.364258
vt 0.210327 0.358398
vt 0.149902 0.358398
vt 0.208008 0.349121
vt 0.713867 0.166016
vt 0.701660 0.170410
vt 0.711914 0.165527
vt 1.674805 0.053223
vt 1.665039 0.048828
vt 0.298584 0.364258
vt 0.382324 0.754150
vt 0.681152 0.066895
vt 0.671387 0.065430
vt 0.674805 0.053711
vt 0.695312 0.184082
vt 0.705566 0.182129
vt 0.663086 0.072266
vt 0.379395 0.356445
vt 0.359375 0.373047
vt 0.362549 0.358398
vt 0.248291 0.363770
vt 0.664062 0.047852
vt 0.212891 0.364258
vt 0.210693 0.374512
vt 0.150879 0.364258
vt 0.276123 0.374512
vt 0.280273 0.374512
vt 0.299316 0.375000
vt 1.711914 0.166016
vt 1.702148 0.169922
vt 1.712891 0.189453
vt 1.663086 0.072266
vt 1.670898 0.065430
vt 1.705078 0.182129
vt 0.248413 0.374512
vt 0.467773 0.743652
vt 0.440430 0.753174
vt 0.440186 0.744141
vt 0.228149 0.364258
vt 0.445068 0.731689
vt 0.234375 0.358398
vt 0.228149 0.374512
vt 1.680664 0.066895
vt 1.695312 0.183594
vt 0.672852 0.084473
vt 0.703613 0.201660
vt 0.664062 0.095703
vt 0.712891 0.211914
vt 1.663086 0.095703
vt 1.672852 0.084473
vt 1.703125 0.201660
vt 0.470947 0.731445
vt 0.466553 0.725098
vt 0.471191 0.752563
vt 0.476318 0.743652
vt 0.146240 0.374512
vt 0.227295 0.345215
vt 0.489258 0.747559
vt 0.489258 0.737305
vt 0.488525 0.728760
vt 0.803711 0.938110
vt 0.799316 0.948822
vt 0.796875 0.940826
vt 0.808105 0.945465
vt 0.235352 0.349609
vt 0.240967 0.329590
vt 0.234009 0.330566
vt 0.473633 0.725098
vt 0.007370 0.964172
vt 0.010391 0.970413
vt 0.605957 0.700439
vt 0.604492 0.680420
vt 0.612305 0.683105
vt 0.614746 0.699463
vt 0.011108 0.976898
vt 0.620605 0.680176
vt 0.007942 0.980957
vt 0.321289 0.364746
vt 0.314941 0.374512
vt 0.318848 0.358887
vt 0.154419 0.964172
vt 0.179321 0.962524
vt 0.178711 0.970596
vt 0.319580 0.358398
vt 0.089600 0.964355
vt 0.083313 0.970596
vt 0.083191 0.964172
vt 0.089478 0.970596
vt 0.321045 0.374512
vt 0.102844 0.970596
vt 0.102905 0.977173
vt 0.089050 0.979965
vt 0.082336 0.979248
vt 0.086487 0.979645
vt 0.084167 0.990501
vt 0.089722 0.989700
vt 0.872070 0.771118
vt 0.877441 0.772461
vt 0.875000 0.777832
vt 0.871582 0.771118
vt 0.870605 0.775146
vt 0.178833 0.978653
vt 0.153198 0.970596
vt 0.117249 0.979965
vt 0.115112 0.964172
vt 0.113525 0.989334
vt 0.347412 0.357910
vt 0.115662 0.970596
vt 0.346191 0.364258
vt 0.346191 0.374512
vt 0.349121 0.358398
vt 0.304932 0.358398
vt 0.375000 0.374512
vt 0.139282 0.963043
vt 0.407959 0.371582
vt 0.407227 0.358398
vt 0.157959 0.991524
vt 0.178711 0.989700
vt 0.153320 0.979996
vt 0.142822 0.989700
vt 0.140137 0.980713
vt 0.281738 0.718262
vt 0.281250 0.720947
vt 0.264404 0.720947
vt 0.324707 0.658203
vt 0.304443 0.657715
vt 0.304688 0.652832
vt 0.072998 0.989395
vt 0.924316 0.624756
vt 0.927734 0.612061
vt 0.929688 0.623779
vt 0.722656 0.447754
vt 0.724609 0.454102
vt 0.716797 0.458008
vt 0.715332 0.450195
vt 0.121033 0.964172
vt 0.118774 0.973831
vt 0.349121 0.364258
vt 0.349121 0.374512
vt 0.121399 0.989700
vt 0.119385 0.982300
vt 0.360107 0.374512
vt 0.134766 0.969818
vt 0.135742 0.980148
vt 0.364258 0.357910
vt 0.140137 0.970596
vt 0.133179 0.964172
vt 0.137695 0.990379
vt 0.256104 0.687744
vt 0.261719 0.695068
vt 0.247192 0.695068
vt 0.921387 0.610596
vt 0.931152 0.610107
vt 0.596680 0.280273
vt 0.595215 0.273926
vt 0.608887 0.281250
vt 0.612305 0.286621
vt 0.595215 0.283203
vt 0.863281 0.768188
vt 0.858398 0.762085
vt 0.866211 0.761719
vt 0.611328 0.273438
vt 0.591309 0.287109
vt 0.263184 0.702637
vt 0.282715 0.699951
vt 0.265137 0.708740
vt 0.282227 0.710938
vt 0.267822 0.716064
vt 0.281250 0.686523
vt 0.282471 0.689697
vt 0.325684 0.652100
vt 0.935059 0.605469
vt 0.319336 0.662354
vt 0.246216 0.720703
vt 0.329102 0.667236
vt 0.246460 0.702637
vt 0.247192 0.709229
vt 0.202393 0.699219
vt 0.188599 0.695068
vt 0.205322 0.695068
vt 0.635742 0.506836
vt 0.638184 0.497070
vt 0.638672 0.505371
vt 0.825684 0.869263
vt 0.820801 0.865845
vt 0.825684 0.863647
vt 0.628906 0.498535
vt 0.634277 0.508057
vt 0.629395 0.494629
vt 0.328857 0.778809
vt 0.348145 0.779175
vt 0.345703 0.782715
vt 0.324219 0.783325
vt 0.332275 0.772339
vt 0.312256 0.770752
vt 0.648926 0.484863
vt 0.647461 0.495605
vt 0.643066 0.507812
vt 0.648926 0.499023
vt 0.348389 0.789673
vt 0.333984 0.791016
vt 0.312012 0.791016
vt 0.319824 0.797241
vt 0.334473 0.797241
vt 0.627930 0.484863
vt 0.341064 0.768433
vt 0.356934 0.774292
vt 0.340576 0.772339
vt 0.312500 0.801636
vt 0.330322 0.799316
vt 0.332520 0.802612
vt 0.495361 0.362305
vt 0.504395 0.367188
vt 0.489746 0.367188
vt 0.498047 0.358887
vt 0.504395 0.362305
vt 0.491211 0.348633
vt 0.489746 0.344727
vt 0.504395 0.344727
vt 0.338867 0.798584
vt 0.356201 0.791016
vt 0.513672 0.354980
vt 0.494873 0.354980
vt 0.493164 0.352051
vt 0.292969 0.777954
vt 0.305664 0.783325
vt 0.285889 0.799927
vt 0.305420 0.798584
vt 0.512695 0.358887
vt 0.518066 0.365234
vt 0.517090 0.348633
vt 0.516602 0.343750
vt 0.863281 0.745117
vt 0.862793 0.740479
vt 0.868164 0.744141
vt 0.866211 0.739746
vt 0.239624 0.709717
vt 0.204102 0.702637
vt 0.241333 0.702148
vt 0.221924 0.720947
vt 0.237915 0.694824
vt 0.236938 0.687256
vt 0.198975 0.707764
vt 0.373047 0.658936
vt 0.344482 0.667480
vt 0.333008 0.659424
vt 0.332520 0.652100
vt 0.181519 0.687012
vt 0.649902 0.076660
vt 0.643555 0.074219
vt 0.647461 0.060547
vt 0.635254 0.063965
vt 0.640625 0.094727
vt 0.631348 0.088379
vt 0.623535 0.076172
vt 0.625488 0.067871
vt 0.181030 0.720947
vt 0.651855 0.082520
vt 0.618164 0.081543
vt 0.627930 0.094238
vt 0.636719 0.091309
vt 0.285400 0.790283
vt 0.285889 0.769775
vt 0.796387 0.731689
vt 0.801270 0.734131
vt 0.797363 0.739258
vt 0.871094 0.749756
vt 0.876953 0.748535
vt 0.874512 0.753662
vt 0.378662 0.652344
vt 0.378418 0.666748
vt 0.190674 0.709229
vt 0.168457 0.709229
vt 0.185913 0.703613
vt 0.069336 0.831909
vt 0.069336 0.885254
vt 0.064880 0.848145
vt 0.045044 0.886780
vt 0.047058 0.848145
vt 0.053162 0.885254
vt 0.058838 0.848145
vt 0.062500 0.885925
vt 0.076111 0.837036
vt 0.080444 0.886658
vt 0.733887 0.455078
vt 0.734863 0.446777
vt 0.741699 0.448730
vt 0.741699 0.456055
vt 0.712891 0.188965
vt 0.697754 0.168945
vt 0.663574 0.072266
vt 0.679688 0.052734
vt 0.711914 0.165039
vt 0.064880 0.826050
vt 0.058838 0.826050
vt 0.064880 0.808472
vt 0.713867 0.209961
vt 0.705078 0.203125
vt 0.663086 0.093262
vt 0.671387 0.086426
vt 0.229736 0.747314
vt 0.252686 0.743896
vt 0.251709 0.748291
vt 1.703125 0.197754
vt 1.711914 0.209473
vt 1.665039 0.092773
vt 1.672852 0.080566
vt 0.053284 0.838989
vt 0.712891 0.222656
vt 0.663574 0.105469
vt 0.391357 0.797241
vt 0.372559 0.802856
vt 0.372803 0.797241
vt 0.082153 0.795166
vt 0.075928 0.807129
vt 0.075928 0.793701
vt 0.082275 0.806274
vt 0.069336 0.807861
vt 0.069275 0.788086
vt 0.064941 0.789429
vt 0.058838 0.806274
vt 0.058838 0.794922
vt 1.680664 0.065430
vt 0.053162 0.809326
vt 0.679688 0.068848
vt 0.234009 0.743408
vt 0.214355 0.744141
vt 0.697266 0.186035
vt 0.245117 0.737549
vt 0.230957 0.737305
vt 0.230835 0.765625
vt 0.227295 0.760986
vt 0.242065 0.761108
vt 1.703125 0.169922
vt 1.672852 0.053223
vt 0.181763 0.739258
vt 1.695312 0.183105
vt 0.229248 0.757690
vt 0.243774 0.757324
vt 0.082275 0.848145
vt 0.082275 0.826050
vt 0.047058 0.826050
vt 0.657227 0.795654
vt 0.660156 0.799194
vt 0.658203 0.802734
vt 0.047058 0.806274
vt 0.245117 0.765503
vt 0.341309 0.801880
vt 0.374512 0.791138
vt 0.357422 0.783325
vt 0.373535 0.783325
vt 0.391357 0.791016
vt 0.372803 0.765869
vt 0.369629 0.774292
vt 0.638184 0.484863
vt 0.384277 0.774170
vt 0.391357 0.783325
vt 0.186157 0.757324
vt 0.182983 0.765259
vt 0.185547 0.760864
vt 0.651855 0.799561
vt 0.654785 0.803101
vt 0.250977 0.751831
vt 0.416748 0.783325
vt 0.416748 0.774292
vt 0.391357 0.765625
vt 0.433594 0.762573
vt 0.416748 0.791016
vt 0.416748 0.797241
vt 0.391357 0.802612
vt 0.433838 0.802490
vt 0.390137 0.658203
vt 0.401367 0.652344
vt 0.402588 0.667480
vt 0.168091 0.695312
vt 0.160522 0.687012
vt 0.160400 0.702637
vt 0.159058 0.720947
vt 0.454346 0.652344
vt 0.429688 0.658691
vt 0.429199 0.652344
vt 0.134644 0.695068
vt 0.112183 0.687012
vt 0.134277 0.687012
vt 0.134888 0.702637
vt 0.112000 0.695068
vt 0.467773 0.660156
vt 0.454834 0.670654
vt 0.428711 0.669434
vt 0.126343 0.708984
vt 0.134766 0.720947
vt 0.111633 0.720947
vt 0.088684 0.687012
vt 0.482422 0.652344
vt 0.112061 0.702637
vt 0.095459 0.709229
vt 0.064880 0.766235
vt 0.052917 0.767212
vt 0.053864 0.794922
vt 0.088318 0.695068
vt 0.089539 0.702637
vt 0.503906 0.662354
vt 0.477783 0.671631
vt 0.091919 0.720947
vt 0.089783 0.714844
vt 0.500488 0.676270
vt 0.090759 0.709473
vt 0.076416 0.702637
vt 0.064636 0.694580
vt 0.069336 0.764893
vt 0.075867 0.771240
vt 0.058838 0.755371
vt 0.047485 0.795044
vt 0.047058 0.763428
vt 0.075928 0.753418
vt 0.072388 0.720947
vt 0.082275 0.762573
vt 0.082458 0.752563
vt 0.143555 0.363770
vt 0.135132 0.368164
vt 0.445068 0.768677
vt 0.053162 0.751221
vt 0.047607 0.752563
vt 0.127441 0.374512
vt 0.255127 0.315430
vt 0.043610 0.695068
vt 0.040741 0.687012
vt 0.057465 0.687012
vt 0.520508 0.652344
vt 0.066711 0.708984
vt 0.050781 0.702148
vt 0.066956 0.702637
vt 0.123840 0.670898
vt 0.129028 0.679443
vt 0.146729 0.340332
vt 0.171753 0.330566
vt 0.182739 0.339844
vt 0.087219 0.678711
vt 0.087341 0.670166
vt 0.087341 0.661621
vt 0.063599 0.339844
vt 0.093262 0.330078
vt 0.100281 0.339844
vt 0.217896 0.679443
vt 0.071899 0.333008
vt 0.081787 0.325195
vt 0.208862 0.671387
vt 0.069275 0.652832
vt 0.100281 0.651367
vt 0.171021 0.312988
vt 0.196899 0.322754
vt 0.170776 0.322266
vt 0.196899 0.311523
vt 0.198120 0.331055
vt 0.124451 0.659424
vt 0.044006 0.670410
vt 0.039276 0.653320
vt 0.040192 0.662354
vt 0.219360 0.339844
vt 0.042389 0.678955
vt 0.149414 0.330078
vt 0.116882 0.324707
vt 0.150146 0.322754
vt 0.114746 0.330566
vt 0.069397 0.326660
vt 0.200317 0.662598
vt 0.210938 0.666748
vt 0.210938 0.661377
vt 0.044617 0.333496
vt 0.221436 0.331543
vt 0.124573 0.650635
vt 0.112305 0.316406
vt 0.151245 0.315430
vt 0.169434 0.656738
vt 0.096497 0.323730
vt 0.432373 0.829102
vt 0.418945 0.821167
vt 0.424072 0.820312
vt 0.425537 0.816772
vt 0.437500 0.820312
vt 0.426514 0.810913
vt 0.179077 0.656494
vt 0.097656 0.316895
vt 0.068420 0.310059
vt 0.208008 0.637939
vt 0.206543 0.659668
vt 0.212891 0.642822
vt 0.074097 0.298340
vt 0.201904 0.635254
vt 0.071899 0.306152
vt 0.063049 0.312500
vt 0.054047 0.295410
vt 0.061371 0.294434
vt 0.217041 0.619385
vt 0.212158 0.617920
vt 0.224976 0.620850
vt 0.888672 0.738525
vt 0.882324 0.741943
vt 0.882812 0.729736
vt 0.337646 0.459473
vt 0.369629 0.464844
vt 0.336426 0.469727
vt 0.062744 0.287598
vt 0.872070 0.734131
vt 0.635254 0.625000
vt 0.634766 0.615723
vt 0.642090 0.619141
vt 0.056366 0.328613
vt 0.224854 0.673096
vt 0.041718 0.341309
vt 0.243164 0.675293
vt 0.225708 0.662842
vt 0.224609 0.668213
vt 0.239380 0.669678
vt 0.242188 0.663330
vt 0.702637 0.994457
vt 0.756348 0.995590
vt 0.692383 0.976807
vt 0.635254 0.994659
vt 0.571289 0.978470
vt 0.557617 0.994884
vt 0.605469 0.958466
vt 0.516113 0.980469
vt 0.527344 0.962646
vt 0.619141 0.946350
vt 0.503418 0.468750
vt 0.482910 0.457031
vt 0.495117 0.459961
vt 0.460693 0.848145
vt 0.470215 0.857666
vt 0.454834 0.857666
vt 0.471191 0.465820
vt 0.493652 0.477051
vt 0.466309 0.431152
vt 0.469482 0.448730
vt 0.470703 0.477051
vt 0.452148 0.477051
vt 0.520508 0.950043
vt 0.619629 0.946320
vt 0.526855 0.963013
vt 0.500488 0.848145
vt 0.453125 0.839355
vt 0.484619 0.839478
vt 0.463867 0.826050
vt 0.419922 0.855957
vt 0.421143 0.857178
vt 0.464600 0.430176
vt 0.544434 0.345215
vt 0.556152 0.336914
vt 0.540039 0.338379
vt 0.541992 0.336914
vt 0.533691 0.341797
vt 0.528320 0.340820
vt 0.541016 0.336914
vt 0.533203 0.341309
vt 0.532227 0.346191
vt 0.528320 0.340332
vt 0.532715 0.348145
vt 0.546875 0.339844
vt 0.549316 0.324707
vt 0.472900 0.810913
vt 0.446533 0.810547
vt 0.498047 0.861816
vt 0.521484 0.461914
vt 0.692871 0.946930
vt 0.558105 0.461914
vt 0.538574 0.470703
vt 0.522461 0.477051
vt 0.559082 0.477051
vt 0.692871 0.946899
vt 0.514648 0.841064
vt 0.494385 0.828003
vt 0.540039 0.865967
vt 0.518555 0.829834
vt 0.542969 0.848877
vt 0.544434 0.810913
vt 0.506836 0.810913
vt 0.546387 0.831787
vt 0.595703 0.359863
vt 0.599121 0.351074
vt 0.580566 0.347656
vt 0.590332 0.331543
vt 0.577148 0.330566
vt 0.554199 0.331543
vt 0.589844 0.335449
vt 0.577148 0.352051
vt 0.563965 0.336914
vt 0.579102 0.324219
vt 0.585449 0.325684
vt 0.585938 0.325195
vt 0.561523 0.343750
vt 0.204346 0.582764
vt 0.208740 0.610840
vt 0.962891 0.765259
vt 0.934570 0.742432
vt 0.416016 0.865723
vt 0.407715 0.874146
vt 0.404541 0.865723
vt 0.945312 0.765259
vt 0.403320 0.878052
vt 0.393311 0.871704
vt 0.404785 0.882019
vt 0.424072 0.893433
vt 0.401123 0.894653
vt 0.391357 0.884094
vt 0.403809 0.877686
vt 0.406738 0.883728
vt 0.407471 0.883667
vt 0.474121 0.887268
vt 0.477051 0.886353
vt 0.468750 0.890808
vt 0.478760 0.904297
vt 0.599121 0.855957
vt 0.633789 0.857544
vt 0.613770 0.865479
vt 0.615234 0.455078
vt 0.634766 0.457031
vt 0.617676 0.465332
vt 0.080566 0.452148
vt 0.091187 0.436523
vt 0.247314 0.453613
vt 0.269775 0.453613
vt 0.281982 0.469727
vt 0.247314 0.469727
vt 0.589355 0.469238
vt 0.583984 0.459473
vt 0.058075 0.478027
vt 0.036926 0.537354
vt 0.980469 0.807983
vt 0.648926 0.869263
vt 0.408203 0.874023
vt 0.593750 0.676270
vt 0.818848 0.814819
vt 0.154297 0.768066
vt 0.414307 0.877441
vt 0.572266 0.858521
vt 0.572754 0.869629
vt 0.598633 0.303223
vt 0.597168 0.293457
vt 0.589355 0.299316
vt 0.598145 0.457031
vt 0.594727 0.847656
vt 0.572754 0.850464
vt 0.573242 0.832886
vt 0.247314 0.484375
vt 0.574219 0.810913
vt 0.269775 0.484375
vt 0.593750 0.869141
vt 0.422607 0.899658
vt 0.424072 0.893494
vt 0.424805 0.887939
vt 0.592285 0.300781
vt 0.402100 0.884033
vt 0.427734 0.882202
vt 0.424561 0.888123
vt 0.414062 0.877075
vt 0.467285 0.896484
vt 0.422607 0.900146
vt 0.423828 0.892883
vt 0.424561 0.887329
vt 0.467041 0.896240
vt 0.430176 0.872437
vt 0.464600 0.884216
vt 0.427246 0.882629
vt 0.429688 0.872559
vt 0.427246 0.882568
vt 0.424561 0.887451
vt 0.464844 0.905457
vt 0.463867 0.905518
vt 0.468750 0.890747
vt 0.468750 0.890869
vt 0.465576 0.873901
vt 0.468994 0.890991
vt 0.478271 0.905212
vt 0.474365 0.884460
vt 0.585449 0.477051
vt 0.479492 0.875854
vt 0.476562 0.886047
vt 0.479248 0.875366
vt 0.602051 0.477051
vt 0.598633 0.301758
vt 0.188965 0.484375
vt 0.080566 0.478027
vt 0.175049 0.469727
vt 0.189697 0.453613
vt 0.962891 0.817993
vt 0.945312 0.836670
vt 0.589844 0.810913
vt 0.596680 0.830200
vt 0.134033 0.793701
vt 0.125854 0.831055
vt 0.125854 0.796997
vt 0.134155 0.829956
vt 0.116577 0.794922
vt 0.116455 0.833496
vt 0.107727 0.801147
vt 0.141479 0.409668
vt 0.106445 0.425781
vt 0.099976 0.402832
vt 0.107727 0.834839
vt 0.125854 0.884888
vt 0.105347 0.884888
vt 0.142334 0.888855
vt 0.116455 0.884888
vt 0.291748 0.453613
vt 0.916016 0.721680
vt 0.646973 0.476562
vt 0.637207 0.810303
vt 0.639648 0.466797
vt 0.635254 0.843872
vt 0.639648 0.832520
vt 0.291748 0.484375
vt 0.332031 0.480469
vt 0.911133 0.689697
vt 0.873047 0.697754
vt 0.332275 0.458984
vt 0.329590 0.469727
vt 0.884277 0.683350
vt 0.108643 0.770996
vt 0.125977 0.773926
vt 0.022736 0.441895
vt 0.008499 0.467285
vt 0.008499 0.442383
vt 0.023315 0.471191
vt 0.036926 0.443848
vt 0.535645 0.927246
vt 0.553223 0.927246
vt 0.534668 0.937927
vt 0.131104 0.396484
vt 0.145264 0.798828
vt 0.096985 0.808716
vt 0.089966 0.832153
vt 0.089966 0.799561
vt 0.145264 0.830933
vt 0.116455 0.770996
vt 0.545410 0.917725
vt 0.568359 0.937866
vt 0.642578 0.824951
vt 0.513672 0.917725
vt 0.504395 0.924622
vt 0.506348 0.917725
vt 0.507812 0.908203
vt 0.501465 0.936707
vt 0.503418 0.898438
vt 0.500977 0.891785
vt 0.514648 0.898071
vt 0.498291 0.877380
vt 0.534180 0.877686
vt 0.570801 0.917725
vt 0.558594 0.913818
vt 0.563477 0.908142
vt 0.536133 0.888977
vt 0.535645 0.917725
vt 0.535645 0.908325
vt 0.134155 0.770264
vt 0.037048 0.479492
vt 0.088684 0.889038
vt 0.547852 0.912659
vt 0.744629 0.814331
vt 0.737793 0.816406
vt 0.740723 0.805542
vt 0.734375 0.812256
vt 0.429688 0.212402
vt 0.392334 0.204590
vt 0.428223 0.204102
vt 0.542480 0.898193
vt 0.911621 0.830811
vt 0.925293 0.844360
vt 0.911621 0.861572
vt 0.036652 0.404297
vt 0.147339 0.767578
vt 0.432617 0.204102
vt 0.149902 0.401367
vt 0.556152 0.924988
vt 0.562500 0.919373
vt 0.100098 0.769775
vt 0.090271 0.769165
vt 0.832520 0.898071
vt 0.809570 0.888428
vt 0.829590 0.887878
vt 0.827637 0.883667
vt 0.809570 0.877686
vt 0.247803 0.790039
vt 0.273438 0.797363
vt 0.248169 0.796265
vt 0.226318 0.801514
vt 0.270020 0.801636
vt 0.663574 0.097656
vt 0.663574 0.073242
vt 0.665527 0.094727
vt 0.676270 0.060059
vt 0.700684 0.176758
vt 0.713379 0.188965
vt 0.711426 0.210938
vt 1.664062 0.097656
vt 1.670898 0.086914
vt 1.663086 0.073242
vt 1.706055 0.204102
vt 1.713867 0.211426
vt 1.673828 0.057617
vt 1.702148 0.174316
vt 0.261230 0.807007
vt 1.663086 0.046875
vt 1.712891 0.166016
vt 0.663574 0.046875
vt 0.713379 0.166016
vt 0.274902 0.788208
vt 0.280518 0.790039
vt 0.992188 0.838623
vt 0.973145 0.837891
vt 0.979492 0.834106
vt 0.996094 0.834229
vt 0.989746 0.829224
vt 0.974609 0.831787
vt 0.987305 0.825439
vt 0.269043 0.781372
vt 0.260986 0.773804
vt 0.231567 0.782837
vt 0.270264 0.807129
vt 0.268799 0.773438
vt 0.824219 0.877686
vt 0.705078 0.202148
vt 0.702148 0.172852
vt 0.671387 0.085449
vt 0.663574 0.079590
vt 0.674805 0.056641
vt 1.698242 0.178711
vt 1.663086 0.079590
vt 1.678711 0.062012
vt 0.712891 0.209961
vt 1.705078 0.202637
vt 1.712891 0.209961
vt 1.670898 0.085449
vt 1.663086 0.105469
vt 1.712891 0.222656
vt 0.833496 0.930725
vt 0.817383 0.930725
vt 0.832031 0.922424
vt 0.988770 0.849487
vt 0.969727 0.841797
vt 0.986816 0.841675
vt 0.371338 0.475098
vt 0.335938 0.479004
vt 0.022736 0.405762
vt 0.053375 0.727783
vt 0.053162 0.736084
vt 0.047058 0.727783
vt 0.860840 0.689209
vt 0.008499 0.406250
vt 0.979492 0.880920
vt 0.968750 0.871948
vt 0.991699 0.871948
vt 0.965332 0.879944
vt 0.207642 0.773438
vt 0.225586 0.773438
vt 0.208740 0.782471
vt 0.208130 0.801514
vt 0.225830 0.807129
vt 0.208130 0.807129
vt 0.182617 0.782471
vt 0.182617 0.807129
vt 0.182129 0.797363
vt 0.208984 0.796265
vt 0.210205 0.790039
vt 0.969238 0.826660
vt 0.988281 0.816895
vt 0.923828 0.825684
vt 0.022690 0.387695
vt 0.911621 0.824097
vt 0.036926 0.386230
vt 0.096436 0.727783
vt 0.225220 0.796265
vt 0.008568 0.392090
vt 0.963867 0.871948
vt 0.966797 0.483398
vt 0.961426 0.485840
vt 0.963379 0.479980
vt 0.963379 0.830933
vt 0.960938 0.828125
vt 0.963379 0.834229
vt 0.961426 0.838013
vt 0.182617 0.773438
vt 0.844727 0.755005
vt 0.845703 0.749023
vt 0.850098 0.757935
vt 0.712891 0.166504
vt 0.663574 0.048828
vt 0.852539 0.748779
vt 1.712891 0.166504
vt 1.663086 0.048828
vt 0.224976 0.790039
vt 1.711914 0.215332
vt 0.182617 0.790039
vt 1.664062 0.048828
vt 0.904785 0.872192
vt 0.009338 0.308594
vt 0.036713 0.315918
vt 0.911621 0.769165
vt 0.765137 0.889160
vt 0.766602 0.898071
vt 0.778320 0.908691
vt 0.808105 0.898682
vt 0.768066 0.917725
vt 0.818848 0.919800
vt 0.776367 0.924438
vt 0.264893 0.679688
vt 0.255859 0.679932
vt 0.256592 0.670654
vt 0.773438 0.931946
vt 0.783203 0.933044
vt 0.937012 0.776978
vt 0.927734 0.776245
vt 0.094421 0.737793
vt 0.123657 0.743896
vt 0.100525 0.743896
vt 0.784180 0.877747
vt 0.764648 0.944000
vt 0.756836 0.951874
vt 0.751953 0.944000
vt 0.273682 0.667725
vt 0.265869 0.650635
vt 0.819824 0.921753
vt 0.918945 0.892639
vt 0.963379 0.892822
vt 0.915039 0.884094
vt 0.391602 0.219727
vt 0.372070 0.219727
vt 0.391602 0.212402
vt 0.273926 0.680908
vt 0.834961 0.917480
vt 0.817871 0.908325
vt 0.372070 0.204102
vt 0.344971 0.216797
vt 0.123657 0.735840
vt 0.152344 0.742676
vt 0.125488 0.726074
vt 0.023849 0.312500
vt 0.149170 0.727783
vt 0.937012 0.822632
vt 0.789062 0.930237
vt 0.092285 0.745361
vt 0.061340 0.744141
vt 0.735352 0.898071
vt 0.730957 0.908325
vt 0.756348 0.866699
vt 0.745605 0.865845
vt 0.751953 0.857422
vt 0.397949 0.472168
vt 0.387207 0.472656
vt 0.398682 0.467285
vt 0.343018 0.202637
vt 0.386719 0.465820
vt 0.972656 0.892517
vt 0.809082 0.657471
vt 0.798340 0.664062
vt 0.800293 0.655762
vt 0.806152 0.664307
vt 0.937012 0.835205
vt 0.423096 0.220215
vt 0.393555 0.217773
vt 0.144287 0.073730
vt 0.155396 0.045410
vt 0.158813 0.075684
vt 0.170288 0.074707
vt 0.162720 0.050781
vt 0.133545 0.073242
vt 0.137329 0.037598
vt 0.122375 0.073730
vt 0.127563 0.034668
vt 0.143921 0.045410
vt 0.170898 0.040527
vt 0.133667 0.006836
vt 0.138794 0.018066
vt 0.122070 0.010254
vt 0.144531 0.020996
vt 0.926270 0.772095
vt 0.157104 0.016113
vt 0.171631 0.011230
vt 0.100525 0.727783
vt 0.372803 0.465820
vt 0.374268 0.473633
vt 0.155396 0.019531
vt 0.122314 0.040527
vt 0.392822 0.201172
vt 0.383789 0.866699
vt 0.357910 0.877625
vt 0.362549 0.865479
vt 0.924316 0.761230
vt 0.382324 0.875427
vt 0.162720 0.009766
vt 0.901855 0.882141
vt 0.156860 0.447754
vt 0.165527 0.437988
vt 0.170776 0.448242
vt 0.151733 0.428711
vt 0.170166 0.428711
vt 0.384766 0.888733
vt 0.140869 0.437500
vt 0.123535 0.430664
vt 0.353271 0.894165
vt 0.321289 0.881958
vt 0.312500 0.890564
vt 0.315674 0.866333
vt 0.727051 0.923157
vt 0.698242 0.917236
vt 0.726562 0.908325
vt 0.728027 0.923889
vt 0.707520 0.908325
vt 0.725586 0.898071
vt 0.708008 0.898071
vt 0.716309 0.888916
vt 0.688965 0.908325
vt 0.709473 0.927246
vt 0.678223 0.928589
vt 0.678711 0.937500
vt 0.679688 0.889038
vt 0.673340 0.877380
vt 0.710938 0.877686
vt 0.135620 0.448242
vt 0.124207 0.446289
vt 0.130371 0.454590
vt 0.273682 0.651123
vt 0.268555 0.642334
vt 0.273193 0.644531
vt 0.710938 0.937927
vt 0.730957 0.937012
vt 0.728027 0.877258
vt 0.733887 0.889160
vt 0.786621 0.734131
vt 0.780762 0.736816
vt 0.780762 0.727539
vt 0.249146 0.624023
vt 0.235840 0.638672
vt 0.233398 0.633789
vt 0.776367 0.732910
vt 0.264648 0.607666
vt 0.244629 0.617188
vt 0.253418 0.604980
vt 0.255859 0.619385
vt 0.098022 0.455078
vt 0.093323 0.464844
vt 0.088928 0.455078
vt 0.263428 0.614014
vt 0.110718 0.468750
vt 0.097229 0.468262
vt 0.233765 0.615967
vt 0.899902 0.828613
vt 0.895020 0.825195
vt 0.903809 0.809448
vt 0.254639 0.624756
vt 0.894043 0.809326
vt 0.891113 0.815186
vt 0.889648 0.825562
vt 0.881836 0.821411
vt 0.884766 0.816895
vt 0.277832 0.869629
vt 0.300537 0.880188
vt 0.277344 0.880920
vt 0.226929 0.631592
vt 0.897949 0.842651
vt 0.891113 0.842041
vt 0.885254 0.843994
vt 0.291992 0.888062
vt 0.270508 0.884888
vt 0.269287 0.626221
vt 0.265869 0.637695
vt 0.256104 0.644775
vt 0.115723 0.458496
vt 0.273193 0.632080
vt 0.775879 0.937622
vt 0.771484 0.874756
vt 0.687988 0.898071
vt 0.112061 0.447266
vt 0.125488 0.462402
vt 0.570312 0.877686
vt 0.614746 0.889160
vt 0.574219 0.889160
vt 0.615234 0.927246
vt 0.614746 0.937927
vt 0.616699 0.877686
vt 0.576172 0.898071
vt 0.613770 0.898071
vt 0.614746 0.917725
vt 0.614746 0.908325
vt 0.666504 0.907776
vt 0.657227 0.897583
vt 0.670898 0.898071
vt 0.643066 0.908325
vt 0.114929 0.472168
vt 0.301025 0.632324
vt 0.306396 0.634521
vt 0.298584 0.638672
vt 0.695801 0.183594
vt 0.710449 0.167480
vt 0.780762 0.858398
vt 0.273926 0.625732
vt 0.738281 0.944916
vt 0.789551 0.943726
vt 0.297852 0.647461
vt 0.302979 0.646973
vt 0.900879 0.774292
vt 0.902832 0.779907
vt 0.896484 0.779297
vt 0.149048 0.480469
vt 0.159058 0.481445
vt 0.147583 0.488281
vt 0.156494 0.476562
vt 0.672852 0.917725
vt 0.661621 0.889343
vt 0.662109 0.878235
vt 0.661133 0.927795
vt 0.660645 0.917603
vt 0.660645 0.938141
vt 1.714844 0.166992
vt 1.702148 0.173828
vt 1.711914 0.198730
vt 1.662109 0.049316
vt 1.663086 0.080078
vt 1.674805 0.057617
vt 0.713379 0.198730
vt 0.664062 0.079590
vt 0.665527 0.050293
vt 0.680664 0.065918
vt 0.285889 0.625732
vt 0.280273 0.637207
vt 0.127075 0.469727
vt 0.125122 0.479004
vt 0.134888 0.460938
vt 0.296631 0.639160
vt 0.141479 0.474121
vt 0.146729 0.470703
vt 0.704102 0.202637
vt 0.672852 0.085938
vt 1.705078 0.204102
vt 1.671875 0.086914
vt 0.141846 0.483398
vt 0.139526 0.487793
vt 0.143555 0.479004
vt 0.147949 0.475586
vt 0.148193 0.468262
vt 0.156250 0.471680
vt 0.199829 0.547852
vt 0.207886 0.536133
vt 0.188354 0.533447
vt 0.031021 0.277832
vt 0.882324 0.934082
vt 0.488281 0.996372
vt 0.474365 0.987900
vt 0.473633 0.996420
vt 0.038971 0.291504
vt 0.036591 0.280762
vt 0.024414 0.292480
vt 0.504883 0.982986
vt 0.008110 0.292480
vt 0.004765 0.296875
vt 0.508789 0.992630
vt 0.514648 0.995075
vt 0.216553 0.425781
vt 0.212036 0.410156
vt 0.177856 0.429199
vt 0.508301 0.968414
vt 0.211060 0.431152
vt 0.862793 0.944122
vt 0.859863 0.933350
vt 1.681641 0.065918
vt 1.673828 0.053223
vt 1.671875 0.069824
vt 0.458740 0.458008
vt 0.465332 0.451172
vt 1.694336 0.183105
vt 1.704102 0.187012
vt 0.425537 0.448730
vt 0.446533 0.458496
vt 0.449707 0.469727
vt 0.441895 0.462402
vt 0.229736 0.322754
vt 0.225830 0.320801
vt 0.704102 0.187012
vt 0.703125 0.169922
vt 0.673340 0.053223
vt 0.694824 0.182617
vt 0.681641 0.065918
vt 0.508301 0.968597
vt 0.508789 0.992641
vt 0.504883 0.983002
vt 0.862793 0.943970
vt 0.872070 0.956512
vt 0.516113 0.981125
vt 0.488281 0.996376
vt 0.473633 0.996418
vt 0.036560 0.280762
vt 0.024429 0.292480
vt 0.177734 0.429199
vt 0.008141 0.292480
vt 0.859863 0.933289
vt 0.414551 0.825195
vt 0.430176 0.836670
vt 0.004841 0.296875
vt 0.398682 0.826416
vt 0.429688 0.840820
vt 0.514648 0.995083
vt 0.428955 0.843384
vt 0.462158 0.445312
vt 0.425781 0.444336
vt 0.699219 0.449707
vt 0.705566 0.445312
vt 0.705566 0.455078
vt 0.422119 0.452148
vt 0.398682 0.820679
vt 0.417236 0.817261
vt 0.220581 0.314941
vt 0.041199 0.647461
vt 0.436035 0.469238
vt 0.213989 0.209473
vt 0.282715 0.194336
vt 0.287598 0.208984
vt 0.281982 0.221680
vt 0.794922 0.766968
vt 0.215454 0.194336
vt 0.285889 0.180176
vt 0.493652 0.929688
vt 0.418701 0.924438
vt 0.412842 0.913452
vt 0.370850 0.915771
vt 0.676270 0.715576
vt 0.193726 0.171875
vt 0.195312 0.165527
vt 0.428467 0.955750
vt 0.347900 0.943146
vt 0.347168 0.956085
vt 0.166870 0.221680
vt 0.218628 0.221680
vt 0.254150 0.897156
vt 0.291504 0.897522
vt 0.291016 0.902466
vt 0.707520 0.763794
vt 0.254639 0.890503
vt 0.253418 0.905518
vt 0.266113 0.174805
vt 0.302490 0.167480
vt 0.302734 0.171387
vt 0.265137 0.171387
vt 0.226318 0.171875
vt 0.750977 0.798706
vt 0.900391 0.789307
vt 0.894043 0.798950
vt 0.981934 0.475586
vt 0.994629 0.471191
vt 0.770996 0.725098
vt 0.751465 0.740479
vt 0.761230 0.724365
vt 0.748047 0.669434
vt 0.755371 0.654541
vt 0.227173 0.166504
vt 0.726074 0.669922
vt 0.882324 0.876221
vt 0.824707 0.747559
vt 0.334717 0.194336
vt 0.336914 0.221680
vt 0.786621 0.803711
vt 0.197021 0.157227
vt 0.320068 0.912598
vt 0.327393 0.908081
vt 0.328125 0.902771
vt 0.373047 0.905273
vt 0.412109 0.905273
vt 0.343750 0.173340
vt 0.339111 0.161621
vt 0.338379 0.157715
vt 0.716797 0.751465
vt 0.282471 0.416504
vt 0.260986 0.422363
vt 0.262451 0.417480
vt 0.287598 0.417480
vt 0.263428 0.426758
vt 0.488770 0.558105
vt 0.489502 0.565918
vt 0.486572 0.566895
vt 0.501465 0.593018
vt 0.399658 0.607666
vt 0.425049 0.577881
vt 0.402100 0.550781
vt 0.425293 0.550537
vt 0.422119 0.557129
vt 0.423096 0.567871
vt 0.041626 0.556885
vt 0.058380 0.562988
vt 0.038147 0.563232
vt 0.036957 0.554932
vt 0.058716 0.554443
vt 0.500977 0.560303
vt 0.500488 0.566895
vt 0.498047 0.560059
vt 0.421143 0.546631
vt 0.041473 0.548340
vt 0.054260 0.551270
vt 0.279053 0.423828
vt 0.293701 0.422363
vt 0.295654 0.426270
vt 0.291260 0.414062
vt 0.303467 0.416504
vt 0.283691 0.431152
vt 0.264160 0.432617
vt 0.533691 0.598877
vt 0.628906 0.607666
vt 0.593750 0.627441
vt 0.487061 0.556885
vt 0.481201 0.551758
vt 0.488525 0.552490
vt 0.306641 0.432129
vt 0.593750 0.645264
vt 0.467285 0.625244
vt 0.275146 0.017578
vt 0.278564 0.013184
vt 0.358398 0.018066
vt 0.333984 0.426758
vt 0.333984 0.421875
vt 0.479736 0.555176
vt 0.332520 0.417480
vt 0.464844 0.558838
vt 0.464355 0.552002
vt 0.460205 0.557617
vt 0.335449 0.430176
vt 0.360596 0.013184
vt 0.336670 0.432129
vt 0.369629 0.006348
vt 0.502930 0.584473
vt 0.505859 0.580811
vt 0.527344 0.586670
vt 0.528320 0.579346
vt 0.507324 0.574951
vt 0.452637 0.551758
vt 0.545410 0.590820
vt 0.535645 0.573975
vt 0.447266 0.548584
vt 0.448730 0.549072
vt 0.447266 0.557373
vt 0.065918 0.563721
vt 0.062073 0.563721
vt 0.074036 0.561523
vt 0.083984 0.554443
vt 0.278809 0.412598
vt 0.054535 0.566162
vt 0.482666 0.645020
vt 0.498291 0.571533
vt 0.066162 0.547119
vt 0.500000 0.573975
vt 0.077637 0.550293
vt 0.495605 0.576172
vt 0.480957 0.572510
vt 0.098206 0.561523
vt 0.110962 0.546875
vt 0.483398 0.575928
vt 0.460449 0.520996
vt 0.531250 0.523682
vt 0.503418 0.530518
vt 0.478271 0.568848
vt 0.470947 0.569092
vt 0.595215 0.083496
vt 0.612793 0.093750
vt 0.555664 0.086426
vt 0.114746 0.557617
vt 0.465820 0.576172
vt 0.134521 0.562012
vt 0.114197 0.551025
vt 0.600098 0.079102
vt 0.430420 0.541260
vt 0.517578 0.079590
vt 0.146973 0.558838
vt 0.156006 0.557373
vt 0.173218 0.559326
vt 0.146973 0.565674
vt 0.461914 0.575928
vt 0.442871 0.571777
vt 0.461914 0.569824
vt 0.143921 0.565918
vt 0.654785 0.510742
vt 0.693359 0.534424
vt 0.144775 0.549316
vt 0.170166 0.549805
vt 0.139771 0.548584
vt 0.536621 0.533691
vt 0.578125 0.544434
vt 0.541504 0.539795
vt 0.591309 0.542236
vt 0.550293 0.580322
vt 0.565918 0.564453
vt 0.575195 0.558838
vt 0.586914 0.556152
vt 0.565918 0.582764
vt 0.590332 0.584229
vt 0.628906 0.589844
vt 0.758301 0.531982
vt 0.604492 0.570801
vt 0.628906 0.580078
vt 0.651855 0.586182
vt 0.651855 0.594482
vt 0.628906 0.560791
vt 0.537109 0.571533
vt 0.441162 0.552734
vt 0.550293 0.569336
vt 0.651855 0.578613
vt 0.651855 0.571045
vt 0.676758 0.583008
vt 0.676270 0.575195
vt 0.675781 0.566895
vt 0.651855 0.524902
vt 0.172485 0.550293
vt 0.629395 0.541748
vt 0.613770 0.527344
vt 0.571289 0.556152
vt 0.585449 0.547363
vt 0.565918 0.554932
vt 0.607910 0.548828
vt 0.120300 0.208984
vt 0.726562 0.546875
vt 0.676758 0.540771
vt 0.675781 0.554932
vt 0.652344 0.542725
vt 0.651855 0.558594
vt 0.628906 0.548096
vt 0.629883 0.541748
vt 0.278809 0.826294
vt 0.300781 0.833862
vt 0.278076 0.839478
vt 0.278809 0.819092
vt 0.304199 0.826416
vt 0.262451 0.076660
vt 0.256104 0.069824
vt 0.260010 0.060059
vt 0.248535 0.078613
vt 0.391357 0.833862
vt 0.358643 0.841675
vt 0.391357 0.841675
vt 0.391357 0.848511
vt 0.358643 0.848511
vt 0.391357 0.857544
vt 0.358643 0.857544
vt 0.391357 0.826294
vt 0.358643 0.833862
vt 0.391357 0.810791
vt 0.358643 0.819092
vt 0.391357 0.819092
vt 0.321533 0.841675
vt 0.317627 0.848511
vt 0.324951 0.833862
vt 0.294678 0.848511
vt 0.316406 0.857178
vt 0.294678 0.841675
vt 0.278809 0.857544
vt 0.317139 0.810425
vt 0.278809 0.810791
vt 0.318848 0.818604
vt 0.324951 0.826294
vt 0.358643 0.810791
vt 0.358643 0.826294
vt 0.280518 0.849731
vt 0.277344 0.849731
vt 0.264404 0.037598
vt 0.216064 0.037598
vt 0.216064 0.026855
vt 0.216064 0.016602
vt 0.271240 0.024902
vt 0.216064 0.006836
vt 0.259521 0.010742
vt 0.262451 0.047852
vt 0.216064 0.048340
vt 0.216064 0.115723
vt 0.256104 0.094238
vt 0.260010 0.104004
vt 0.216064 0.104980
vt 0.243286 0.086914
vt 0.248291 0.085938
vt 0.271240 0.139160
vt 0.263916 0.153320
vt 0.259521 0.153320
vt 0.262451 0.116211
vt 0.216064 0.126465
vt 0.243286 0.077148
vt 0.216064 0.069824
vt 0.216064 0.059082
vt 0.264160 0.010742
vt 0.264404 0.126465
vt 0.216064 0.094238
vt 0.216064 0.137695
vt 0.216064 0.147461
vt 0.286377 0.120117
vt 0.216064 0.157227
vt 0.631836 0.678223
vt 0.480225 0.216309
vt 0.262451 0.088867
vt 0.280518 0.096191
vt 0.255615 0.082031
vt 0.283447 0.107910
vt 0.298340 0.127441
vt 0.388428 0.094727
vt 0.376465 0.107422
vt 0.373535 0.118164
vt 0.268799 0.007324
vt 0.269043 0.156738
vt 0.269775 0.141113
vt 0.269775 0.022949
vt 0.298340 0.036621
vt 0.286377 0.043945
vt 0.283447 0.056152
vt 0.397217 0.127441
vt 0.484619 0.116211
vt 0.280273 0.067383
vt 0.385254 0.069336
vt 0.375488 0.045898
vt 0.381104 0.056641
vt 0.405029 0.135742
vt 0.405029 0.028320
vt 0.470215 0.083984
vt 0.463867 0.095703
vt 0.478271 0.076172
vt 0.486572 0.056641
vt 0.511230 0.105957
vt 0.498535 0.087891
vt 0.183472 0.566162
vt 0.274414 0.577881
vt 0.215088 0.577393
vt 0.707520 0.126465
vt 0.288330 0.609131
vt 0.302002 0.564453
vt 0.295410 0.572754
vt 0.756348 0.135254
vt 0.760742 0.161621
vt 0.750977 0.159668
vt 0.704590 0.051270
vt 0.706055 0.076172
vt 0.695801 0.077637
vt 0.497070 0.074219
vt 0.194214 0.556641
vt 0.273682 0.564941
vt 0.213867 0.551514
vt 0.268311 0.546143
vt 0.550293 0.063965
vt 0.764648 0.206543
vt 0.692383 0.123535
vt 0.701172 0.104492
vt 0.750488 0.209961
vt 0.771973 0.180664
vt 0.756348 0.187500
vt 0.486084 0.033691
vt 0.463867 0.045898
vt 0.463867 0.036621
vt 0.684570 0.097656
vt 0.602539 0.164062
vt 0.522461 0.141602
vt 0.583496 0.107422
vt 0.463867 0.127441
vt 0.710449 0.095215
vt 0.396484 0.036621
vt 0.463867 0.027832
vt 0.463867 0.136230
vt 0.260742 0.532715
vt 0.293945 0.552490
vt 0.308105 0.563965
vt 0.429443 0.516846
vt 0.501465 0.514404
vt 0.466064 0.500732
vt 0.379150 0.993340
vt 0.231689 0.976074
vt 0.412354 0.977097
vt 0.229858 0.956299
vt 0.577148 0.502686
vt 0.445312 0.483887
vt 0.606934 0.492676
vt 0.007439 0.956085
vt 0.034302 0.956085
vt 0.603027 0.125977
vt 0.096375 0.955719
vt 0.549805 0.024414
vt 0.612305 0.018555
vt 0.291504 0.513428
vt 0.589844 0.051270
vt 0.597656 0.053223
vt 0.609863 0.041016
vt 0.336914 0.208984
vt 0.606445 0.062500
vt 0.158569 0.955200
vt 0.326416 0.580811
vt 0.317627 0.571289
vt 0.685059 0.170410
vt 0.645508 0.172363
vt 0.395752 0.574463
vt 0.396973 0.583252
vt 0.421143 0.573730
vt 0.192017 0.993294
vt 0.293945 0.494629
vt 0.293701 0.506104
vt 0.186768 0.956085
vt 0.186768 0.976303
vt 0.642090 0.008789
vt 0.647949 0.023926
vt 0.658203 0.042480
vt 0.628906 0.054199
vt 0.324951 0.530762
vt 0.326416 0.645264
vt 0.622070 0.113281
vt 0.695312 0.136230
vt 0.690430 0.147949
vt 0.640625 0.104004
vt 0.319336 0.625488
vt 0.320557 0.553467
vt 0.395996 0.542969
vt 0.620605 0.508301
vt 0.495117 0.964935
vt 0.452637 0.992981
vt 0.468750 0.976303
vt 0.496094 0.976303
vt 0.647461 0.965454
vt 0.539062 0.965454
vt 0.539062 0.954468
vt 0.633301 0.987350
vt 0.537598 0.970718
vt 0.633301 0.970718
vt 0.371094 0.179688
vt 0.396729 0.194336
vt 0.369141 0.184570
vt 0.401611 0.182617
vt 0.366699 0.194336
vt 0.395752 0.166504
vt 0.369141 0.172363
vt 0.370361 0.161133
vt 0.349365 0.164062
vt 0.421875 0.297852
vt 0.851562 0.731445
vt 0.834961 0.736328
vt 0.359375 0.291992
vt 0.363037 0.274414
vt 0.383789 0.257324
vt 0.345947 0.242676
vt 0.681152 0.459961
vt 0.644043 0.445312
vt 0.684570 0.445801
vt 0.298096 0.239746
vt 0.310547 0.257324
vt 0.319092 0.241699
vt 0.655273 0.462891
vt 0.333496 0.255859
vt 0.327148 0.232422
vt 0.294189 0.291992
vt 0.192627 0.281738
vt 0.310059 0.270508
vt 0.263916 0.253906
vt 0.336670 0.282715
vt 0.647461 0.954468
vt 0.537598 0.987350
vt 0.487793 0.205566
vt 0.445068 0.196777
vt 0.487793 0.194336
vt 0.456299 0.184082
vt 0.487793 0.184570
vt 0.487793 0.172852
vt 0.441895 0.172363
vt 0.487793 0.159180
vt 0.456787 0.160645
vt 0.422852 0.164551
vt 0.339844 0.305176
vt 0.364746 0.303223
vt 0.327637 0.231445
vt 0.684570 0.444336
vt 0.796387 0.721680
vt 0.817871 0.730713
vt 0.428955 0.270508
vt 0.434082 0.288574
vt 0.445068 0.272461
vt 0.830566 0.726074
vt 0.850098 0.728760
vt 0.364990 0.302734
vt 0.408447 0.257812
vt 0.422852 0.249023
vt 0.428955 0.270020
vt 0.423096 0.249512
vt 0.105713 0.895630
vt 0.795898 0.721680
vt 0.433594 0.220703
vt 0.437256 0.250000
vt 0.470459 0.238770
s 1
usemtl Gaia-Vandal-Red-Main
f 241/117/245 242/118/246 243/119/247
f 244/120/248 245/121/249 246/122/250
f 247/123/251 244/120/248 246/122/250
f 246/122/250 248/124/252 249/125/253
f 246/122/250 249/125/253 247/123/251
f 250/126/254 249/125/253 248/124/252
f 251/127/255 252/128/256 253/129/257
f 254/130/258 255/131/259 256/132/260
f 252/128/256 251/127/255 257/133/261
f 258/134/262 259/135/263 260/136/264
f 261/137/265 262/138/266 263/139/267
f 264/140/268 252/128/256 265/141/269
f 265/141/269 252/128/256 266/142/270
f 252/128/256 264/140/268 253/129/257
f 264/140/268 267/143/271 253/129/257
f 268/144/272 269/145/273 248/124/252
f 270/146/274 269/145/273 268/144/272
f 271/147/275 272/148/276 246/122/250
f 245/121/249 271/147/275 246/122/250
f 273/149/277 274/150/278 275/151/279
f 276/152/280 274/150/278 273/149/277
f 274/150/278 276/152/280 277/153/281
f 275/151/279 274/150/278 278/154/282
f 259/135/263 279/155/283 280/156/284
f 281/157/285 282/158/286 283/159/287
f 284/160/288 280/156/284 279/155/283
f 282/158/286 255/131/259 254/130/258
f 282/158/286 254/130/258 283/159/287
f 250/126/254 269/145/273 270/146/274
f 259/135/263 258/134/262 279/155/283
f 274/150/278 277/153/281 285/161/289
f 286/162/290 287/163/291 288/164/292
f 287/163/291 289/165/293 288/164/292
f 290/166/294 291/167/295 292/168/296
f 292/168/296 293/169/297 294/170/298
f 295/171/299 296/172/300 297/173/301
f 289/165/293 298/174/302 299/175/303
f 297/173/301 296/172/300 293/169/297
f 292/168/296 297/173/301 293/169/297
f 300/176/304 292/168/296 294/170/298
f 295/171/299 297/173/301 301/177/305
f 289/165/293 287/163/291 298/174/302
f 302/178/306 303/179/307 304/180/308
f 305/181/309 303/179/307 302/178/306
f 306/182/310 307/183/311 308/184/312
f 301/177/305 297/173/301 291/167/295
f 309/185/313 286/162/290 288/164/292
f 301/177/305 291/167/295 310/186/314
f 291/167/295 297/173/301 292/168/296
f 300/176/304 294/170/298 311/187/315
f 290/166/294 292/168/296 300/176/304
f 311/187/315 290/166/294 300/176/304
f 312/188/316 313/189/317 314/190/318
f 315/191/319 316/192/320 317/193/321
f 318/194/322 319/195/323 320/196/324
f 319/195/323 321/197/325 320/196/324
f 322/198/326 323/199/327 313/189/317
f 324/200/328 325/201/329 316/192/320
f 326/202/330 318/194/322 320/196/324
f 322/198/326 327/203/331 321/197/325
f 328/204/332 329/205/333 330/206/334
f 324/200/328 330/206/334 329/205/333
f 330/206/334 324/200/328 331/207/335
f 327/203/331 322/198/326 313/189/317
f 314/190/318 313/189/317 323/199/327
f 330/206/334 332/208/336 328/204/332
f 330/206/334 331/207/335 333/209/337
f 333/209/337 331/207/335 334/210/338
f 335/211/339 334/210/338 331/207/335
f 327/203/331 313/189/317 336/212/340
f 333/209/337 337/213/341 330/206/334
f 338/214/342 327/203/331 339/215/343
f 340/216/344 327/203/331 338/214/342
f 341/217/345 324/200/328 316/192/320
f 324/200/328 341/217/345 342/218/346
f 343/219/347 327/203/331 344/220/348
f 327/203/331 343/219/347 321/197/325
f 331/207/335 324/200/328 342/218/346
f 345/221/349 331/207/335 342/218/346
f 340/216/344 344/220/348 327/203/331
f 320/196/324 321/197/325 343/219/347
f 331/207/335 346/222/350 335/211/339
f 332/208/336 330/206/334 337/213/341
f 313/189/317 312/188/316 336/212/340
f 346/222/350 331/207/335 345/221/349
f 316/192/320 315/191/319 341/217/345
f 320/196/324 343/219/347 347/223/351
f 348/224/352 320/196/324 347/223/351
f 320/196/324 348/224/352 326/202/330
f 349/225/353 350/226/354 351/227/355
f 352/228/356 353/229/357 354/230/358
f 354/230/358 353/229/357 355/231/359
f 323/199/327 322/198/326 356/232/360
f 329/205/333 328/204/332 357/233/361
f 358/234/362 351/227/355 350/226/354
f 359/235/363 349/225/353 360/236/364
f 360/236/364 361/237/365 359/235/363
f 362/238/366 325/201/329 324/200/328
f 359/235/363 361/237/365 363/239/367
f 364/240/368 365/241/369 366/242/370
f 367/243/371 368/244/372 369/245/373
f 370/246/374 371/247/375 372/248/375
f 372/248/375 373/249/376 370/246/374
f 325/201/329 362/238/366 374/250/377
f 362/238/366 355/231/359 374/250/377
f 329/205/333 362/238/366 324/200/328
f 375/251/378 376/252/379 355/231/359
f 329/205/333 354/230/358 362/238/366
f 353/229/357 375/251/378 355/231/359
f 377/253/380 378/254/381 379/255/382
f 357/233/361 354/230/358 329/205/333
f 357/233/361 352/228/356 354/230/358
f 380/256/383 381/257/384 382/258/385
f 353/229/357 352/228/356 383/259/386
f 380/256/383 376/252/379 375/251/378
f 373/249/376 368/244/372 370/246/374
f 353/229/357 380/256/383 375/251/378
f 370/246/374 368/244/372 367/243/371
f 374/250/377 355/231/359 376/252/379
f 353/229/357 381/257/384 380/256/383
f 378/254/381 377/253/380 358/234/362
f 362/238/366 354/230/358 355/231/359
f 358/234/362 377/253/380 351/227/355
f 384/260/387 381/257/384 353/229/357
f 384/260/387 385/261/388 381/257/384
f 385/261/388 384/260/387 386/262/389
f 384/260/387 383/259/386 387/263/390
f 383/259/386 384/260/387 353/229/357
f 349/225/353 359/235/363 350/226/354
f 387/263/390 386/262/389 384/260/387
f 386/262/389 387/263/390 366/242/370
f 388/264/391 306/182/310 389/265/392
f 390/266/393 388/264/391 389/265/392
f 391/267/394 392/268/395 304/180/308
f 391/267/394 304/180/308 303/179/307
f 393/269/396 394/270/397 395/271/398
f 394/270/397 396/272/399 395/271/398
f 395/271/398 397/273/400 393/269/396
f 398/274/401 395/271/398 396/272/399
f 393/269/396 397/273/400 399/275/402
f 398/274/401 396/272/399 400/276/403
f 397/273/400 401/277/404 399/275/402
f 402/278/405 398/274/401 400/276/403
f 403/279/406 404/280/407 405/281/408
f 406/282/409 407/283/410 408/284/411
f 409/285/412 407/283/410 406/282/409
f 410/286/413 411/285/414 412/282/415
f 413/280/416 414/287/417 415/288/418
f 412/282/415 416/289/419 410/286/413
f 417/290/420 418/291/421 419/292/422
f 420/293/423 397/273/400 395/271/398
f 397/273/400 420/293/423 421/294/424
f 398/274/401 420/293/423 395/271/398
f 420/293/423 398/274/401 422/295/425
f 412/282/415 423/296/426 416/289/419
f 397/273/400 421/294/424 424/297/427
f 425/298/428 397/273/400 424/297/427
f 422/295/425 398/274/401 426/299/429
f 398/274/401 427/300/430 426/299/429
f 397/273/400 425/298/428 401/277/404
f 401/277/404 428/301/431 429/302/432
f 430/303/433 431/304/434 402/278/405
f 428/301/431 401/277/404 425/298/428
f 427/300/430 398/274/401 402/278/405
f 402/278/405 431/304/434 427/300/430
f 432/282/435 433/305/436 434/306/437
f 435/282/438 436/306/439 437/305/440
f 438/282/441 439/307/442 440/305/443
f 439/307/442 438/282/441 441/308/444
f 442/282/438 443/307/445 444/308/446
f 443/307/445 442/282/438 445/305/447
f 446/309/448 447/310/449 448/311/450
f 447/310/449 449/312/451 448/311/450
f 407/283/410 450/313/452 451/314/453
f 452/313/454 410/286/413 453/315/455
f 454/316/456 405/281/408 455/317/457
f 409/285/412 450/313/452 407/283/410
f 404/280/407 403/279/406 456/318/458
f 448/311/450 457/319/459 458/320/460
f 457/319/459 448/311/450 459/321/461
f 414/287/417 460/322/462 415/288/418
f 448/311/450 449/312/451 461/323/463
f 448/311/450 461/323/463 462/324/464
f 458/320/460 446/309/448 448/311/450
f 405/281/408 454/316/456 403/279/406
f 460/322/462 463/325/465 415/288/418
f 410/286/413 452/313/454 411/285/414
f 464/326/466 465/327/467 466/328/468
f 467/329/469 468/330/470 469/331/471
f 466/328/468 470/332/472 471/333/473
f 471/333/473 470/332/472 472/334/474
f 473/335/475 474/336/476 475/337/477
f 472/334/474 476/338/478 477/339/479
f 464/326/466 466/328/468 478/340/480
f 406/282/409 408/284/411 479/296/481
f 471/333/473 478/340/480 466/328/468
f 480/341/482 464/326/466 478/340/480
f 467/329/469 469/331/471 481/342/483
f 473/335/475 475/337/477 482/343/484
f 482/343/484 456/318/458 473/335/475
f 404/280/407 456/318/458 482/343/484
f 481/342/483 479/296/481 408/284/411
f 481/342/483 469/331/471 483/344/485
f 479/296/481 481/342/483 483/344/485
f 484/345/486 471/333/473 472/334/474
f 484/345/486 477/339/479 457/319/459
f 485/346/487 475/337/477 474/336/476
f 476/338/478 472/334/474 486/347/488
f 472/334/474 470/332/472 486/347/488
f 486/347/488 487/348/489 476/338/478
f 488/349/490 485/346/487 474/336/476
f 468/330/470 467/329/469 489/350/491
f 472/334/474 477/339/479 484/345/486
f 490/292/492 491/291/493 492/290/494
f 457/319/459 459/321/461 484/345/486
f 493/351/495 494/352/496 495/353/497
f 496/354/498 497/355/499 498/356/500
f 494/352/496 493/351/495 499/357/501
f 498/356/500 480/341/482 478/340/480
f 478/340/480 471/333/473 500/358/502
f 484/345/486 500/358/502 471/333/473
f 498/356/500 478/340/480 500/358/502
f 483/344/485 493/351/495 479/296/481
f 501/359/503 502/360/504 503/361/505
f 497/355/499 480/341/482 498/356/500
f 495/353/497 479/296/481 493/351/495
f 502/360/504 501/359/503 504/362/506
f 500/358/502 484/345/486 505/363/507
f 506/364/508 504/362/506 507/365/509
f 502/360/504 504/362/506 506/364/508
f 459/321/461 508/366/510 505/363/507
f 268/144/272 509/367/511 510/368/512
f 509/367/511 511/369/513 510/368/512
f 505/363/507 484/345/486 459/321/461
f 268/144/272 500/358/502 505/363/507
f 509/367/511 268/144/272 505/363/507
f 505/363/507 508/366/510 509/367/511
f 512/370/514 400/276/403 396/272/399
f 466/328/468 465/327/467 513/371/515
f 470/332/472 513/371/515 514/372/516
f 513/371/515 470/332/472 466/328/468
f 486/347/488 470/332/472 514/372/516
f 515/373/517 516/374/518 517/375/519
f 488/349/490 518/376/520 519/377/521
f 485/346/487 488/349/490 519/377/521
f 520/378/522 521/379/523 522/380/524
f 521/379/523 523/381/525 522/380/524
f 520/378/522 524/382/526 521/379/523
f 520/378/522 525/383/527 524/382/526
f 526/336/528 527/337/529 528/346/530
f 523/381/525 529/384/531 530/385/532
f 531/386/533 524/382/526 525/383/527
f 521/379/523 529/384/531 523/381/525
f 532/387/534 533/388/535 534/350/536
f 528/346/530 535/349/537 526/336/528
f 291/167/295 536/389/538 310/186/314
f 537/390/539 538/391/540 539/392/541
f 540/331/542 532/387/534 541/342/543
f 539/392/541 542/393/544 537/390/539
f 416/289/419 423/296/426 541/342/543
f 543/394/545 544/343/546 527/337/529
f 545/395/547 413/280/416 544/343/546
f 545/395/547 544/343/546 543/394/545
f 423/296/426 546/344/548 541/342/543
f 545/395/547 414/287/417 413/280/416
f 547/396/549 462/324/464 461/323/463
f 548/397/550 549/398/551 547/396/549
f 462/324/464 547/396/549 549/398/551
f 525/383/527 520/378/522 548/397/550
f 550/399/552 551/400/553 523/381/525
f 527/337/529 526/336/528 543/394/545
f 551/400/553 522/380/524 523/381/525
f 523/381/525 530/385/532 550/399/552
f 533/388/535 532/387/534 540/331/542
f 541/342/543 546/344/548 540/331/542
f 551/400/553 550/399/552 552/401/554
f 549/398/551 553/402/555 554/403/556
f 553/402/555 551/400/553 555/404/557
f 552/401/554 556/405/558 555/404/557
f 551/400/553 553/402/555 522/380/524
f 553/402/555 549/398/551 522/380/524
f 555/404/557 551/400/553 552/401/554
f 520/378/522 549/398/551 548/397/550
f 522/380/524 549/398/551 520/378/522
f 557/352/559 558/351/560 559/353/561
f 558/351/560 557/352/559 560/406/562
f 555/404/557 556/405/558 561/407/563
f 561/407/563 536/389/538 555/404/557
f 542/393/544 539/392/541 562/408/564
f 546/344/548 423/296/426 558/351/560
f 563/360/565 564/359/566 565/409/567
f 559/353/561 558/351/560 423/296/426
f 564/359/566 563/360/565 566/362/568
f 567/410/569 462/324/464 554/403/556
f 554/403/556 462/324/464 549/398/551
f 568/364/570 569/365/571 566/362/568
f 563/360/565 568/364/570 566/362/568
f 567/410/569 554/403/556 570/411/572
f 570/411/572 554/403/556 290/166/294
f 553/402/555 290/166/294 554/403/556
f 536/389/538 553/402/555 555/404/557
f 276/152/280 273/149/277 571/412/573
f 572/413/574 393/269/396 573/414/575
f 573/414/575 393/269/396 399/275/402
f 574/415/576 512/370/514 396/272/399
f 270/146/274 268/144/272 575/416/577
f 500/358/502 576/417/578 498/356/500
f 577/418/579 578/419/580 579/420/581
f 248/124/252 500/358/502 268/144/272
f 576/417/578 500/358/502 248/124/252
f 580/421/582 279/155/283 258/134/262
f 536/389/538 291/167/295 553/402/555
f 291/167/295 290/166/294 553/402/555
f 277/153/281 276/152/280 581/422/583
f 246/122/250 272/148/276 576/417/578
f 258/134/262 582/423/584 580/421/582
f 576/417/578 248/124/252 246/122/250
f 583/424/585 584/425/586 585/426/587
f 586/427/588 584/425/586 583/424/585
f 587/428/589 588/429/590 589/430/591
f 578/419/592 587/428/589 589/430/591
f 590/256/593 591/431/594 592/432/595
f 592/432/595 593/433/596 590/256/593
f 594/434/597 591/431/594 590/256/593
f 492/290/494 595/435/598 490/292/492
f 596/436/599 417/290/420 419/292/422
f 597/434/600 380/256/383 598/431/601
f 380/256/383 599/432/602 598/431/601
f 542/393/544 600/437/603 537/390/539
f 601/438/604 537/390/539 600/437/603
f 592/432/595 602/439/605 603/440/606
f 274/150/278 285/161/289 604/441/607
f 605/437/608 586/427/588 583/424/585
f 382/258/385 599/432/602 380/256/383
f 596/436/599 603/440/606 417/290/420
f 593/433/596 592/432/595 603/440/606
f 537/390/539 601/438/604 606/442/609
f 600/437/603 607/443/610 601/438/604
f 596/436/599 593/433/596 603/440/606
f 583/424/585 608/444/611 609/438/612
f 610/443/613 605/437/608 609/438/612
f 591/431/594 602/439/605 592/432/595
f 583/424/585 609/438/612 605/437/608
f 376/252/379 380/256/383 597/434/600
f 595/435/598 382/258/385 611/445/614
f 593/433/596 596/436/599 612/445/615
f 369/245/373 368/244/372 613/446/616
f 614/245/617 615/446/618 616/447/619
f 617/448/620 590/256/593 618/251/621
f 590/256/593 617/448/620 594/434/597
f 616/447/619 619/243/622 614/245/617
f 620/246/623 619/243/622 616/447/619
f 496/354/498 498/356/500 576/417/578
f 599/432/602 621/449/624 622/439/625
f 584/425/586 586/427/588 623/408/626
f 595/435/598 492/290/494 621/449/624
f 622/439/625 598/431/601 599/432/602
f 382/258/385 621/449/624 599/432/602
f 382/258/385 595/435/598 621/449/624
f 624/450/627 625/451/628 626/452/629
f 626/452/629 627/453/630 624/450/627
f 628/454/631 629/455/632 630/456/633
f 631/457/634 632/458/635 633/459/636
f 634/460/637 635/461/638 636/462/639
f 637/463/640 638/464/641 639/465/642
f 638/464/641 637/463/640 640/466/643
f 641/467/644 637/463/640 639/465/642
f 642/468/645 643/469/646 644/470/647
f 645/471/648 646/472/649 647/473/650
f 648/474/651 649/475/652 650/476/653
f 651/477/654 652/478/655 653/479/654
f 654/480/656 655/481/656 656/482/656
f 657/483/657 658/484/658 659/485/659
f 660/486/660 661/487/661 662/488/662
f 663/489/663 664/490/663 665/491/663
f 666/492/664 667/493/665 668/494/666
f 669/495/667 670/496/668 671/497/669
f 672/478/670 673/498/670 674/477/671
f 675/499/672 635/461/638 676/500/673
f 677/501/674 678/502/675 679/503/676
f 680/504/677 681/505/678 682/506/679
f 683/507/680 684/508/681 685/509/682
f 686/510/683 687/511/684 688/512/685
f 631/457/634 689/513/686 690/514/687
f 691/515/688 692/516/689 693/517/690
f 694/518/691 629/455/632 628/454/631
f 695/506/692 696/519/693 697/505/694
f 698/520/695 670/496/668 669/495/667
f 671/497/669 697/505/694 699/521/696
f 700/518/697 645/471/648 701/522/698
f 635/461/638 702/523/699 636/462/639
f 703/524/700 704/525/701 705/526/702
f 706/493/703 707/527/704 708/528/705
f 657/483/657 705/526/702 709/529/706
f 710/530/707 711/531/708 712/532/709
f 713/533/710 714/534/711 715/535/712
f 716/495/713 717/536/714 718/537/715
f 685/509/682 719/487/716 683/507/680
f 720/538/717 721/539/718 722/540/719
f 688/512/685 723/541/720 686/510/683
f 724/542/721 725/543/722 726/544/723
f 727/545/724 629/455/632 694/518/691
f 728/546/725 729/547/726 730/533/727
f 731/548/728 732/549/729 666/492/664
f 733/550/730 734/551/731 735/552/732
f 736/472/733 694/518/691 628/454/631
f 737/553/734 738/554/735 739/555/736
f 740/556/737 741/557/737 742/558/737
f 670/496/668 743/559/633 744/560/738
f 671/497/669 745/537/739 669/495/667
f 746/561/740 728/546/725 747/562/741
f 738/554/735 737/553/734 748/563/742
f 749/564/743 750/460/744 751/462/745
f 700/518/697 646/472/649 645/471/648
f 657/483/657 752/565/746 703/524/700
f 753/566/747 754/567/748 755/568/749
f 756/547/750 757/546/751 713/533/710
f 758/569/752 759/570/753 760/571/754
f 708/528/705 761/572/755 762/548/756
f 763/573/757 762/548/756 764/574/758
f 632/458/635 631/457/634 765/575/759
f 679/503/676 766/576/760 767/577/761
f 766/576/760 679/503/676 768/578/762
f 769/497/763 718/537/715 770/521/764
f 705/526/702 771/579/765 709/529/706
f 638/464/641 772/580/766 773/581/767
f 773/581/767 639/465/642 638/464/641
f 717/536/714 774/520/768 775/582/769
f 776/583/770 777/584/771 778/585/770
f 661/487/661 779/586/772 780/587/773
f 780/587/773 781/588/774 782/589/775
f 783/538/776 784/540/777 785/539/778
f 786/590/779 787/591/780 788/592/781
f 789/593/782 790/594/783 791/595/784
f 792/596/785 793/597/786 794/598/787
f 795/599/788 726/544/723 796/600/789
f 743/559/633 749/564/743 751/462/745
f 689/513/686 797/601/790 798/602/791
f 799/500/792 750/460/744 749/564/743
f 741/557/737 740/556/737 800/603/793
f 801/604/794 802/605/795 691/515/688
f 666/492/664 732/549/729 803/527/796
f 744/560/738 732/549/729 731/548/728
f 667/493/665 803/527/796 804/606/797
f 734/551/731 805/607/798 806/608/799
f 697/505/694 667/493/665 804/606/797
f 671/497/669 668/494/666 697/505/694
f 628/454/631 807/473/800 736/472/733
f 808/609/801 809/482/801 810/480/801
f 811/610/802 806/608/799 739/555/736
f 737/553/734 739/555/736 812/611/803
f 743/559/633 670/496/668 749/564/743
f 698/520/695 749/564/743 670/496/668
f 749/564/743 698/520/695 813/499/804
f 729/547/726 728/546/725 746/561/740
f 669/495/667 814/536/805 698/520/695
f 814/536/805 669/495/667 745/537/739
f 738/554/735 815/612/806 816/613/807
f 697/505/694 696/519/693 699/521/696
f 817/557/808 818/556/809 819/558/809
f 654/480/656 656/482/656 820/609/656
f 674/477/671 821/479/670 672/478/670
f 631/457/634 822/614/810 765/575/759
f 753/566/747 703/524/700 752/565/746
f 755/568/749 703/524/700 753/566/747
f 756/547/750 713/533/710 715/535/712
f 635/461/638 634/460/637 676/500/673
f 771/579/765 705/526/702 823/615/811
f 702/523/699 635/461/638 824/616/812
f 825/617/813 760/571/754 759/570/753
f 761/572/755 764/574/758 762/548/756
f 761/572/755 708/528/705 707/527/704
f 762/548/756 826/618/814 708/528/705
f 730/533/727 827/535/815 828/534/816
f 690/514/687 822/614/810 631/457/634
f 705/526/702 657/483/657 703/524/700
f 829/619/817 830/620/818 831/621/819
f 703/524/700 755/568/749 832/622/820
f 767/577/761 833/531/821 834/623/822
f 835/624/823 637/463/640 641/467/644
f 768/578/762 679/503/676 678/502/675
f 836/519/824 681/505/678 770/521/764
f 639/465/642 837/625/825 641/467/644
f 658/484/658 838/626/826 659/485/659
f 707/527/704 706/493/703 839/606/827
f 681/505/678 680/504/677 840/627/828
f 841/628/829 842/536/714 843/582/830
f 777/584/771 776/583/770 844/629/771
f 639/465/642 773/581/767 845/630/831
f 836/519/824 682/506/679 681/505/678
f 717/536/714 716/495/713 774/520/768
f 704/525/701 846/631/832 705/526/702
f 763/573/757 824/616/812 635/461/638
f 683/507/680 719/487/716 847/586/833
f 848/587/834 847/586/833 719/487/716
f 848/587/834 849/589/835 850/588/836
f 851/632/837 852/633/838 853/634/839
f 785/539/778 854/635/840 783/538/776
f 855/636/841 856/637/842 857/638/843
f 858/639/844 795/599/788 859/640/845
f 860/641/846 859/640/845 861/642/847
f 794/598/787 862/643/848 863/644/849
f 725/543/722 864/645/850 865/646/851
f 864/645/850 725/543/722 866/647/852
f 865/646/851 795/599/788 796/600/789
f 858/639/844 726/544/723 795/599/788
f 867/513/853 868/457/854 869/648/855
f 870/545/856 700/518/697 701/522/698
f 867/513/853 871/649/857 872/602/858
f 873/489/859 874/490/859 875/650/859
f 876/649/860 690/514/687 689/513/686
f 813/499/804 799/500/792 749/564/743
f 818/556/809 817/557/808 877/603/808
f 878/651/861 879/652/862 880/653/861
f 881/654/863 733/550/730 735/552/732
f 882/655/864 691/515/688 802/605/795
f 691/515/688 693/517/690 801/604/794
f 803/527/796 667/493/665 666/492/664
f 668/494/666 731/548/728 666/492/664
f 670/496/668 744/560/738 731/548/728
f 668/494/666 671/497/669 670/496/668
f 734/551/731 883/656/865 735/552/732
f 884/657/866 697/505/694 804/606/797
f 734/551/731 806/608/799 883/656/865
f 812/611/803 806/608/799 805/607/798
f 697/505/694 668/494/666 667/493/665
f 885/504/867 697/505/694 884/657/866
f 816/613/807 811/610/802 738/554/735
f 652/478/655 651/477/654 886/498/655
f 887/481/801 810/480/801 809/482/801
f 697/505/694 885/504/867 695/506/692
f 811/610/802 816/613/807 888/658/868
f 889/659/869 709/529/706 771/579/765
f 806/608/799 812/611/803 739/555/736
f 811/610/802 739/555/736 738/554/735
f 890/660/870 891/198/871 892/197/872
f 893/661/873 894/188/874 895/662/875
f 890/660/870 893/661/873 891/198/871
f 894/188/874 893/661/873 896/663/876
f 897/206/877 898/205/878 899/664/879
f 900/200/880 897/206/877 901/207/881
f 902/665/882 897/206/877 903/666/883
f 904/667/884 891/198/871 893/661/873
f 893/661/873 895/662/875 904/667/884
f 905/191/885 906/192/886 907/668/887
f 903/666/883 897/206/877 899/664/879
f 897/206/877 908/669/888 901/207/881
f 901/207/881 908/669/888 909/210/889
f 910/211/890 911/222/891 901/207/881
f 901/207/881 912/670/892 913/671/893
f 815/612/806 738/554/735 748/563/742
f 900/200/880 901/207/881 913/671/893
f 671/497/669 699/521/696 745/537/739
f 907/668/887 900/200/880 913/671/893
f 890/660/870 914/219/894 915/220/895
f 916/196/896 917/223/897 914/219/894
f 909/210/889 910/211/890 901/207/881
f 893/661/873 890/660/870 896/663/876
f 714/534/711 918/672/898 715/535/712
f 890/660/870 919/214/899 920/215/900
f 919/214/899 890/660/870 921/673/901
f 917/223/897 916/196/896 922/224/902
f 897/206/877 900/200/880 898/205/878
f 729/547/726 827/535/815 730/533/727
f 912/670/892 901/207/881 911/222/891
f 923/202/903 922/224/902 916/196/896
f 900/200/880 907/668/887 906/192/886
f 892/197/872 916/196/896 914/219/894
f 617/448/620 618/251/621 924/674/904
f 925/229/905 924/674/904 618/251/621
f 900/200/880 906/192/886 926/201/906
f 925/229/905 618/251/621 590/256/593
f 924/674/904 925/229/905 927/675/907
f 923/202/903 916/196/896 928/194/908
f 925/229/905 929/676/909 927/675/907
f 930/238/910 900/200/880 926/201/906
f 931/195/911 928/194/908 916/196/896
f 892/197/872 931/195/911 916/196/896
f 929/676/909 925/229/905 932/677/912
f 933/227/913 934/678/914 935/679/915
f 935/679/915 936/225/916 933/227/913
f 937/672/917 828/534/816 827/535/815
f 826/618/814 763/573/757 769/497/763
f 704/525/701 703/524/700 832/622/820
f 938/680/918 939/681/919 940/682/920
f 941/247/921 620/246/623 942/248/922
f 942/248/922 620/246/623 943/683/923
f 930/238/910 898/205/878 900/200/880
f 930/238/910 927/675/907 898/205/878
f 898/205/878 944/684/924 945/685/925
f 944/684/924 898/205/878 927/675/907
f 946/686/926 947/255/927 948/687/928
f 946/686/926 949/253/929 947/255/927
f 616/447/619 943/683/923 620/246/623
f 950/688/930 617/448/620 924/674/904
f 833/531/821 767/577/761 766/576/760
f 711/531/708 710/530/707 834/623/931
f 944/684/924 927/675/907 929/676/909
f 934/678/914 933/227/913 949/253/929
f 639/465/642 951/689/932 837/625/825
f 769/497/763 770/521/764 681/505/678
f 759/570/753 758/569/752 952/690/933
f 952/690/933 758/569/752 772/580/766
f 840/627/828 839/606/827 681/505/678
f 953/242/934 954/262/935 955/691/936
f 954/262/935 956/692/937 957/693/938
f 590/256/593 593/433/596 958/257/939
f 925/229/905 590/256/593 958/257/939
f 844/629/771 959/694/940 960/584/771
f 961/260/941 925/229/905 958/257/939
f 940/682/920 939/681/919 962/695/942
f 961/260/941 958/257/939 956/692/937
f 956/692/937 954/262/935 961/260/941
f 925/229/905 961/260/941 932/677/912
f 932/677/912 961/260/941 963/263/943
f 935/679/915 964/235/944 936/225/916
f 964/235/944 965/236/945 936/225/916
f 951/689/932 639/465/642 845/630/831
f 774/520/768 635/461/638 675/499/672
f 824/616/812 763/573/757 764/574/758
f 640/466/643 772/580/766 638/464/641
f 953/242/934 963/263/943 954/262/935
f 964/235/944 966/239/946 967/237/946
f 850/588/836 847/586/833 848/587/834
f 964/235/944 967/237/946 965/236/945
f 968/696/947 969/240/948 953/242/934
f 968/696/947 970/697/949 971/698/950
f 972/634/951 973/633/952 974/632/953
f 850/588/836 642/468/645 847/586/833
f 970/697/949 953/242/934 955/691/936
f 643/469/646 642/468/645 850/588/836
f 955/691/936 975/699/954 976/700/955
f 977/691/956 978/700/957 979/699/958
f 980/701/959 859/640/845 860/641/846
f 860/641/846 788/592/781 980/701/959
f 981/702/960 856/637/842 855/636/841
f 365/241/369 364/240/368 982/703/961
f 953/242/934 970/697/949 968/696/947
f 899/664/879 898/205/878 945/685/925
f 904/667/884 983/704/962 891/198/871
f 864/645/850 984/705/963 865/646/851
f 724/542/721 866/647/852 725/543/722
f 725/543/722 865/646/851 796/600/789
f 924/674/904 930/238/910 950/688/930
f 726/544/723 725/543/722 796/600/789
f 985/541/964 986/512/965 987/706/966
f 691/515/688 882/655/864 988/707/967
f 871/649/857 867/513/853 869/648/855
f 989/708/968 990/709/969 991/710/970
f 664/490/663 663/489/663 992/711/663
f 993/712/971 994/713/972 995/714/973
f 995/714/973 994/713/972 996/715/974
f 997/601/975 867/513/853 872/602/858
f 689/513/686 798/602/791 876/649/860
f 989/708/968 991/710/970 998/716/976
f 753/566/747 999/717/977 1000/718/978
f 754/567/748 753/566/747 1000/718/978
f 1001/719/979 996/715/974 1002/720/980
f 996/715/974 1003/721/981 1002/720/980
f 996/715/974 1001/719/979 995/714/973
f 1004/722/355 1005/723/982 1006/724/983
f 519/377/521 1007/725/984 485/346/487
f 1006/724/983 1005/723/982 1008/726/985
f 881/654/863 1009/727/986 733/550/730
f 1010/728/987 989/708/968 1011/729/988
f 989/708/968 1010/728/987 1012/730/989
f 1013/731/990 1014/732/991 1015/733/992
f 1016/734/993 1017/735/994 1018/736/995
f 1019/737/996 1020/738/997 1021/739/998
f 1011/729/988 1018/736/995 1010/728/987
f 1018/736/995 1022/740/999 1010/728/987
f 1010/728/987 1022/740/999 1023/741/1000
f 1007/725/984 1024/742/984 485/346/487
f 731/548/728 668/494/666 670/496/668
f 1018/736/995 1025/743/1001 1016/734/993
f 1026/744/1002 990/709/969 989/708/968
f 1025/743/1001 1018/736/995 1027/745/1003
f 989/708/968 1012/730/989 1026/744/1002
f 468/330/470 1028/746/1004 1029/747/1005
f 1030/748/1006 1031/749/1007 1032/750/1008
f 1010/728/987 1023/741/1000 1012/730/989
f 1031/749/1007 1033/751/1009 1034/752/1010
f 1035/753/1011 1031/749/1007 1034/752/1010
f 1036/754/1012 1037/755/1013 1038/750/1008
f 1031/749/1007 1035/753/1011 1039/755/1013
f 806/608/799 811/610/802 883/656/865
f 811/610/802 888/658/868 883/656/865
f 1035/753/1011 1040/756/1014 1039/755/1013
f 1040/756/1014 1035/753/1011 1041/757/1015
f 1042/758/1016 1043/759/1017 1044/712/1018
f 1045/758/1019 993/712/971 1046/759/1020
f 1047/760/1021 1048/761/1022 1049/762/1023
f 1050/760/1024 1051/762/1025 1052/761/1026
f 1047/760/1021 1053/763/1027 1048/761/1022
f 1050/760/1024 1052/761/1026 1054/763/1028
f 1055/764/1029 1042/758/1016 1044/712/1018
f 1056/765/1030 1053/763/1031 1057/760/1032
f 1058/764/1033 993/712/971 1045/758/1019
f 1011/729/988 1027/745/1003 1018/736/995
f 1027/745/1003 1011/729/988 1059/766/1034
f 998/716/976 1060/767/1035 989/708/968
f 1059/766/1034 1011/729/988 1060/767/1035
f 1060/767/1035 1011/729/988 989/708/968
f 1061/765/1036 1062/760/1037 1054/763/1038
f 1061/765/1036 1054/763/1038 1063/768/1039
f 1002/720/980 1064/769/1040 1020/738/997
f 1020/738/997 1064/769/1040 1021/739/998
f 1003/721/981 1064/769/1040 1002/720/980
f 1018/736/995 1017/735/994 1022/740/999
f 1064/769/1040 1065/770/1041 1021/739/998
f 1034/752/1010 1064/769/1040 1003/721/981
f 994/713/972 1066/771/1042 996/715/974
f 1065/770/1041 1064/769/1040 1034/752/1010
f 1034/752/1010 1003/721/981 1035/753/1011
f 1033/751/1009 1065/770/1041 1034/752/1010
f 1067/772/1043 1068/773/1044 1069/774/1045
f 1067/772/1043 1069/774/1045 1070/775/1046
f 1063/768/1039 1068/773/1044 1067/772/1043
f 1071/776/1047 1072/777/1048 1073/778/1049
f 1074/779/1050 1075/780/1051 1076/776/1047
f 1041/757/1015 1077/777/1048 1075/780/1051
f 1078/780/1052 1072/777/1048 1071/776/1047
f 1077/777/1048 1041/757/1015 1066/771/1042
f 1066/771/1042 1041/757/1015 1035/753/1011
f 1003/721/981 996/715/974 1066/771/1042
f 1079/781/1053 1077/777/1048 1066/771/1042
f 1077/777/1048 1079/781/1053 1073/778/1054
f 1079/781/1053 1058/764/1033 1073/778/1054
f 994/713/972 1079/781/1053 1066/771/1042
f 1079/781/1053 994/713/972 993/712/971
f 1079/781/1053 993/712/971 1058/764/1033
f 1066/771/1042 1035/753/1011 1003/721/981
f 1080/782/1055 1081/783/1055 1082/784/1055
f 386/262/389 1083/785/1056 1084/786/1057
f 977/691/956 1083/785/1056 386/262/389
f 1085/787/1058 1084/786/1057 1086/788/1059
f 921/673/901 890/660/870 915/220/895
f 366/242/370 977/691/956 386/262/389
f 385/261/388 386/262/389 1084/786/1057
f 1087/789/1060 1088/790/1061 1089/791/1062
f 914/219/894 890/660/870 892/197/872
f 1090/792/1063 1091/793/1064 1092/794/1065
f 1093/795/1066 1084/786/1057 1085/787/1058
f 1084/786/1057 1093/795/1066 385/261/388
f 1094/796/1067 1091/793/1064 1090/792/1063
f 1091/793/1064 1095/797/1068 1096/798/1069
f 1090/792/1063 1097/799/1070 1094/796/1067
f 1091/793/1064 1094/796/1067 1095/797/1068
f 1098/800/1071 1025/743/1001 1099/801/1072
f 1086/788/1059 1019/737/996 1100/802/1073
f 1016/734/993 1101/803/1074 1102/804/1075
f 752/565/746 657/483/657 659/485/659
f 908/669/888 897/206/877 902/665/882
f 1101/803/1074 1025/743/1001 1098/800/1071
f 1103/805/1076 978/700/957 1104/806/1077
f 1099/801/1072 1025/743/1001 1027/745/1003
f 978/700/957 1105/697/1078 1104/806/1077
f 1106/807/1079 1104/806/1077 1105/697/1078
f 1107/808/1080 970/697/949 976/700/955
f 971/698/950 970/697/949 1107/808/1080
f 1059/766/1034 1099/801/1072 1027/745/1003
f 906/192/886 905/191/885 1108/193/1081
f 1109/809/1082 1110/810/1083 1111/811/1084
f 1112/812/1085 1113/813/1086 1114/814/1087
f 1115/815/1055 1116/816/1055 1117/817/1055
f 1105/697/1078 365/241/369 1106/807/1079
f 1118/818/1088 968/696/947 971/698/950
f 365/241/369 982/703/961 1106/807/1079
f 1105/697/1078 366/242/370 365/241/369
f 1119/680/1089 1095/797/1068 1094/796/1067
f 1120/682/1090 1121/695/1091 1095/797/1068
f 1097/799/1070 1119/680/1089 1094/796/1067
f 1122/819/1092 1119/680/1089 1097/799/1070
f 1097/799/1070 1123/820/1093 1122/819/1092
f 1122/819/1092 1123/820/1093 1124/821/1094
f 1125/822/1095 1122/819/1092 1124/821/1094
f 1083/785/1056 1020/738/997 1084/786/1057
f 1101/803/1074 1016/734/993 1025/743/1001
f 1019/737/996 1086/788/1059 1084/786/1057
f 1020/738/997 1019/737/996 1084/786/1057
f 366/242/370 1105/697/1078 977/691/956
f 978/700/957 977/691/956 1105/697/1078
f 1095/797/1068 1119/680/1089 1120/682/1090
f 1126/823/1096 1127/824/1097 1128/825/1098
f 977/691/956 979/699/958 1001/719/979
f 1129/826/1099 1127/824/1097 1126/823/1096
f 1130/827/1100 1131/695/1101 1132/828/1102
f 1121/695/1091 1120/682/1090 1133/828/1103
f 1119/680/1089 1122/819/1092 1134/829/1104
f 979/699/958 995/714/973 1001/719/979
f 1122/819/1092 1125/822/1095 1134/829/1104
f 1112/812/1085 1135/830/1105 1113/813/1086
f 1114/814/1087 1136/831/1106 1112/812/1085
f 1090/792/1063 1135/830/1105 1112/812/1085
f 1136/831/1106 1097/799/1070 1112/812/1085
f 1112/812/1085 1097/799/1070 1090/792/1063
f 1113/813/1086 1135/830/1105 1008/726/985
f 1008/726/985 1135/830/1105 1006/724/983
f 826/618/814 762/548/756 763/573/757
f 1083/785/1056 977/691/956 1001/719/979
f 1097/799/1070 1136/831/1106 1123/820/1093
f 1137/814/1107 1138/831/1108 1139/832/1109
f 1136/831/1106 1114/814/1087 1140/832/1110
f 1141/833/1111 1142/834/1112 1143/835/1113
f 1144/836/1114 1145/810/1115 1146/837/1116
f 1145/810/1115 1144/836/1114 1147/809/1117
f 1146/837/1116 1148/838/1118 1144/836/1114
f 1149/837/1119 1150/836/1120 1151/838/1121
f 1152/374/1122 1153/839/1123 1154/840/1124
f 1155/841/1117 1147/809/1117 1144/836/1114
f 1150/836/1120 1149/837/1119 1110/810/1083
f 1150/836/1120 1110/810/1083 1109/809/1082
f 515/373/517 1156/842/1125 516/374/518
f 1157/843/1126 1156/842/1125 515/373/517
f 1156/842/1125 1157/843/1126 1158/835/1127
f 516/374/518 1156/842/1125 1159/839/1128
f 1150/836/1120 1109/809/1082 1160/841/1129
f 1161/844/1130 1162/845/1131 1163/846/1132
f 1069/774/1045 1161/844/1130 1163/846/1132
f 1070/775/1046 1163/846/1132 1164/847/1133
f 1068/773/1044 1161/844/1130 1069/774/1045
f 1163/846/1132 1070/775/1046 1069/774/1045
f 1162/845/1131 1165/848/1134 1166/849/1135
f 1161/844/1130 1165/848/1134 1162/845/1131
f 1165/848/1134 1161/844/1130 1167/850/1136
f 1168/844/1137 1169/848/1138 1170/850/1139
f 927/675/907 930/238/910 924/674/904
f 946/686/926 934/678/914 949/253/929
f 1168/844/1137 1171/773/1140 1172/851/1141
f 1054/763/1038 1167/850/1136 1068/773/1044
f 1171/773/1140 1170/850/1139 1053/763/1031
f 1173/852/1142 1164/847/1133 1174/853/1143
f 1174/853/1143 981/702/1144 1173/852/1142
f 1173/852/1142 981/702/1144 1175/854/1145
f 987/706/966 1176/855/1146 985/541/964
f 1177/856/1147 686/510/683 723/541/720
f 1178/541/720 1179/857/1148 1180/856/1147
f 1179/857/1148 1178/541/720 1181/855/1146
f 1070/775/1046 1164/847/1133 1173/852/1142
f 1182/858/1149 1183/859/1150 1184/860/1151
f 1185/861/1152 1182/858/1149 1184/860/1151
f 1186/860/1151 1187/862/1153 1188/861/1154
f 1187/862/1153 1186/860/1151 1189/863/1155
f 1183/859/1150 686/510/683 1177/856/1147
f 1184/860/1151 1183/859/1150 1177/856/1147
f 1190/856/1147 1189/863/1155 1186/860/1151
f 1189/863/1155 1190/856/1147 1191/857/1148
f 1191/857/1148 1192/834/1156 1189/863/1155
f 1187/862/1153 1189/863/1155 1158/835/1157
f 1158/835/1157 1189/863/1155 1192/834/1156
f 1193/856/1158 1194/863/1159 1195/857/1160
f 1196/864/1161 1157/843/1126 1015/733/992
f 1142/834/1112 1195/857/1160 1194/863/1159
f 1143/835/1113 1142/834/1112 1194/863/1159
f 1176/855/1146 987/706/966 1197/865/1162
f 1197/865/1162 1198/866/1163 1176/855/1146
f 1199/867/1164 1200/866/1165 1201/865/1166
f 1200/866/1165 1199/867/1164 1202/868/1167
f 1179/857/1148 1181/855/1146 1203/866/1163
f 1203/866/1163 1204/869/1168 1179/857/1148
f 1150/836/1120 1205/870/1169 1206/871/1170
f 1202/868/1167 1204/869/1168 1200/866/1165
f 1192/834/1156 1207/872/1171 1158/835/1157
f 1142/834/1112 1141/833/1111 1208/839/1123
f 1153/839/1123 1209/869/1172 1210/834/1173
f 1015/733/992 1014/732/991 1196/864/1161
f 1195/857/1160 1142/834/1112 1209/869/1174
f 1038/750/1008 1037/755/1013 1211/873/1175
f 1157/843/1126 1196/864/1161 1158/835/1127
f 1158/835/1127 1196/864/1161 1212/862/1176
f 823/615/811 705/526/702 846/631/832
f 1213/874/1177 1214/562/1178 757/546/751
f 718/537/715 769/497/763 716/495/713
f 635/461/638 774/520/768 763/573/757
f 681/505/678 706/493/703 826/618/814
f 1215/875/1179 829/619/817 831/621/819
f 1216/868/1180 1217/866/1181 1209/869/1172
f 1192/834/1156 1191/857/1148 1204/869/1168
f 1209/869/1174 1218/866/1182 1219/857/1183
f 1220/756/1014 1221/876/1184 1222/877/1185
f 1223/779/1186 1221/876/1184 1220/756/1014
f 1224/878/1187 1225/871/1188 1144/836/1114
f 1150/836/1120 1206/871/1170 1226/878/1189
f 1144/836/1114 1225/871/1188 1227/870/1190
f 1222/877/1185 1037/755/1013 1220/756/1014
f 1228/867/1191 1217/866/1181 1216/868/1180
f 1192/834/1156 1229/839/1128 1207/872/1171
f 1160/841/1129 1205/870/1169 1150/836/1120
f 1204/869/1168 1159/839/1128 1230/834/1156
f 1159/839/1128 1204/869/1168 1202/868/1167
f 1063/768/1039 1054/763/1038 1068/773/1044
f 1053/763/1031 1231/879/1192 1171/773/1140
f 1232/812/1193 1233/792/1194 1234/880/1195
f 1234/880/1195 1138/831/1108 1232/812/1193
f 1233/792/1194 1232/812/1193 1235/830/1196
f 1138/831/1108 1137/814/1107 1232/812/1193
f 1232/812/1193 1236/813/1197 1235/830/1196
f 1044/712/1018 1237/714/1198 1238/713/1199
f 1239/720/1200 1240/738/1201 1241/769/1202
f 1240/738/1201 1242/739/1203 1241/769/1202
f 1138/831/1108 1234/880/1195 1243/820/1204
f 1244/881/1205 1245/766/1206 1246/745/1207
f 955/691/936 976/700/955 970/697/949
f 1247/882/1208 1124/821/1094 1123/820/1093
f 611/445/614 382/258/385 1248/883/1209
f 1249/767/1210 1250/729/1211 1245/766/1206
f 1249/767/1210 1251/884/1212 1250/729/1211
f 1238/713/1199 1237/714/1198 1252/715/1213
f 1252/715/1213 1237/714/1198 1253/719/1214
f 1254/721/1215 1252/715/1213 1239/720/1200
f 1253/719/1214 1239/720/1200 1252/715/1213
f 1239/720/1200 1253/719/1214 1255/785/1216
f 1239/720/1200 1255/785/1216 1240/738/1201
f 1256/819/1217 938/680/918 1257/829/1218
f 1258/822/1219 1256/819/1217 1257/829/1218
f 1259/823/1220 1260/825/1221 1261/824/1222
f 1262/826/1223 1259/823/1220 1261/824/1222
f 940/682/920 962/695/942 1263/828/1224
f 1250/729/1211 1246/745/1207 1245/766/1206
f 938/680/918 1256/819/1217 1234/880/1195
f 1234/880/1195 1264/796/1225 938/680/918
f 939/681/919 938/680/918 1264/796/1225
f 1265/885/1226 1266/828/1227 1267/695/942
f 1246/745/1207 1250/729/1211 1268/736/1228
f 1255/785/1216 957/693/938 1240/738/1201
f 1268/736/1228 1269/743/1229 1246/745/1207
f 930/238/910 926/201/906 950/688/930
f 1270/734/1230 1271/803/1231 1269/743/1229
f 988/707/967 1272/886/1232 691/515/688
f 1273/887/1233 1274/737/1234 957/693/938
f 1269/743/1229 1268/736/1228 1270/734/1230
f 1271/803/1231 1270/734/1230 1275/804/1235
f 1274/737/1234 1273/887/1233 1276/802/1236
f 1274/737/1234 1240/738/1201 957/693/938
f 1256/819/1217 1258/822/1219 1277/888/1237
f 1243/820/1204 1234/880/1195 1256/819/1217
f 1243/820/1204 1256/819/1217 1277/888/1237
f 1253/719/1214 1237/714/1198 975/699/954
f 1254/721/1215 1239/720/1200 1241/769/1202
f 1271/803/1231 1278/800/1238 1269/743/1229
f 1244/881/1205 1269/743/1229 1278/800/1238
f 1244/881/1205 1246/745/1207 1269/743/1229
f 954/262/935 957/693/938 1255/785/1216
f 954/262/935 1255/785/1216 955/691/936
f 1279/787/1239 1273/887/1233 957/693/938
f 874/490/859 873/489/859 1280/491/859
f 1083/785/1056 1002/720/980 1020/738/997
f 1002/720/980 1083/785/1056 1001/719/979
f 1281/889/1240 1233/792/1194 1282/794/1241
f 955/691/936 1253/719/1214 975/699/954
f 955/691/936 1255/785/1216 1253/719/1214
f 1232/812/1193 1137/814/1107 1236/813/1197
f 1147/809/1117 1283/811/1242 1145/810/1115
f 1284/735/1243 1270/734/1230 1268/736/1228
f 1274/737/1234 1242/739/1203 1240/738/1201
f 1264/796/1225 1281/889/1240 939/681/919
f 1234/880/1195 1233/792/1194 1264/796/1225
f 1281/889/1240 1264/796/1225 1233/792/1194
f 1281/889/1240 1285/798/1244 939/681/919
f 612/445/615 1286/883/1245 593/433/596
f 1287/882/1246 1243/820/1204 1277/888/1237
f 957/693/938 1288/795/1247 1279/787/1239
f 489/350/491 1028/746/1004 468/330/470
f 1288/795/1247 957/693/938 956/692/937
f 1289/710/1248 1251/884/1212 1290/716/1249
f 1291/890/913 1292/724/1250 1293/723/1251
f 1236/813/1197 1294/726/1252 1235/830/1196
f 1295/377/1253 528/346/530 1296/725/1254
f 1297/780/1255 1298/756/1256 1299/779/1257
f 1300/891/1258 1301/756/1259 1302/876/1260
f 1293/723/1251 1292/724/1250 1294/726/1252
f 533/388/535 1303/746/1261 534/350/536
f 1301/756/1259 1304/877/1262 1302/876/1260
f 1305/755/1263 1304/877/1262 1301/756/1259
f 1298/756/1256 1297/780/1255 1306/757/1264
f 1298/756/1256 1306/757/1264 1307/753/1265
f 1305/755/1263 1308/754/1266 1309/750/1267
f 1310/728/1268 1311/730/1269 1312/741/1270
f 1313/752/1271 1314/751/1272 1315/749/1273
f 1315/749/1273 1307/753/1265 1313/752/1271
f 1298/756/1256 1307/753/1265 1316/755/1263
f 1307/753/1265 1315/749/1273 1316/755/1263
f 1024/742/984 1007/725/984 1317/892/984
f 1318/709/1274 1319/744/1275 1251/884/1212
f 1311/730/1269 1251/884/1212 1319/744/1275
f 1320/892/1254 1296/725/1254 1321/742/1254
f 528/346/530 1321/742/1254 1296/725/1254
f 1304/877/1262 1305/755/1263 1322/893/1276
f 1323/873/1277 1322/893/1276 1305/755/1263
f 1143/835/1113 1324/862/1278 1325/864/1279
f 1326/748/1280 1327/750/1281 1315/749/1282
f 533/388/535 1328/747/1283 1303/746/1261
f 1309/750/1267 1323/873/1277 1305/755/1263
f 1235/830/1196 1294/726/1252 1292/724/1250
f 1251/884/1212 1311/730/1269 1310/728/1268
f 1329/732/1284 1330/894/1285 1331/733/1286
f 1332/859/1287 1333/895/1288 1334/860/1289
f 1335/861/1290 1334/860/1289 1333/895/1288
f 1331/733/1286 1325/864/1279 1329/732/1284
f 1325/864/1279 1336/843/1291 1143/835/1113
f 1334/860/1289 1337/856/1158 1332/859/1287
f 1194/863/1159 1193/856/1158 1338/860/1289
f 1310/728/1268 1312/741/1270 1339/740/1292
f 1268/736/1228 1310/728/1268 1339/740/1292
f 1310/728/1268 1268/736/1228 1250/729/1211
f 1075/780/1051 1040/756/1014 1041/757/1015
f 1318/709/1274 1251/884/1212 1289/710/1248
f 1040/756/1014 1075/780/1051 1074/779/1050
f 1340/896/1293 1152/374/1122 1154/840/1124
f 1154/840/1124 1336/843/1291 1340/896/1293
f 1336/843/1291 1154/840/1124 1143/835/1113
f 1251/884/1212 1310/728/1268 1250/729/1211
f 535/349/537 1295/377/1253 1341/376/1294
f 535/349/537 528/346/530 1295/377/1253
f 1342/862/1278 1338/860/1289 1343/861/1295
f 1344/375/1296 1152/374/1122 1340/896/1293
f 521/379/523 1345/897/1297 529/384/531
f 521/379/523 524/382/526 1345/897/1297
f 1338/860/1289 1342/862/1278 1194/863/1159
f 1336/843/1291 1325/864/1279 1331/733/1286
f 1342/862/1278 1143/835/1113 1194/863/1159
f 1313/752/1271 1254/721/1215 1241/769/1202
f 1346/771/1298 1238/713/1199 1252/715/1213
f 1254/721/1215 1313/752/1271 1307/753/1265
f 1347/772/1299 1172/851/1141 1171/773/1140
f 1241/769/1202 1348/770/1300 1313/752/1271
f 1171/773/1140 1231/879/1192 1347/772/1299
f 1053/763/1031 1056/765/1030 1231/879/1192
f 1349/898/1301 1172/851/1141 1347/772/1299
f 1350/776/1302 1351/778/1303 1352/777/1304
f 1299/779/1257 1353/776/1302 1297/780/1255
f 1354/780/1305 1350/776/1302 1352/777/1304
f 1355/777/1306 1306/757/1264 1297/780/1255
f 1355/777/1306 1356/781/1307 1346/771/1298
f 1356/781/1307 1355/777/1306 1351/778/1308
f 1356/781/1307 1351/778/1308 1055/764/1029
f 1356/781/1307 1044/712/1018 1238/713/1199
f 1238/713/1199 1346/771/1298 1356/781/1307
f 1044/712/1018 1356/781/1307 1055/764/1029
f 1290/716/1249 1251/884/1212 1249/767/1210
f 1348/770/1300 1314/751/1272 1313/752/1271
f 1348/770/1300 1241/769/1202 1242/739/1203
f 1268/736/1228 1339/740/1292 1284/735/1243
f 1355/777/1306 1346/771/1298 1306/757/1264
f 1346/771/1298 1307/753/1265 1306/757/1264
f 1252/715/1213 1254/721/1215 1346/771/1298
f 1307/753/1265 1346/771/1298 1254/721/1215
f 1357/899/1309 1358/900/1310 1359/901/1311
f 1360/902/1312 1357/899/1309 1359/901/1311
f 1359/901/1311 1358/900/1310 1361/903/1313
f 1362/904/1314 1363/905/1315 1364/906/1316
f 1365/907/1317 1366/908/1318 1359/901/1311
f 1366/908/1318 1360/902/1312 1359/901/1311
f 1367/909/1319 1368/910/1320 1364/906/1316
f 1369/911/1321 1360/902/1312 1366/908/1318
f 1370/912/1322 1358/900/1310 1357/899/1309
f 1357/899/1309 1360/902/1312 1370/912/1322
f 1360/902/1312 1371/913/1323 1370/912/1322
f 1358/900/1310 1370/912/1322 1372/914/1324
f 1373/915/1325 1367/909/1319 1363/905/1315
f 1367/909/1319 1373/915/1325 1374/916/1326
f 1367/909/1319 1364/906/1316 1363/905/1315
f 1375/917/1327 1374/916/1326 1373/915/1325
f 1370/912/1322 1376/918/1328 1372/914/1324
f 1377/919/1329 1370/912/1322 1371/913/1323
f 1376/918/1328 1370/912/1322 1377/919/1329
f 1374/916/1326 1375/917/1327 1378/920/1330
f 1372/914/1324 1376/918/1328 1379/921/1331
f 1380/922/1332 1360/902/1312 1369/911/1321
f 1371/913/1323 1360/902/1312 1380/922/1332
f 1367/909/1319 1374/916/1326 1381/923/1333
f 1374/916/1326 1382/924/1334 1381/923/1333
f 1377/919/1329 1371/913/1323 1383/925/1335
f 1382/924/1334 1374/916/1326 1378/920/1330
f 1365/907/1317 1359/901/1311 1361/903/1313
f 1361/903/1313 1384/926/1336 1365/907/1317
f 1365/907/1317 1385/927/1337 1366/908/1318
f 1364/906/1316 1368/910/1320 1362/904/1314
f 1386/928/1338 1362/904/1314 1368/910/1320
f 1366/908/1318 1385/927/1337 1369/911/1321
f 1384/926/1336 1361/903/1313 1387/929/1339
f 1385/927/1337 1365/907/1317 1384/926/1336
f 1388/930/1340 1389/931/1341 1390/932/1342
f 1391/933/1343 1369/911/1321 1385/927/1337
f 1368/910/1320 1392/934/1344 1386/928/1338
f 1389/931/1341 1388/930/1340 1393/935/1340
f 1394/936/1345 1378/920/1330 1375/917/1327
f 1379/921/1331 1395/937/1346 1396/938/1347
f 1396/938/1347 1395/937/1346 1397/939/1348
f 1398/940/1349 1382/924/1334 1378/920/1330
f 1399/941/1350 1383/925/1335 1400/942/1351
f 1394/936/1345 1401/943/1352 1378/920/1330
f 1398/940/1349 1378/920/1330 1401/943/1352
f 1402/944/1353 1399/941/1350 1400/942/1351
f 1403/945/1354 1404/946/1355 1405/947/1356
f 1406/948/1357 1407/949/1358 1408/950/1359
f 1409/951/1360 1410/952/1361 1411/953/1362
f 1408/950/1359 1412/954/1363 1406/948/1357
f 1413/955/1364 1414/956/1365 1415/957/1366
f 1416/958/1367 1414/956/1365 1413/955/1364
f 1414/956/1365 1416/958/1367 1417/959/1368
f 1417/959/1368 1418/960/1369 1414/956/1365
f 1418/960/1369 1415/957/1366 1414/956/1365
f 1419/961/1370 1418/960/1369 1417/959/1368
f 1420/962/1371 1417/959/1368 1416/958/1367
f 1421/963/1372 1417/959/1368 1420/962/1371
f 1402/944/1353 1415/957/1366 1418/960/1369
f 1419/961/1370 1402/944/1353 1418/960/1369
f 1419/961/1370 1417/959/1368 1421/963/1372
f 1415/957/1366 1422/964/1373 1413/955/1364
f 1423/965/1374 1424/966/1375 1425/967/1376
f 1425/967/1376 1401/943/1352 1426/968/1377
f 1427/969/1378 1422/964/1373 1415/957/1366
f 1425/967/1376 1424/966/1375 1401/943/1352
f 1428/970/1379 1421/963/1372 1420/962/1371
f 1403/945/1354 1429/971/1380 1404/946/1355
f 1404/946/1355 1429/971/1380 1430/972/1381
f 1431/973/1382 1429/971/1380 1403/945/1354
f 1430/972/1381 1432/974/1383 1404/946/1355
f 1433/975/1384 1434/976/1385 1435/977/1386
f 1435/977/1386 1436/978/1387 1431/973/1382
f 1429/971/1380 1431/973/1382 1436/978/1387
f 1437/979/1388 1438/980/1389 1439/981/1390
f 1440/982/1391 1438/980/1389 1437/979/1388
f 1434/976/1385 1441/983/1392 1442/984/1393
f 1421/963/1372 1428/970/1379 1443/985/1394
f 1426/968/1377 1401/943/1352 1444/986/1395
f 1435/977/1386 1434/976/1385 1436/978/1387
f 1445/987/1396 1446/988/1397 1447/989/1398
f 1447/989/1398 1446/988/1397 1448/990/1399
f 1395/937/1346 1379/921/1331 1376/918/1328
f 1376/918/1328 1449/991/1400 1395/937/1346
f 1447/989/1398 1450/992/1401 1445/987/1396
f 1377/919/1329 1449/991/1400 1376/918/1328
f 1377/919/1329 1383/925/1335 1399/941/1350
f 1449/991/1400 1377/919/1329 1399/941/1350
f 1449/991/1400 1397/939/1348 1395/937/1346
f 1397/939/1348 1449/991/1400 1419/961/1370
f 1402/944/1353 1449/991/1400 1399/941/1350
f 1419/961/1370 1449/991/1400 1402/944/1353
f 1441/983/1392 1434/976/1385 1433/975/1384
f 1401/943/1352 1394/936/1345 1444/986/1395
f 1451/993/1402 1450/992/1401 1447/989/1398
f 1397/939/1348 1443/985/1394 1396/938/1347
f 1452/994/1403 1453/995/1404 1410/952/1361
f 1454/996/1405 1455/997/1406 1410/952/1361
f 1410/952/1361 1453/995/1404 1454/996/1405
f 1456/998/1407 1457/999/1408 1458/1000/1409
f 1456/998/1407 1459/1001/1410 1460/1002/1411
f 1461/1003/1412 1462/1004/1413 1463/1005/1414
f 1464/1006/1415 1465/1007/1416 1463/1005/1414
f 1465/1007/1416 1461/1003/1412 1463/1005/1414
f 1421/963/1372 1397/939/1348 1419/961/1370
f 1443/985/1394 1397/939/1348 1421/963/1372
f 1401/943/1352 1424/966/1375 1398/940/1349
f 1402/944/1353 1400/942/1351 1427/969/1378
f 1427/969/1378 1415/957/1366 1402/944/1353
f 1412/954/1363 1459/1001/1410 1456/998/1407
f 1411/953/1362 1410/952/1361 1455/997/1406
f 1459/1001/1410 1412/954/1363 1408/950/1359
f 1447/989/1398 1448/990/1399 1457/999/1408
f 1412/954/1363 1456/998/1407 1458/1000/1409
f 1448/990/1399 1458/1000/1409 1457/999/1408
f 1466/1008/1417 1467/1009/1418 1468/1010/1419
f 1469/1011/1420 1470/1012/1421 1471/1013/1422
f 1467/1009/1418 1466/1008/1417 1472/1014/1423
f 1470/1012/1421 1469/1011/1420 1473/1015/1424
f 1474/1016/1425 1475/1017/1426 1476/1018/1427
f 1477/1019/1428 1478/1020/1429 1479/1021/1430
f 1478/1020/1429 1480/1022/1431 1481/1023/1432
f 1482/1024/1433 1483/1025/1434 1479/1021/1430
f 1479/1021/1430 1484/1026/1435 1477/1019/1428
f 1480/1022/1431 1478/1020/1429 1477/1019/1428
f 1485/1027/1436 1486/1028/1437 1487/1029/1438
f 1483/1025/1434 1482/1024/1433 1488/1030/1439
f 1485/1027/1436 1488/1030/1439 1489/1031/1440
f 1484/1026/1435 1479/1021/1430 1483/1025/1434
f 1490/1032/1441 1487/1029/1438 1486/1028/1437
f 1486/1028/1437 1485/1027/1436 1489/1031/1440
f 1489/1031/1440 1488/1030/1439 1482/1024/1433
f 1477/1019/1428 1491/1033/1442 1480/1022/1431
f 1491/1033/1442 1477/1019/1428 1484/1026/1435
f 1484/1026/1435 1483/1025/1434 1491/1033/1442
f 1483/1025/1434 1492/1034/1443 1491/1033/1442
f 1491/1033/1442 1493/1035/1444 1480/1022/1431
f 1494/1036/1445 1485/1027/1436 1487/1029/1438
f 1485/1027/1436 1494/1036/1445 1495/1037/1446
f 1496/1038/1447 1497/1039/1448 1498/1040/1449
f 1482/1024/1433 1497/1039/1448 1489/1031/1440
f 1499/1041/1450 1489/1031/1440 1497/1039/1448
f 1486/1028/1437 1489/1031/1440 1499/1041/1450
f 1499/1041/1450 1490/1032/1441 1486/1028/1437
f 1499/1041/1450 1500/1042/1451 1490/1032/1441
f 1501/1043/1452 1468/1010/1419 1502/1044/1453
f 1503/1045/1454 1471/1013/1422 1470/1012/1421
f 1468/1010/1419 1501/1043/1452 1466/1008/1417
f 1474/1016/1425 1504/1046/1455 1475/1017/1426
f 1505/1047/1456 1506/1048/1457 1507/1049/1458
f 1482/1024/1433 1479/1021/1430 1508/1050/1459
f 1508/1050/1459 1498/1040/1449 1482/1024/1433
f 1478/1020/1429 1508/1050/1459 1479/1021/1430
f 1478/1020/1429 1481/1023/1432 1509/1051/1460
f 1497/1039/1448 1482/1024/1433 1498/1040/1449
f 1510/1052/1461 1508/1050/1459 1478/1020/1429
f 1498/1040/1449 1508/1050/1459 1510/1052/1461
f 1510/1052/1461 1478/1020/1429 1511/1053/1462
f 1511/1053/1462 1478/1020/1429 1509/1051/1460
f 1512/1054/1463 1507/1049/1458 1506/1048/1457
f 1475/1017/1426 1504/1046/1455 1513/1055/1464
f 1514/1056/1465 1513/1055/1464 1504/1046/1455
f 1507/1049/1458 1512/1054/1463 1515/1057/1466
f 1497/1039/1448 1516/1058/1467 1499/1041/1450
f 1500/1042/1451 1499/1041/1450 1516/1058/1467
f 1516/1058/1467 1497/1039/1448 1517/1059/1468
f 1516/1058/1467 1518/1060/1469 1500/1042/1451
f 1510/1052/1461 1496/1038/1447 1498/1040/1449
f 1519/1061/1470 1510/1052/1461 1511/1053/1462
f 1511/1053/1462 1509/1051/1460 1520/1062/1471
f 1521/1063/1472 1522/1064/1473 1493/1035/1444
f 1492/1034/1443 1483/1025/1434 1488/1030/1439
f 1485/1027/1436 1523/1065/1474 1488/1030/1439
f 1523/1065/1474 1485/1027/1436 1495/1037/1446
f 1523/1065/1474 1492/1034/1443 1488/1030/1439
f 1493/1035/1444 1491/1033/1442 1521/1063/1472
f 1492/1034/1443 1521/1063/1472 1491/1033/1442
f 1521/1063/1472 1492/1034/1443 1523/1065/1474
f 1493/1035/1444 1522/1064/1473 1524/1066/1475
f 1525/1067/1476 1526/1068/1477 1527/1069/1478
f 1522/1064/1473 1521/1063/1472 1523/1065/1474
f 1450/992/1401 1528/1070/1479 1445/987/1396
f 1445/987/1396 1529/1071/1480 1530/1072/1481
f 1529/1071/1480 1445/987/1396 1528/1070/1479
f 1531/1073/1482 1423/965/1374 1425/967/1376
f 1423/965/1374 1531/1073/1482 1532/1074/1483
f 1406/948/1357 1530/1072/1481 1533/1075/1484
f 1534/1076/1485 1407/949/1358 1406/948/1357
f 1534/1076/1485 1406/948/1357 1533/1075/1484
f 1533/1075/1484 1530/1072/1481 1529/1071/1480
f 1529/1071/1480 1535/1077/1486 1533/1075/1484
f 1536/1078/1487 1537/1079/1488 1538/1080/1489
f 1539/1081/1490 1428/970/1379 1420/962/1371
f 1540/1082/1491 1541/1083/1492 1536/1078/1487
f 1416/958/1367 1539/1081/1490 1420/962/1371
f 1517/1059/1468 1497/1039/1448 1496/1038/1447
f 1542/1084/1493 1413/955/1364 1422/964/1373
f 1542/1084/1493 1543/1085/1494 1413/955/1364
f 1519/1061/1470 1544/1086/1495 1496/1038/1447
f 1545/1087/1496 1407/949/1358 1534/1076/1485
f 1546/1088/1497 1547/1089/1498 1538/1080/1489
f 1547/1089/1498 1548/1090/1499 1549/1091/1500
f 1550/1092/1501 1551/1093/1502 1552/1094/1503
f 1551/1093/1502 1550/1092/1501 1549/1091/1500
f 1553/1095/1504 1554/1096/1505 1543/1085/1494
f 1555/1097/1506 1516/1058/1467 1517/1059/1468
f 1555/1097/1506 1518/1060/1469 1516/1058/1467
f 1496/1038/1447 1510/1052/1461 1519/1061/1470
f 1518/1060/1469 1555/1097/1506 1556/1098/1507
f 1511/1053/1462 1544/1086/1495 1519/1061/1470
f 1520/1062/1471 1557/1099/1508 1511/1053/1462
f 1544/1086/1495 1511/1053/1462 1557/1099/1508
f 1557/1099/1508 1520/1062/1471 1558/1100/1509
f 1538/1080/1489 1537/1079/1488 1546/1088/1497
f 1559/1101/1510 1560/1102/1511 1561/1103/1511
f 1560/1102/1511 1559/1101/1510 1562/1104/1512
f 1563/1105/1513 1564/1106/1514 1562/1104/1515
f 1537/1079/1488 1536/1078/1487 1541/1083/1492
f 1565/1107/1516 1552/1094/1503 1551/1093/1502
f 1543/1085/1494 1416/958/1367 1413/955/1364
f 1548/1090/1499 1547/1089/1498 1546/1088/1497
f 1551/1093/1502 1549/1091/1500 1548/1090/1499
f 1554/1096/1505 1416/958/1367 1543/1085/1494
f 1539/1081/1490 1416/958/1367 1554/1096/1505
f 1566/1108/1517 1567/1109/1518 1568/1110/1519
f 1568/1110/1519 1567/1109/1518 1569/1111/1520
f 1569/1111/1520 1567/1109/1518 1570/1112/1521
f 1571/1113/1522 1569/1111/1520 1570/1112/1521
f 1569/1111/1520 1572/1114/1523 1568/1110/1519
f 1573/1115/1524 1572/1114/1523 1574/1116/1525
f 1574/1116/1525 1572/1114/1523 1569/1111/1520
f 1567/1109/1518 1566/1108/1517 1575/1117/1526
f 1576/1118/1527 1575/1117/1526 1566/1108/1517
f 1575/1117/1526 1576/1118/1527 1577/1119/1528
f 1577/1119/1528 1578/1120/1529 1575/1117/1526
f 1567/1109/1518 1575/1117/1526 1570/1112/1521
f 1579/1121/1530 1580/1122/1531 1581/1123/1532
f 1582/1124/1533 1583/1125/1534 1584/1126/1535
f 1585/1127/1536 1586/1124/1537 1584/1126/1538
f 1575/1117/1526 1587/1128/1539 1588/1123/1540
f 1068/773/1044 1167/850/1136 1161/844/1130
f 1170/850/1139 1171/773/1140 1168/844/1137
f 1589/1129/1541 1590/1130/1542 1591/1131/1543
f 1578/1120/1529 1592/1132/1544 1593/1133/1545
f 1594/1134/1546 1595/1135/1547 1589/1129/1541
f 1593/1133/1545 1592/1132/1544 1596/1136/1548
f 1585/1127/1536 1597/1137/1549 1586/1124/1537
f 1571/1113/1522 1598/1138/1550 1569/1111/1520
f 1598/1138/1550 1571/1113/1522 1599/1137/1549
f 1569/1111/1520 1598/1138/1550 1574/1116/1525
f 1599/1137/1549 1600/1139/1551 1598/1138/1550
f 1598/1138/1550 1600/1139/1551 1574/1116/1525
f 1574/1116/1525 1600/1139/1551 1601/1140/1552
f 1601/1140/1552 1600/1139/1551 1602/1141/1553
f 1597/1137/1549 1585/1127/1536 1603/1142/1554
f 1604/1143/1555 1605/1137/1556 1603/1142/1557
f 1606/1144/1558 1607/1145/1559 1608/1146/1560
f 1603/1142/1557 1609/1146/1560 1604/1143/1555
f 1610/1147/1561 1611/1148/1562 1612/1149/1563
f 1613/1150/1564 1614/1148/1565 1615/1135/1547
f 1614/1148/1565 1613/1150/1564 1616/1151/1566
f 1617/1152/1567 1593/1133/1545 1596/1136/1548
f 1611/1148/1562 1618/1151/1568 1612/1149/1563
f 1619/1153/1569 1617/1152/1567 1596/1136/1548
f 1620/1154/1570 1621/1155/1571 1622/1156/1572
f 1623/1157/1573 1622/1156/1572 1621/1155/1571
f 1624/1158/1574 1625/1159/1575 1626/1160/1576
f 1627/1161/1577 1626/1160/1576 1625/1159/1575
f 1628/1162/1578 1629/1163/1579 1630/1164/1580
f 1631/1165/1581 1632/1166/1582 1633/1167/1583
f 1634/1168/1584 1635/1169/1585 1636/1170/1586
f 1633/1167/1583 1632/1166/1582 1637/1171/1587
f 1638/1172/1588 1635/1169/1585 1634/1168/1584
f 1639/1173/1589 1640/1174/1590 1641/1175/1591
f 1642/1176/1592 1643/1177/1593 1644/1178/1594
f 1640/1174/1590 1645/1179/1595 1641/1175/1591
f 1646/1180/1596 1642/1176/1592 1644/1178/1594
f 1627/1161/1577 1647/1181/1597 1626/1160/1576
f 1648/1182/1598 1620/1154/1570 1649/1183/1599
f 1650/1184/1600 1647/1181/1597 1627/1161/1577
f 1623/1157/1573 1651/1185/1601 1622/1156/1572
f 1620/1154/1570 1622/1156/1572 1652/1186/1602
f 1620/1154/1570 1653/1187/1603 1649/1183/1599
f 1653/1187/1603 1620/1154/1570 1652/1186/1602
f 1654/1188/1604 1655/1189/1605 1647/1181/1597
f 1656/1190/1606 1647/1181/1597 1655/1189/1605
f 1657/1191/1607 1652/1186/1602 1622/1156/1572
f 1658/1192/1608 1653/1187/1603 1652/1186/1602
f 1653/1187/1603 1658/1192/1608 1659/1193/1609
f 1652/1186/1602 1657/1191/1607 1658/1192/1608
f 1622/1156/1572 1651/1185/1601 1660/1194/1610
f 1657/1191/1607 1622/1156/1572 1660/1194/1610
f 1661/1195/1611 1662/1196/1612 1663/1197/1613
f 1664/1198/1614 1665/1199/1615 1666/1200/1616
f 1667/1201/1617 1668/1202/1618 1669/1203/1619
f 1670/1204/1620 1671/1205/1621 1672/1206/1622
f 1673/1198/1623 1674/1207/1624 1675/1208/1625
f 1664/1198/1614 1676/1209/1626 1677/1210/1627
f 1678/1211/1628 1679/1212/1629 1680/1213/1630
f 1681/1214/1631 1682/1215/1632 1683/1216/1633
f 1683/1216/1633 1682/1215/1632 1684/1217/1634
f 1685/1218/1635 1686/1219/1636 1687/1220/1637
f 1688/1221/1638 1689/1222/1639 1690/1223/1640
f 1678/1211/1628 1680/1213/1630 1691/1224/1641
f 1651/1185/1601 1692/1225/1642 1660/1194/1610
f 1689/1222/1639 1688/1221/1638 1693/1226/1643
f 1686/1219/1644 1694/1227/1645 1695/1228/1646
f 1696/1229/1647 1683/1216/1633 1684/1217/1634
f 1697/1230/1648 1689/1222/1639 1698/1231/1649
f 1691/1224/1641 1699/1232/1650 1700/1233/1651
f 1700/1233/1651 1678/1211/1628 1691/1224/1641
f 1689/1222/1639 1697/1230/1648 1701/1234/1652
f 1699/1232/1650 1691/1224/1641 1702/1235/1653
f 1659/1193/1609 1658/1192/1608 1703/1236/1654
f 1657/1191/1607 1660/1194/1610 1684/1217/1634
f 1660/1194/1610 1692/1225/1642 1684/1217/1634
f 1658/1192/1608 1657/1191/1607 1682/1215/1632
f 1682/1215/1632 1657/1191/1607 1684/1217/1634
f 1704/1237/1655 1659/1193/1609 1703/1236/1654
f 1703/1236/1654 1658/1192/1608 1682/1215/1632
f 1678/1211/1628 1700/1233/1651 1705/1238/1656
f 1693/1226/1643 1698/1231/1649 1689/1222/1639
f 1704/1237/1655 1681/1214/1631 1706/1239/1657
f 1681/1214/1631 1704/1237/1655 1703/1236/1654
f 1682/1215/1632 1681/1214/1631 1703/1236/1654
f 1647/1181/1597 1650/1184/1600 1654/1188/1604
f 1655/1189/1605 1654/1188/1604 1707/1240/1658
f 1684/1217/1634 1692/1225/1642 1696/1229/1647
f 1211/873/1175 1037/755/1013 1708/893/1659
f 757/546/751 756/547/750 1213/874/1177
f 1037/755/1013 1222/877/1185 1708/893/1659
f 774/520/768 716/495/713 763/573/757
f 763/573/757 716/495/713 769/497/763
f 706/493/703 681/505/678 839/606/827
f 1709/631/1660 1710/1241/1661 1711/1242/1662
f 706/493/703 708/528/705 826/618/814
f 1712/1243/1663 1713/1244/1664 1714/1245/1665
f 961/260/941 954/262/935 963/263/943
f 1409/951/1360 1715/1246/1666 1716/1247/1667
f 1715/1246/1666 1409/951/1360 1717/1248/1668
f 1716/1247/1667 1718/1249/1669 1719/1250/1670
f 1715/1246/1666 1718/1249/1669 1716/1247/1667
f 1531/1073/1482 1425/967/1376 1720/1251/1671
f 1426/968/1377 1720/1251/1671 1425/967/1376
f 1720/1251/1671 1426/968/1377 1721/1252/1672
f 1722/1253/1673 1723/1254/1674 1724/1255/1675
f 1719/1250/1670 1410/952/1361 1716/1247/1667
f 1716/1247/1667 1410/952/1361 1409/951/1360
f 1725/1256/1676 1726/1257/1677 1727/1258/1678
f 1715/1246/1666 1717/1248/1668 1728/1259/1679
f 1729/1260/1680 1718/1249/1669 1715/1246/1666
f 1539/1081/1490 1724/1255/1675 1723/1254/1674
f 1730/1261/1681 1725/1256/1676 1727/1258/1678
f 1730/1261/1681 1727/1258/1678 1731/1262/1682
f 1732/1263/1683 1733/1264/1684 1734/1265/1685
f 1410/952/1361 1719/1250/1670 1452/994/1403
f 1735/1266/1686 1734/1265/1685 1733/1264/1684
f 1407/949/1358 1545/1087/1496 1736/1267/1687
f 1428/970/1379 1539/1081/1490 1723/1254/1674
f 1736/1267/1687 1545/1087/1496 1737/1268/1688
f 1738/1269/1689 1737/1268/1688 1545/1087/1496
f 1739/1270/1690 1740/1271/1691 1741/1272/1692
f 1740/1271/1691 1739/1270/1690 1738/1269/1689
f 1742/1273/1693 1729/1260/1680 1743/1274/1694
f 1744/1275/1695 1745/1276/1696 1746/1277/1697
f 1747/1278/1698 1744/1275/1695 1746/1277/1697
f 1748/1279/1699 1749/1280/1700 1750/1281/1701
f 1751/1282/1702 1752/1283/1703 1753/1284/1704
f 1754/1285/1705 1755/1286/1706 1756/1287/1707
f 1732/1263/1683 1757/1288/1708 1758/1289/1709
f 1737/1268/1688 1759/1290/1710 1760/1291/1711
f 1733/1264/1684 1732/1263/1683 1758/1289/1709
f 1733/1264/1684 1761/1292/1712 1735/1266/1686
f 1762/1293/1713 1763/1294/1714 1756/1287/1707
f 1761/1292/1712 1733/1264/1684 1764/1295/1715
f 1765/1296/1716 1553/1095/1504 1766/1297/1717
f 1767/1298/1718 1768/1299/1719 1769/1300/1720
f 1770/1301/1721 1747/1278/1698 1746/1277/1697
f 1771/1302/1722 1747/1278/1698 1770/1301/1721
f 1630/1164/1580 1747/1278/1698 1771/1302/1722
f 1573/1115/1524 1574/1116/1525 952/690/933
f 1772/1303/1723 1773/1304/1724 1774/1305/1725
f 1775/1306/1726 1774/1305/1725 1554/1096/1505
f 1773/1304/1724 1554/1096/1505 1774/1305/1725
f 1776/1307/1727 1775/1306/1726 1777/1308/1728
f 1778/1309/1729 1779/1310/1730 1780/1311/1731
f 1779/1310/1730 1781/1312/1732 1780/1311/1731
f 1765/1296/1716 1777/1308/1728 1775/1306/1726
f 1728/1259/1679 1743/1274/1694 1715/1246/1666
f 1743/1274/1694 1729/1260/1680 1715/1246/1666
f 1782/1313/1733 1736/1267/1687 1737/1268/1688
f 1763/1294/1714 1783/1314/1734 1784/1315/1735
f 1737/1268/1688 1760/1291/1711 1782/1313/1733
f 1737/1268/1688 1739/1270/1690 1785/1316/1736
f 1786/1317/1737 1784/1315/1735 1783/1314/1734
f 1763/1294/1714 1784/1315/1735 1756/1287/1707
f 1745/1276/1696 1744/1275/1695 1741/1272/1692
f 1787/1318/1738 1754/1285/1705 1756/1287/1707
f 1744/1275/1695 1739/1270/1690 1741/1272/1692
f 1784/1315/1735 1787/1318/1738 1756/1287/1707
f 1739/1270/1690 1744/1275/1695 1785/1316/1736
f 1788/1319/1739 1787/1318/1738 1784/1315/1735
f 1737/1268/1688 1738/1269/1689 1739/1270/1690
f 1539/1081/1490 1789/1320/1740 1724/1255/1675
f 1539/1081/1490 1773/1304/1724 1789/1320/1740
f 1554/1096/1505 1773/1304/1724 1539/1081/1490
f 1554/1096/1505 1553/1095/1504 1775/1306/1726
f 1759/1290/1710 1737/1268/1688 1790/1321/1741
f 1781/1312/1732 1779/1310/1730 1764/1295/1715
f 1775/1306/1726 1553/1095/1504 1765/1296/1716
f 1758/1289/1709 1781/1312/1732 1764/1295/1715
f 1764/1295/1715 1733/1264/1684 1758/1289/1709
f 1791/1322/1742 1774/1305/1725 1775/1306/1726
f 1773/1304/1724 1792/1323/1743 1793/1324/1744
f 1789/1320/1740 1773/1304/1724 1793/1324/1744
f 1784/1315/1735 1794/1325/1745 1788/1319/1739
f 1747/1278/1698 1795/1326/1746 1785/1316/1736
f 1790/1321/1741 1785/1316/1736 1795/1326/1746
f 1795/1326/1746 1747/1278/1698 1630/1164/1580
f 1796/1327/1747 952/690/933 1574/1116/1525
f 952/690/933 1796/1327/1747 759/570/753
f 1796/1327/1747 1574/1116/1525 1797/1328/1748
f 1798/1329/1749 1799/1330/1750 1800/1331/1751
f 1801/1332/1752 1799/1330/1750 1802/1333/1753
f 1803/1334/1754 1804/1335/1755 1778/1309/1729
f 1799/1330/1750 1798/1329/1749 1802/1333/1753
f 1805/1336/1756 1800/1331/1751 1806/1337/1757
f 1601/1140/1552 1797/1328/1748 1574/1116/1525
f 1805/1336/1756 1798/1329/1749 1800/1331/1751
f 1797/1328/1748 1601/1140/1552 1807/1338/1758
f 1806/1337/1757 1808/1339/1759 1805/1336/1756
f 1805/1336/1756 1809/1340/1760 1798/1329/1749
f 1810/1341/1761 1798/1329/1749 1809/1340/1760
f 1810/1341/1761 1811/1342/1762 1798/1329/1749
f 1620/1154/1570 1648/1182/1598 1812/1343/1763
f 1813/1344/1764 1809/1340/1760 1805/1336/1756
f 1814/1345/1765 1815/1346/1766 1816/1347/1767
f 1805/1336/1756 1808/1339/1759 1813/1344/1764
f 1817/1348/1768 1813/1344/1764 1808/1339/1759
f 1808/1339/1759 1816/1347/1767 1817/1348/1768
f 1812/1343/1763 1621/1155/1571 1620/1154/1570
f 1813/1344/1764 1817/1348/1768 1818/1349/1769
f 1808/1339/1759 1814/1345/1765 1816/1347/1767
f 1790/1321/1741 1737/1268/1688 1785/1316/1736
f 1779/1310/1730 1778/1309/1729 1804/1335/1755
f 1775/1306/1726 1776/1307/1727 1791/1322/1742
f 1815/1346/1766 1814/1345/1765 1819/1350/1766
f 1820/1351/1770 1821/1352/1771 1822/1353/1772
f 1821/1352/1771 1820/1351/1770 1601/1140/1552
f 1808/1339/1759 1806/1337/1757 1814/1345/1765
f 1601/1140/1552 1820/1351/1770 1807/1338/1758
f 1772/1303/1723 1774/1305/1725 1791/1322/1742
f 1823/1354/1773 1821/1352/1771 1601/1140/1552
f 1785/1316/1736 1744/1275/1695 1747/1278/1698
f 1824/1355/1774 1784/1315/1735 1786/1317/1737
f 1802/1333/1753 1798/1329/1749 1811/1342/1762
f 1601/1140/1552 1602/1141/1553 1823/1354/1773
f 1825/1356/1775 1823/1354/1773 1602/1141/1553
f 1826/1357/1776 1827/1358/1777 1828/1359/1778
f 1625/1159/1575 1829/1360/1779 1627/1161/1577
f 1828/1359/1778 1830/1361/1780 1831/1362/1781
f 1832/1363/1782 1833/1364/1783 1834/1365/1784
f 1835/1366/1785 1836/1367/1786 1837/1368/1787
f 734/551/731 1833/1364/1783 1832/1363/1782
f 1838/1369/1788 1835/1366/1785 1837/1368/1787
f 1839/1370/1789 1826/1357/1776 1828/1359/1778
f 879/652/862 1838/1369/1788 1837/1368/1787
f 1839/1370/1789 1828/1359/1778 1831/1362/1781
f 1832/1363/1782 1825/1356/1775 1840/1371/1790
f 1825/1356/1775 1832/1363/1782 1841/1372/1791
f 733/550/730 1833/1364/1783 734/551/731
f 1825/1356/1775 1841/1372/1791 1823/1354/1773
f 1834/1365/1784 1841/1372/1791 1832/1363/1782
f 1836/1367/1786 1842/1373/1792 1843/1374/1793
f 1841/1372/1791 1834/1365/1784 1844/1375/1794
f 1829/1360/1779 1650/1184/1600 1627/1161/1577
f 1830/1361/1780 1828/1359/1778 1827/1358/1777
f 1835/1366/1785 1842/1373/1792 1836/1367/1786
f 1843/1374/1793 1842/1373/1792 1845/1376/1795
f 1845/1376/1795 1846/1377/1796 1843/1374/1793
f 1847/1378/1797 1844/1375/1794 1848/1379/1798
f 1845/1376/1795 1842/1373/1792 1849/1380/1799
f 1850/1381/1800 1773/1304/1724 1772/1303/1723
f 1851/1382/1801 1841/1372/1791 1844/1375/1794
f 1844/1375/1794 1847/1378/1797 1851/1382/1801
f 1792/1323/1743 1773/1304/1724 1850/1381/1800
f 1630/1164/1580 1629/1163/1579 1852/1383/1802
f 1853/1384/1803 1795/1326/1746 1852/1383/1802
f 1854/1385/1804 1855/1386/1805 1856/1387/1806
f 1855/1386/1805 1854/1385/1804 1794/1325/1745
f 1794/1325/1745 1784/1315/1735 1855/1386/1805
f 1840/1371/1790 1857/1388/1807 1832/1363/1782
f 1857/1388/1807 734/551/731 1832/1363/1782
f 1840/1371/1790 1858/1389/1808 1857/1388/1807
f 1825/1356/1775 1858/1389/1808 1840/1371/1790
f 1858/1389/1808 1825/1356/1775 1859/1390/1809
f 1860/1391/1810 1861/1392/1811 1862/1393/1812
f 1859/1390/1809 1825/1356/1775 1602/1141/1553
f 1863/1391/1813 1864/1394/1814 1606/1144/1558
f 1619/1153/1569 1857/1388/1807 1858/1389/1808
f 1596/1136/1548 1857/1388/1807 1619/1153/1569
f 1857/1388/1807 1596/1136/1548 734/551/731
f 1852/1383/1802 1795/1326/1746 1630/1164/1580
f 1795/1326/1746 1853/1384/1803 1790/1321/1741
f 1855/1386/1805 1824/1355/1774 1856/1387/1806
f 1865/1395/1815 1856/1387/1806 1824/1355/1774
f 1854/1385/1804 1856/1387/1806 1866/1396/1816
f 1867/1397/1817 1790/1321/1741 1853/1384/1803
f 1868/1398/1818 1866/1396/1816 1856/1387/1806
f 1860/1391/1810 1869/1147/1561 1861/1392/1811
f 1869/1147/1561 1870/1399/1819 1861/1392/1811
f 1871/1400/1820 1865/1395/1815 1872/1401/1821
f 1863/1391/1813 1606/1144/1558 1608/1146/1560
f 1856/1387/1806 1865/1395/1815 1871/1400/1820
f 1856/1387/1806 1871/1400/1820 1868/1398/1818
f 1855/1386/1805 1784/1315/1735 1824/1355/1774
f 1790/1321/1741 1867/1397/1817 1759/1290/1710
f 1873/1402/1822 1874/1403/1823 1875/1404/1824
f 1876/1405/1825 1759/1290/1710 1867/1397/1817
f 1874/1403/1823 1877/1406/1826 1878/1407/1827
f 1879/1408/1828 1880/1409/1829 1878/1407/1827
f 1881/1410/1830 1882/1411/1831 1883/1412/1832
f 1878/1407/1827 1884/1413/1833 1875/1404/1824
f 879/652/862 878/651/861 1838/1369/1788
f 1877/1406/1826 1879/1408/1828 1878/1407/1827
f 1875/1404/1824 1885/1414/1834 1886/1415/1835
f 1887/1416/1836 1882/1411/1831 1881/1410/1830
f 1888/1417/1837 1889/1418/1838 1890/1419/1839
f 1875/1404/1824 1874/1403/1823 1878/1407/1827
f 1885/1414/1834 1875/1404/1824 1884/1413/1833
f 1884/1413/1833 1878/1407/1827 1891/1420/1840
f 1880/1409/1829 1891/1420/1840 1878/1407/1827
f 1891/1420/1840 1880/1409/1829 1892/1421/1841
f 1884/1413/1833 1891/1420/1840 1893/1422/1842
f 1885/1414/1834 1884/1413/1833 1894/1423/1843
f 1891/1420/1840 1892/1421/1841 1895/1424/1844
f 1894/1423/1843 1884/1413/1833 1893/1422/1842
f 1895/1424/1844 1893/1422/1842 1891/1420/1840
f 1887/1416/1836 1896/1425/1845 1882/1411/1831
f 1887/1416/1836 1897/1426/1846 1896/1425/1845
f 1898/1427/1847 1897/1426/1846 1887/1416/1836
f 1899/1428/1848 1900/1429/1849 1889/1418/1838
f 1899/1428/1848 1889/1418/1838 1888/1417/1837
f 1759/1290/1710 1876/1405/1825 1901/1430/1850
f 1886/1415/1835 1873/1402/1822 1875/1404/1824
f 1874/1403/1823 1873/1402/1822 1902/1431/1851
f 1886/1415/1835 1903/1432/1852 1873/1402/1822
f 1759/1290/1710 1901/1430/1850 1904/1433/1853
f 1905/1434/1854 1881/1410/1830 1883/1412/1832
f 1906/1435/1855 1902/1431/1851 1873/1402/1822
f 1906/1435/1855 1873/1402/1822 1903/1432/1852
f 1904/1433/1853 1760/1291/1711 1759/1290/1710
f 1900/1429/1849 1749/1280/1700 1889/1418/1838
f 1826/1357/1776 1907/1436/1856 1908/1437/1857
f 1877/1406/1826 1874/1403/1823 1902/1431/1851
f 1749/1280/1700 1748/1279/1699 1889/1418/1838
f 1877/1406/1826 1902/1431/1851 1909/1438/1858
f 1890/1419/1839 1889/1418/1838 1910/1439/1859
f 1910/1439/1859 1889/1418/1838 1748/1279/1699
f 1911/1440/1860 1905/1434/1854 1883/1412/1832
f 1908/1437/1857 1912/1441/1861 1826/1357/1776
f 1879/1408/1828 1913/1406/1826 1914/1442/1862
f 1912/1441/1861 1908/1437/1857 1915/1443/1863
f 1827/1358/1777 1826/1357/1776 1912/1441/1861
f 1916/1444/1864 1917/1445/1865 1918/1446/1866
f 1919/1447/1867 1920/1448/1868 1921/1449/1869
f 1920/1448/1868 1919/1447/1867 1922/1450/1870
f 1920/1448/1868 1923/1451/1871 1921/1449/1869
f 1923/1451/1871 1920/1448/1868 1924/1452/1872
f 1919/1447/1867 1925/1453/1873 1922/1450/1870
f 1925/1453/1873 1919/1447/1867 1926/1454/1874
f 1922/1450/1870 1927/1455/1875 1920/1448/1868
f 1925/1453/1873 1927/1455/1875 1922/1450/1870
f 1920/1448/1868 1927/1455/1875 1928/1456/1876
f 1920/1448/1868 1928/1456/1876 1924/1452/1872
f 1925/1453/1873 1929/1457/1877 1930/1458/1878
f 1927/1455/1875 1925/1453/1873 1931/1459/1879
f 1921/1449/1869 1932/1460/1880 1919/1447/1867
f 1923/1451/1871 1933/1461/1881 1921/1449/1869
f 1934/1462/1882 1935/1463/1883 1936/1464/1884
f 1932/1460/1880 1921/1449/1869 1933/1461/1881
f 1933/1461/1881 1923/1451/1871 1937/1465/1885
f 1919/1447/1867 1932/1460/1880 1926/1454/1874
f 1762/1293/1713 1756/1287/1707 1938/1466/1886
f 1939/1467/1887 1925/1453/1873 1926/1454/1874
f 1925/1453/1873 1939/1467/1887 1929/1457/1877
f 1940/1468/1888 1941/1469/1889 1942/1470/1890
f 1926/1454/1874 1943/1471/1891 1939/1467/1887
f 1926/1454/1874 1932/1460/1880 1943/1471/1891
f 1756/1287/1707 1944/1472/1892 1938/1466/1886
f 1939/1467/1887 1943/1471/1891 1945/1473/1893
f 1946/1474/1894 1947/1475/1895 1936/1464/1884
f 1936/1464/1884 1947/1475/1895 1934/1462/1882
f 1948/1476/1896 1949/1477/1897 1950/1478/1898
f 1951/1479/1899 1952/1480/1900 1953/1481/1901
f 1954/1016/1902 1955/1482/1903 1956/1483/1904
f 1957/1484/1905 1947/1475/1895 1946/1474/1894
f 1958/1485/1906 1762/1293/1713 1938/1466/1886
f 1959/1486/1907 1960/1487/1908 1961/1488/1909
f 1962/1489/1910 1952/1480/1900 1963/1490/1911
f 1964/1008/1912 1963/1490/1911 1952/1480/1900
f 1965/1491/1913 1961/1488/1909 1960/1487/1908
f 1966/1492/1914 1967/1493/1915 1968/1494/1916
f 1935/1463/1883 1934/1462/1882 1969/1495/1917
f 1970/1496/1918 1961/1488/1909 1965/1491/1913
f 1952/1480/1900 1951/1479/1899 1964/1008/1912
f 1971/1497/1919 1949/1477/1897 1948/1476/1896
f 1972/1498/1920 1973/1499/1921 1971/1497/1919
f 1947/1475/1895 1974/1500/1922 1934/1462/1882
f 1974/1500/1922 1947/1475/1895 1975/1501/1923
f 1947/1475/1895 1976/1502/1924 1975/1501/1923
f 1977/1503/1925 1978/1504/1926 1979/1505/1927
f 1941/1469/1889 1940/1468/1888 1949/1477/1897
f 1954/1016/1902 1980/1506/1928 1955/1482/1903
f 1980/1506/1928 1981/1507/1929 1955/1482/1903
f 1976/1502/1924 1947/1475/1895 1957/1484/1905
f 1979/1505/1927 1978/1504/1926 1982/1508/1930
f 1974/1500/1922 1969/1495/1917 1934/1462/1882
f 1969/1495/1917 1974/1500/1922 1983/1509/1931
f 1984/1510/1932 1985/1511/1933 1986/1512/1934
f 1971/1497/1919 1987/1513/1935 1972/1498/1920
f 1988/1514/1936 1984/1510/1932 1986/1512/1934
f 1989/1515/1937 1948/1476/1896 1950/1478/1898
f 1989/1515/1937 1971/1497/1919 1948/1476/1896
f 1990/1516/1938 1972/1498/1920 1987/1513/1935
f 1971/1497/1919 1989/1515/1937 1987/1513/1935
f 1991/1517/1939 1955/1482/1903 1981/1507/1929
f 1992/1518/1940 1982/1508/1930 1978/1504/1926
f 1993/1519/1941 1965/1491/1913 1960/1487/1908
f 1964/1008/1912 1994/1520/1942 1963/1490/1911
f 1931/1459/1879 1925/1453/1873 1930/1458/1878
f 1995/1521/1943 1965/1491/1913 1993/1519/1941
f 1964/1008/1912 1996/1522/1944 1994/1520/1942
f 1997/1523/1945 1998/1524/1946 1980/1506/1928
f 1979/1505/1927 1999/1525/1947 2000/1057/1948
f 2001/1526/1949 1988/1514/1936 2002/1527/1950
f 1984/1510/1932 1988/1514/1936 2001/1526/1949
f 1985/1511/1933 1984/1510/1932 2003/1528/1951
f 2001/1526/1949 2004/1529/1952 1984/1510/1932
f 1973/1499/1921 1972/1498/1920 2005/1530/1953
f 2003/1528/1951 1984/1510/1932 2004/1529/1952
f 1944/1472/1892 1986/1512/1934 1938/1466/1886
f 2006/1531/1954 1989/1515/1937 1950/1478/1898
f 2007/1532/1955 2004/1529/1952 2008/1533/1956
f 2001/1526/1949 2008/1533/1956 2004/1529/1952
f 2004/1529/1952 2007/1532/1955 2003/1528/1951
f 1949/1477/1897 1971/1497/1919 1973/1499/1921
f 1949/1477/1897 1940/1468/1888 1950/1478/1898
f 2001/1526/1949 2009/1534/1957 2008/1533/1956
f 1986/1512/1934 1944/1472/1892 1988/1514/1936
f 2010/1535/1958 2011/1536/1959 2012/1537/1960
f 1938/1466/1886 1985/1511/1933 1958/1485/1906
f 2011/1536/1959 2010/1535/1958 2013/1538/1961
f 2014/1539/1962 2006/1531/1954 2015/1540/1963
f 2016/1541/1964 2015/1540/1963 2006/1531/1954
f 1987/1513/1935 1983/1509/1931 1990/1516/1938
f 2001/1526/1949 2002/1527/1950 2017/1542/1965
f 1985/1511/1933 1938/1466/1886 1986/1512/1934
f 2018/1543/1966 1945/1473/1893 2019/1544/1967
f 1999/1525/1947 1979/1505/1927 1982/1508/1930
f 1980/1506/1928 1998/1524/1946 1981/1507/1929
f 1983/1509/1931 1987/1513/1935 1969/1495/1917
f 1987/1513/1935 1989/1515/1937 1969/1495/1917
f 1989/1515/1937 2006/1531/1954 2014/1539/1962
f 1989/1515/1937 2014/1539/1962 1935/1463/1883
f 1989/1515/1937 1935/1463/1883 1969/1495/1917
f 2001/1526/1949 2017/1542/1965 2009/1534/1957
f 2020/1545/1968 2021/1546/1969 2022/1547/1970
f 2020/1545/1968 2022/1547/1970 2023/1548/1971
f 2019/1544/1967 1932/1460/1880 2024/1549/1972
f 2019/1544/1967 1945/1473/1893 1943/1471/1891
f 1932/1460/1880 2019/1544/1967 1943/1471/1891
f 2023/1548/1971 2022/1547/1970 2025/1550/1973
f 2024/1549/1972 1933/1461/1881 2026/1551/1974
f 2026/1551/1974 1933/1461/1881 1937/1465/1885
f 1933/1461/1881 2024/1549/1972 1932/1460/1880
f 2027/1552/1975 2028/1553/1976 2029/1554/1977
f 2030/1555/1978 2031/1556/1979 2032/1557/1980
f 2027/1552/1975 2029/1554/1977 2033/1558/1981
f 2034/1559/1982 2035/1560/1983 2036/1561/1984
f 2035/1560/1983 2034/1559/1982 2037/1562/1985
f 2028/1553/1976 2027/1552/1975 2038/1563/1986
f 2039/1564/1987 2037/1562/1985 2034/1559/1982
f 2037/1562/1985 2040/1565/1988 2041/1566/1989
f 2042/1567/1990 2043/1568/1991 2044/1569/1992
f 2044/1569/1992 2043/1568/1991 2045/1570/1993
f 2035/1560/1983 2043/1568/1991 2042/1567/1990
f 2037/1562/1985 2043/1568/1991 2035/1560/1983
f 2041/1566/1989 2043/1568/1991 2037/1562/1985
f 2043/1568/1991 2041/1566/1989 2045/1570/1993
f 2046/1571/1994 2047/1572/1995 2048/1573/1996
f 2049/1574/1997 2048/1573/1996 2050/1575/1998
f 2051/1576/1999 2052/1577/2000 2032/1557/1980
f 2040/1565/1988 2053/1578/2001 2041/1566/1989
f 2040/1565/1988 2037/1562/1985 2039/1564/1987
f 2054/1579/2002 2039/1564/1987 2034/1559/1982
f 2045/1570/1993 2041/1566/1989 2055/1580/2003
f 2033/1558/1981 2056/1581/2004 2027/1552/1975
f 2053/1578/2001 2040/1565/1988 2057/1582/2005
f 2057/1582/2005 2040/1565/1988 2039/1564/1987
f 2058/1583/2006 2059/1584/2007 2038/1563/1986
f 2039/1564/1987 2054/1579/2002 2057/1582/2005
f 2041/1566/1989 2053/1578/2001 2055/1580/2003
f 2060/1585/2008 2058/1583/2006 2056/1581/2004
f 2056/1581/2004 2058/1583/2006 2027/1552/1975
f 1931/1459/1879 2036/1561/1984 2035/1560/1983
f 2036/1561/1984 1931/1459/1879 1930/1458/1878
f 2058/1583/2006 2038/1563/1986 2027/1552/1975
f 2032/1557/1980 2052/1577/2000 2030/1555/1978
f 2028/1553/1976 1957/1484/1905 2029/1554/1977
f 2061/1586/2009 2029/1554/1977 1957/1484/1905
f 1957/1484/1905 2028/1553/1976 1976/1502/1924
f 2062/1587/2010 1967/1493/1915 1966/1492/1914
f 2063/1588/2011 2030/1555/1978 2052/1577/2000
f 2064/1589/2012 1966/1492/1914 2065/1590/2013
f 2066/1591/2014 2051/1576/1999 2067/1592/2015
f 1966/1492/1914 2064/1589/2012 2062/1587/2010
f 2052/1577/2000 2051/1576/1999 2068/1593/2016
f 2051/1576/1999 2066/1591/2014 2068/1593/2016
f 2069/1594/2017 2068/1593/2016 2066/1591/2014
f 2070/1595/2018 2052/1577/2000 2068/1593/2016
f 2071/1596/2019 2072/1597/2020 2073/1598/2021
f 2074/1599/2022 2075/1600/2023 2076/1601/2024
f 1931/1459/1879 2035/1560/1983 2042/1567/1990
f 2077/1602/2025 2042/1567/1990 2044/1569/1992
f 2078/1603/2026 2079/1604/2027 2080/1605/2028
f 2081/1606/2029 2082/1607/2030 2083/1608/2031
f 2084/1609/2032 2081/1606/2029 2083/1608/2031
f 2042/1567/1990 1927/1455/1875 1931/1459/1879
f 2042/1567/1990 2077/1602/2025 1928/1456/1876
f 1927/1455/1875 2042/1567/1990 1928/1456/1876
f 2061/1586/2009 1957/1484/1905 1946/1474/1894
f 2077/1602/2025 1924/1452/1872 1928/1456/1876
f 2057/1582/2005 2085/1610/2033 2086/1611/2034
f 2053/1578/2001 2057/1582/2005 2086/1611/2034
f 2059/1584/2007 2087/1612/2035 2088/1613/2036
f 2085/1610/2033 2057/1582/2005 2054/1579/2002
f 2053/1578/2001 2089/1614/2037 2055/1580/2003
f 2089/1614/2037 2053/1578/2001 2090/1615/2038
f 2053/1578/2001 2086/1611/2034 2090/1615/2038
f 2087/1612/2035 2059/1584/2007 2058/1583/2006
f 2058/1583/2006 2060/1585/2008 2087/1612/2035
f 2087/1612/2035 2091/1616/2039 2088/1613/2036
f 2085/1610/2033 2092/1617/2040 2086/1611/2034
f 2093/1618/2041 2090/1615/2038 2086/1611/2034
f 2086/1611/2034 2092/1617/2040 2093/1618/2041
f 1967/1493/1915 2091/1616/2039 2094/1619/2042
f 2063/1588/2011 2052/1577/2000 2095/1620/2043
f 2085/1610/2033 2096/1621/2044 2092/1617/2040
f 2096/1621/2044 2063/1588/2011 2092/1617/2040
f 2092/1617/2040 2063/1588/2011 2095/1620/2043
f 2093/1618/2041 2089/1614/2037 2090/1615/2038
f 2060/1585/2008 2094/1619/2042 2087/1612/2035
f 2091/1616/2039 2087/1612/2035 2094/1619/2042
f 2089/1614/2037 2093/1618/2041 2097/1622/2045
f 2068/1593/2016 2069/1594/2017 2070/1595/2018
f 2094/1619/2042 1968/1494/1916 1967/1493/1915
f 2070/1595/2018 2069/1594/2017 2097/1622/2045
f 2052/1577/2000 2070/1595/2018 2095/1620/2043
f 2093/1618/2041 2092/1617/2040 2070/1595/2018
f 2093/1618/2041 2070/1595/2018 2097/1622/2045
f 2098/1623/2046 2099/1624/2047 2100/1625/2048
f 2095/1620/2043 2070/1595/2018 2092/1617/2040
f 2079/1604/2027 2078/1603/2026 2101/1626/2049
f 2079/1604/2027 2102/1627/2050 2080/1605/2028
f 2103/1628/2051 2104/1629/2052 2105/1630/2053
f 2106/1631/2054 2107/1632/2055 2105/1630/2053
f 2108/1633/2056 2109/1634/2057 2110/1635/2058
f 2104/1629/2052 2111/1636/2059 2105/1630/2053
f 2103/1628/2051 2105/1630/2053 2107/1632/2055
f 2107/1632/2055 2106/1631/2054 2112/1637/2060
f 2113/1638/2061 2099/1624/2047 2114/1639/2062
f 2115/1640/2063 2113/1638/2061 2114/1639/2062
f 2115/1640/2063 2114/1639/2062 2116/1641/2064
f 2115/1640/2063 2116/1641/2064 2117/1642/2065
f 2118/1643/2066 2119/1644/2067 2098/1623/2046
f 2074/1599/2022 2076/1601/2024 2120/1645/2068
f 2080/1605/2028 2102/1627/2050 2121/1646/2069
f 2098/1623/2046 2119/1644/2067 2099/1624/2047
f 2073/1598/2021 2117/1642/2065 2071/1596/2019
f 2122/1647/2070 2075/1600/2023 2074/1599/2022
f 2073/1598/2021 2115/1640/2063 2117/1642/2065
f 2123/1648/2071 2115/1640/2063 2073/1598/2021
f 2074/1599/2022 2124/1649/2072 2122/1647/2070
f 2113/1638/2061 2100/1625/2048 2099/1624/2047
f 2115/1640/2063 2125/1650/2073 2113/1638/2061
f 2100/1625/2048 2113/1638/2061 2125/1650/2073
f 2115/1640/2063 2123/1648/2071 2126/1651/2074
f 2125/1650/2073 2115/1640/2063 2126/1651/2074
f 2127/1652/2075 2128/1653/2076 2129/1654/2077
f 2130/1655/2078 2131/1656/2079 2132/1657/2080
f 2133/1658/2081 2134/1659/2082 2135/1660/2083
f 2136/1661/2084 2130/1655/2078 2137/1662/2085
f 2131/1656/2079 2130/1655/2078 2138/1663/2086
f 2130/1655/2078 2136/1661/2084 2138/1663/2086
f 2139/1664/2087 2140/1665/2088 2141/1666/2089
f 2141/1666/2089 2142/1667/2090 2139/1664/2087
f 2143/1668/2091 2139/1664/2087 2144/1669/2092
f 2131/1656/2079 2145/1670/2093 2132/1657/2080
f 2145/1670/2093 2146/1671/2094 2132/1657/2080
f 2132/1657/2080 2146/1671/2094 2147/1672/2095
f 2148/1673/2096 2147/1672/2095 2146/1671/2094
f 2149/1674/2097 2150/1675/2098 2141/1666/2089
f 2141/1666/2089 2150/1675/2098 2142/1667/2090
f 2142/1667/2090 2150/1675/2098 2151/1676/2099
f 2151/1676/2099 2150/1675/2098 2152/1677/2100
f 2153/1678/2101 2152/1677/2100 2150/1675/2098
f 2138/1663/2086 2154/1679/2102 2131/1656/2079
f 2140/1665/2088 2155/1680/2103 2156/1681/2088
f 2157/1682/2104 2140/1665/2088 2139/1664/2087
f 2155/1680/2103 2140/1665/2088 2157/1682/2104
f 2143/1668/2091 2157/1682/2104 2139/1664/2087
f 2158/1683/2105 2159/1684/2106 2160/1685/2107
f 2161/1686/2108 2162/1687/2109 2163/1688/2110
f 2164/1689/2111 2165/1690/2112 2161/1686/2108
f 2162/1687/2109 2161/1686/2108 2165/1690/2112
f 2166/1691/2113 2167/1692/2114 2168/1693/2115
f 2169/1694/2116 2149/1674/2097 2170/1695/2117
f 2150/1675/2098 2149/1674/2097 2169/1694/2116
f 2169/1694/2116 2153/1678/2101 2150/1675/2098
f 2159/1684/2106 2152/1677/2100 2153/1678/2101
f 2171/1696/2118 2164/1689/2111 2172/1697/2119
f 2171/1696/2118 2172/1697/2119 2173/1698/2120
f 2142/1667/2090 2174/1699/2121 2139/1664/2087
f 2144/1669/2092 2139/1664/2087 2174/1699/2121
f 2174/1699/2121 2142/1667/2090 2175/1700/2122
f 2142/1667/2090 2151/1676/2099 2175/1700/2122
f 2158/1683/2105 2176/1701/2123 2177/1702/2124
f 2177/1702/2124 2152/1677/2100 2158/1683/2105
f 2177/1702/2124 2151/1676/2099 2152/1677/2100
f 2152/1677/2100 2159/1684/2106 2158/1683/2105
f 2165/1690/2112 2164/1689/2111 2178/1703/2125
f 2179/1704/2126 2162/1687/2109 2165/1690/2112
f 2164/1689/2111 2171/1696/2118 2178/1703/2125
f 2168/1693/2115 2180/1705/2127 2166/1691/2113
f 2166/1691/2113 2180/1705/2127 2173/1698/2120
f 2180/1705/2127 2168/1693/2115 2181/1706/2128
f 2173/1698/2120 2180/1705/2127 2171/1696/2118
f 2178/1703/2125 2179/1704/2126 2165/1690/2112
f 2182/1707/2129 2183/1708/2130 2184/1709/2131
f 2185/1710/2132 2184/1709/2131 2183/1708/2130
f 2186/1711/2133 2187/1712/2134 2188/1713/2135
f 2188/1713/2135 2126/1651/2074 2186/1711/2133
f 2126/1651/2074 2188/1713/2135 2125/1650/2073
f 2186/1711/2133 2123/1648/2071 2189/1714/2136
f 2186/1711/2133 2126/1651/2074 2123/1648/2071
f 2188/1713/2135 2100/1625/2048 2125/1650/2073
f 2188/1713/2135 2129/1654/2077 2190/1715/2137
f 2100/1625/2048 2188/1713/2135 2190/1715/2137
f 2191/1716/2138 2100/1625/2048 2190/1715/2137
f 2189/1714/2136 2192/1717/2139 2186/1711/2133
f 2187/1712/2134 2186/1711/2133 2192/1717/2139
f 2129/1654/2077 2188/1713/2135 2187/1712/2134
f 2193/1718/2140 2194/1719/2141 2195/1720/2142
f 2196/1721/2143 2193/1718/2140 2195/1720/2142
f 2194/1719/2141 2124/1649/2072 2195/1720/2142
f 2195/1720/2142 2124/1649/2072 2074/1599/2022
f 2074/1599/2022 2196/1721/2143 2195/1720/2142
f 2196/1721/2143 2074/1599/2022 2120/1645/2068
f 2129/1654/2077 2197/1722/2144 2191/1716/2138
f 2129/1654/2077 2191/1716/2138 2190/1715/2137
f 2129/1654/2077 2187/1712/2134 2127/1652/2075
f 2198/1723/2145 2199/1724/2146 2200/1725/2147
f 2199/1724/2146 2201/1726/2148 2200/1725/2147
f 2199/1724/2146 2198/1723/2145 2202/1727/2149
f 2100/1625/2048 2191/1716/2138 2098/1623/2046
f 2203/1728/2150 2204/1729/2151 2205/1730/2152
f 2203/1728/2150 2205/1730/2152 2201/1726/2148
f 2189/1714/2136 2206/1731/2153 2192/1717/2139
f 2207/1732/2154 2202/1727/2149 2198/1723/2145
f 2208/1733/2155 2204/1729/2151 2209/1734/2156
f 2209/1734/2156 2204/1729/2151 2203/1728/2150
f 2210/1735/2157 2201/1726/2148 2199/1724/2146
f 2201/1726/2148 2210/1735/2157 2203/1728/2150
f 2202/1727/2149 2210/1735/2157 2199/1724/2146
f 2211/1736/2158 2177/1702/2124 2176/1701/2123
f 2177/1702/2124 2211/1736/2158 2151/1676/2099
f 2211/1736/2158 2175/1700/2122 2151/1676/2099
f 2212/1737/2159 2144/1669/2092 2174/1699/2121
f 2213/1738/2160 2214/1739/2161 2215/1740/2162
f 2174/1699/2121 2175/1700/2122 2211/1736/2158
f 2216/1741/2163 2217/1742/2164 2218/1743/2165
f 2193/1718/2140 2196/1721/2143 2219/1744/2166
f 2129/1654/2077 2128/1653/2076 2197/1722/2144
f 2194/1719/2141 2193/1718/2140 2220/1745/2167
f 2192/1717/2139 2206/1731/2153 2221/1746/2168
f 2221/1746/2168 2222/1747/2169 2223/1748/2170
f 2206/1731/2153 2222/1747/2169 2221/1746/2168
f 2224/1749/2171 2225/1750/2172 2226/1751/2173
f 2227/1752/2174 2228/1753/2175 2229/1754/2176
f 2229/1754/2176 2230/1755/2177 2231/1756/2178
f 2225/1750/2172 2232/1757/2179 2233/1758/2180
f 2226/1751/2173 2225/1750/2172 2231/1756/2178
f 2234/1759/2181 2235/1760/2182 2236/1761/2183
f 2234/1759/2181 2236/1761/2183 2237/1762/2184
f 2238/1763/2185 2239/1490/2186 2240/1764/2187
f 2241/1765/2188 2242/1766/2189 2243/1487/2190
f 2244/1496/2191 2242/1766/2189 2241/1765/2188
f 2240/1764/2187 2245/1479/2192 2238/1763/2185
f 2245/1479/2192 2240/1764/2187 2246/1767/2193
f 2247/1768/2194 2224/1749/2171 2226/1751/2173
f 2247/1768/2194 2230/1755/2177 2248/1769/2195
f 2224/1749/2171 2247/1768/2194 2249/1770/2196
f 2238/1763/2185 2250/1771/2197 2251/1772/2198
f 2252/1773/2199 2241/1765/2188 2253/1774/2200
f 2254/1775/2201 2255/1776/2202 2256/1777/2203
f 2230/1755/2177 2247/1768/2194 2226/1751/2173
f 2257/1778/2204 2258/1779/2205 2259/1049/2206
f 2260/1506/2207 2261/1780/2208 2262/1781/2209
f 2248/1769/2195 2230/1755/2177 2263/1782/2210
f 2264/1783/2211 2251/1772/2198 2250/1771/2197
f 2265/1784/2212 2252/1773/2199 2253/1774/2200
f 2266/1785/2213 2267/1786/2214 2268/1787/2215
f 2269/1788/2216 2270/1789/2217 2271/1790/2218
f 2270/1789/2217 2269/1788/2216 2272/1791/2219
f 2273/1792/2220 2271/1790/2218 2270/1789/2217
f 2271/1790/2218 2273/1792/2220 2274/1793/2221
f 2273/1792/2220 2275/1794/2222 2274/1793/2221
f 2257/1778/2204 2259/1049/2206 2276/1508/2223
f 2275/1794/2222 2273/1792/2220 2249/1770/2196
f 2277/1507/2224 2260/1506/2207 2262/1781/2209
f 2275/1794/2222 2278/1795/2225 2279/1796/2226
f 2260/1506/2207 2277/1507/2224 2280/1797/2227
f 2263/1782/2210 2281/1798/2228 2248/1769/2195
f 2231/1756/2178 2230/1755/2177 2226/1751/2173
f 2232/1757/2179 2225/1750/2172 2224/1749/2171
f 2282/1799/2229 2243/1487/2190 2242/1766/2189
f 2278/1795/2225 2275/1794/2222 2249/1770/2196
f 2283/1800/2230 2254/1775/2201 2284/1801/2231
f 2285/1802/2232 2240/1764/2187 2239/1490/2186
f 2241/1765/2188 2243/1487/2190 2253/1774/2200
f 2255/1776/2202 2254/1775/2201 2283/1800/2230
f 2283/1800/2230 2286/1803/2233 2255/1776/2202
f 2286/1803/2233 2283/1800/2230 2287/1804/2234
f 2288/1805/2235 2289/1806/2236 2290/1807/2237
f 2284/1801/2231 2287/1804/2234 2283/1800/2230
f 2238/1763/2185 2251/1772/2198 2239/1490/2186
f 2254/1775/2201 241/117/245 2284/1801/2231
f 2248/1769/2195 2249/1770/2196 2247/1768/2194
f 2259/1049/2206 2291/1808/2238 2276/1508/2223
f 2260/1506/2207 2280/1797/2227 2292/1809/2239
f 2293/1503/2240 2291/1808/2238 2259/1049/2206
f 2284/1801/2231 241/117/245 2294/1810/2241
f 2295/1016/2242 2260/1506/2207 2292/1809/2239
f 2296/1811/2243 2276/1508/2223 2291/1808/2238
f 2295/1016/2242 2292/1809/2239 2297/1483/2244
f 2278/1795/2225 2248/1769/2195 2281/1798/2228
f 2249/1770/2196 2248/1769/2195 2278/1795/2225
f 2290/1807/2237 2298/1812/2245 2299/1813/2246
f 2229/1754/2176 2263/1782/2210 2230/1755/2177
f 2300/1814/2247 2233/1758/2180 2232/1757/2179
f 2229/1754/2176 2228/1753/2175 2263/1782/2210
f 2301/1815/2248 2300/1814/2247 2232/1757/2179
f 2302/1816/2249 2263/1782/2210 2228/1753/2175
f 2224/1749/2171 2270/1789/2217 2232/1757/2179
f 2232/1757/2179 2270/1789/2217 2301/1815/2248
f 2273/1792/2220 2224/1749/2171 2249/1770/2196
f 2270/1789/2217 2224/1749/2171 2273/1792/2220
f 2302/1816/2249 2281/1798/2228 2263/1782/2210
f 2272/1791/2219 2301/1815/2248 2270/1789/2217
f 2303/1817/2250 2304/1818/2251 2305/1819/2251
f 2281/1798/2228 2302/1816/2249 2306/1820/2252
f 2307/1821/2253 2288/1805/2235 2290/1807/2237
f 2169/1694/2116 2267/1786/2214 2308/1822/2254
f 2170/1695/2117 2268/1787/2215 2169/1694/2116
f 2267/1786/2214 2169/1694/2116 2268/1787/2215
f 2268/1787/2215 2170/1695/2117 2309/1823/2255
f 2310/1824/2256 2309/1823/2255 2170/1695/2117
f 2309/1823/2255 2310/1824/2256 2311/1825/2257
f 2312/1826/2258 2268/1787/2215 2309/1823/2255
f 2311/1825/2257 2312/1826/2258 2309/1823/2255
f 2155/1680/2103 2313/1827/2259 2156/1681/2088
f 2314/1828/2260 2156/1681/2088 2313/1827/2259
f 2314/1828/2260 2310/1824/2256 2156/1681/2088
f 2315/1829/2261 2131/1656/2079 2154/1679/2102
f 2311/1825/2257 2310/1824/2256 2314/1828/2260
f 2314/1828/2260 2313/1827/2259 2316/1830/2262
f 2316/1830/2262 2311/1825/2257 2314/1828/2260
f 2316/1830/2262 2317/1831/2263 2311/1825/2257
f 2145/1670/2093 2131/1656/2079 2315/1829/2261
f 2289/1806/2236 2318/1832/2264 2298/1812/2245
f 2318/1832/2264 242/118/246 2298/1812/2245
f 242/118/246 241/117/245 2254/1775/2201
f 2266/1785/2213 2268/1787/2215 2312/1826/2258
f 2312/1826/2258 2311/1825/2257 2317/1831/2263
f 269/145/273 250/126/254 248/124/252
f 242/118/246 2318/1832/2264 243/119/247
f 2294/1810/2241 2287/1804/2234 2284/1801/2231
f 2288/1805/2235 2319/1833/2265 2289/1806/2236
f 2318/1832/2264 2289/1806/2236 2320/1834/2266
f 2320/1834/2266 2289/1806/2236 2319/1833/2265
f 2321/1835/2267 2303/1817/2250 2322/1836/2268
f 2323/1836/2250 2303/1817/2250 2305/1819/2251
f 242/118/246 2299/1813/2246 2298/1812/2245
f 2298/1812/2245 2290/1807/2237 2289/1806/2236
f 2299/1813/2246 242/118/246 2324/1837/2269
f 2254/1775/2201 2324/1837/2269 242/118/246
f 2324/1837/2269 2254/1775/2201 2256/1777/2203
f 2325/1838/2270 2316/1830/2262 2326/1839/2271
f 2326/1839/2271 2327/1840/2272 2328/1841/2273
f 2316/1830/2262 2313/1827/2259 2327/1840/2272
f 2316/1830/2262 2325/1838/2270 2317/1831/2263
f 2327/1840/2272 2326/1839/2271 2316/1830/2262
f 2312/1826/2258 2325/1838/2270 2329/1842/2274
f 2330/1843/2275 2312/1826/2258 2329/1842/2274
f 2331/1844/2276 2330/1843/2275 2332/1845/2277
f 2312/1826/2258 2330/1843/2275 2266/1785/2213
f 2330/1843/2275 2331/1844/2276 2266/1785/2213
f 2325/1838/2270 2312/1826/2258 2317/1831/2263
f 2333/1846/2278 2219/1744/2166 2334/1847/2279
f 2219/1744/2166 2333/1846/2278 2193/1718/2140
f 2220/1745/2167 2333/1846/2278 2335/1848/2280
f 2336/1849/2281 2197/1722/2144 2128/1653/2076
f 2197/1722/2144 2336/1849/2281 2337/1850/2282
f 2223/1748/2170 2336/1849/2281 2128/1653/2076
f 2338/1851/2283 2336/1849/2281 2223/1748/2170
f 2333/1846/2278 2220/1745/2167 2193/1718/2140
f 2339/1852/2284 2222/1747/2169 2206/1731/2153
f 2340/1853/2285 2341/1854/2286 2342/1855/2287
f 2343/1856/2288 2344/1857/2289 2345/1858/2290
f 2346/1859/2291 2347/1860/2292 2343/1856/2288
f 2348/1861/2293 2341/1854/2286 2340/1853/2285
f 2344/1857/2289 2343/1856/2288 2347/1860/2292
f 2341/1854/2286 2349/1862/2294 2350/1863/2295
f 2349/1862/2294 2341/1854/2286 2348/1861/2293
f 2351/1864/2296 2352/1865/2297 2353/1866/2298
f 2347/1860/2292 2354/1867/2299 2344/1857/2289
f 2355/1868/2300 2348/1861/2293 2340/1853/2285
f 2347/1860/2292 2346/1859/2291 2356/1869/2301
f 2351/1864/2296 2356/1869/2301 2346/1859/2291
f 2353/1866/2298 2357/1870/2302 2351/1864/2296
f 2357/1870/2302 2356/1869/2301 2351/1864/2296
f 2342/1855/2287 2333/1846/2278 2334/1847/2279
f 2341/1854/2286 2333/1846/2278 2342/1855/2287
f 2279/1796/2226 2358/1871/2303 2275/1794/2222
f 2358/1871/2303 2274/1793/2221 2275/1794/2222
f 2359/1872/2304 2279/1796/2226 2360/1873/2305
f 2354/1867/2299 2347/1860/2292 2361/1874/2306
f 2361/1874/2306 2347/1860/2292 2362/1875/2307
f 2356/1869/2301 2362/1875/2307 2347/1860/2292
f 2362/1875/2307 2356/1869/2301 2357/1870/2302
f 2355/1868/2300 2363/1876/2308 2348/1861/2293
f 2349/1862/2294 2348/1861/2293 2364/1877/2309
f 2357/1870/2302 2353/1866/2298 2365/1878/2310
f 2365/1878/2310 2366/1879/2311 2357/1870/2302
f 2348/1861/2293 2367/1880/2312 2364/1877/2309
f 2357/1870/2302 2368/1881/2313 2362/1875/2307
f 2369/1882/2314 2361/1874/2306 2362/1875/2307
f 2362/1875/2307 2368/1881/2313 2369/1882/2314
f 2361/1874/2306 2369/1882/2314 2370/1883/2315
f 2366/1879/2311 2368/1881/2313 2357/1870/2302
f 2274/1793/2221 2358/1871/2303 2371/1884/2316
f 2371/1884/2316 2372/1885/2317 2274/1793/2221
f 2279/1796/2226 2373/1886/2318 2358/1871/2303
f 2373/1886/2318 2279/1796/2226 2359/1872/2304
f 2359/1872/2304 2374/1887/2319 2375/1888/2320
f 2372/1885/2317 2371/1884/2316 2376/1889/2321
f 2365/1878/2310 2377/1890/2322 2366/1879/2311
f 2378/1891/2323 2372/1885/2317 2376/1889/2321
f 2379/1892/2324 2378/1891/2323 2376/1889/2321
f 2341/1854/2286 2335/1848/2280 2333/1846/2278
f 2331/1844/2276 2267/1786/2214 2266/1785/2213
f 2335/1848/2280 2341/1854/2286 2350/1863/2295
f 2223/1748/2170 2222/1747/2169 2338/1851/2283
f 2343/1856/2288 2337/1850/2282 2336/1849/2281
f 2274/1793/2221 2372/1885/2317 2271/1790/2218
f 2269/1788/2216 2271/1790/2218 2372/1885/2317
f 2372/1885/2317 2378/1891/2323 2269/1788/2216
f 2380/1893/2325 1949/1477/1897 1973/1499/1921
f 1949/1477/1897 2380/1893/2325 1941/1469/1889
f 2005/1530/1953 2380/1893/2325 1973/1499/1921
f 2380/1893/2325 2005/1530/1953 2381/1894/2326
f 1726/1257/1677 2330/1843/2275 2329/1842/2274
f 1727/1258/1678 2329/1842/2274 2325/1838/2270
f 2330/1843/2275 1769/1300/1720 2332/1845/2277
f 2330/1843/2275 1726/1257/1677 1769/1300/1720
f 2329/1842/2274 1727/1258/1678 1726/1257/1677
f 2326/1839/2271 1727/1258/1678 2325/1838/2270
f 2382/1895/2327 2326/1839/2271 2328/1841/2273
f 2345/1858/2290 2337/1850/2282 2343/1856/2288
f 1731/1262/1682 2326/1839/2271 2382/1895/2327
f 1727/1258/1678 2326/1839/2271 1731/1262/1682
f 2373/1886/2318 2359/1872/2304 2383/1896/2328
f 2343/1856/2288 2336/1849/2281 2346/1859/2291
f 2346/1859/2291 2336/1849/2281 2338/1851/2283
f 2222/1747/2169 2346/1859/2291 2338/1851/2283
f 2339/1852/2284 2351/1864/2296 2222/1747/2169
f 2351/1864/2296 2339/1852/2284 2352/1865/2297
f 2383/1896/2328 2359/1872/2304 2384/1897/2329
f 2359/1872/2304 2375/1888/2320 2384/1897/2329
f 2381/1894/2326 2005/1530/1953 2385/1898/2330
f 1732/1263/1683 2386/1899/2331 1757/1288/1708
f 1944/1472/1892 1756/1287/1707 1755/1286/1706
f 2346/1859/2291 2222/1747/2169 2351/1864/2296
f 2359/1872/2304 2360/1873/2305 2374/1887/2319
f 2387/1900/2332 2388/1901/2333 2389/1902/2334
f 2367/1880/2312 2348/1861/2293 2363/1876/2308
f 1910/1439/1859 1748/1279/1699 2390/1903/2335
f 2361/1874/2306 2389/1902/2334 2354/1867/2299
f 2363/1876/2308 2355/1868/2300 2390/1903/2335
f 2389/1902/2334 2361/1874/2306 2370/1883/2315
f 1748/1279/1699 2363/1876/2308 2390/1903/2335
f 2363/1876/2308 1750/1281/1701 2367/1880/2312
f 1750/1281/1701 2363/1876/2308 1748/1279/1699
f 1751/1282/1702 2391/1904/2336 2392/1890/2337
f 2387/1900/2332 2370/1883/2315 2393/1905/2338
f 2370/1883/2315 2387/1900/2332 2389/1902/2334
f 2391/1904/2336 2393/1905/2338 2394/1906/2339
f 2394/1906/2339 2393/1905/2338 2370/1883/2315
f 2370/1883/2315 2369/1882/2314 2394/1906/2339
f 2395/1907/2340 625/451/628 2396/1908/2341
f 2397/1909/2342 2398/1910/2343 2399/1911/2344
f 2400/1912/2345 2395/1907/2340 2396/1908/2341
f 2401/1913/2346 2395/1907/2340 2400/1912/2345
f 2402/1914/2347 2395/1907/2340 2401/1913/2346
f 2403/1915/2348 2404/1916/2349 2405/1917/2350
f 624/450/627 2406/1918/2351 625/451/628
f 2404/1916/2349 2407/1919/2352 2408/1920/2353
f 2404/1916/2349 2403/1915/2348 2407/1919/2352
f 2406/1918/2351 624/450/627 2409/1921/2354
f 2402/1914/2347 2410/1922/2355 2411/1923/2356
f 2412/1924/2357 2413/1925/2358 2414/1926/2359
f 2413/1925/2358 2412/1924/2357 2415/1927/2360
f 2399/1911/2344 2398/1910/2343 2416/1928/2361
f 2395/1907/2340 2402/1914/2347 2417/1929/2362
f 2401/1913/2346 2418/1930/2363 2402/1914/2347
f 2419/1931/2364 2410/1922/2355 2402/1914/2347
f 2400/1912/2345 2418/1930/2363 2401/1913/2346
f 2420/1932/2365 2402/1914/2347 2418/1930/2363
f 2416/1928/2361 2421/1933/2366 2399/1911/2344
f 2418/1930/2363 2400/1912/2345 2422/1934/2367
f 2423/1935/2368 2424/1936/2369 2425/1937/2370
f 2397/1909/2342 2426/1938/2371 2423/1935/2368
f 2414/1926/2359 2423/1935/2368 2425/1937/2370
f 2423/1935/2368 2414/1926/2359 2398/1910/2343
f 2398/1910/2343 2397/1909/2342 2423/1935/2368
f 2407/1919/2352 2427/1939/2372 2408/1920/2353
f 2409/1921/2354 2428/1940/2373 2429/1941/2374
f 2429/1941/2374 2428/1940/2373 2430/1942/2375
f 2431/1943/2376 2407/1919/2352 2403/1915/2348
f 2413/1925/2358 2398/1910/2343 2414/1926/2359
f 2398/1910/2343 2413/1925/2358 2416/1928/2361
f 2413/1925/2358 2432/1944/2377 2416/1928/2361
f 2421/1933/2366 2416/1928/2361 2432/1944/2377
f 2411/1923/2356 2417/1929/2362 2402/1914/2347
f 2417/1929/2362 2411/1923/2356 2433/1945/2378
f 2402/1914/2347 2420/1932/2365 2419/1931/2364
f 626/452/629 2395/1907/2340 2417/1929/2362
f 2425/1937/2370 2434/1946/2379 2435/1947/2380
f 2433/1945/2378 2436/1948/2381 2417/1929/2362
f 2435/1947/2380 2414/1926/2359 2425/1937/2370
f 2414/1926/2359 2435/1947/2380 2412/1924/2357
f 2426/1938/2371 2397/1909/2342 2405/1917/2350
f 2405/1917/2350 2404/1916/2349 2426/1938/2371
f 2437/1949/2382 2426/1938/2371 2404/1916/2349
f 2426/1938/2371 2437/1949/2382 2424/1936/2369
f 2424/1936/2369 2437/1949/2382 2434/1946/2379
f 2424/1936/2369 2423/1935/2368 2426/1938/2371
f 2438/1950/2383 2439/1951/2384 2440/1952/2385
f 2440/1952/2385 2441/1953/2386 2442/1954/2387
f 2440/1952/2385 2442/1954/2387 2438/1950/2383
f 2443/1955/2388 2442/1954/2387 2441/1953/2386
f 2434/1946/2379 2425/1937/2370 2424/1936/2369
f 2395/1907/2340 626/452/629 625/451/628
f 1587/1128/1539 1575/1117/1526 1578/1120/1529
f 1592/1132/1544 1578/1120/1529 1577/1119/1528
f 2444/1956/2389 626/452/629 2436/1948/2381
f 2434/1946/2379 2437/1949/2382 2445/1957/2390
f 626/452/629 2444/1956/2389 627/453/630
f 2417/1929/2362 2436/1948/2381 626/452/629
f 2404/1916/2349 2446/1958/2391 2437/1949/2382
f 2428/1940/2373 2409/1921/2354 624/450/627
f 627/453/630 2447/1959/2392 624/450/627
f 2447/1959/2392 2428/1940/2373 624/450/627
f 2448/1960/2393 2430/1942/2375 2428/1940/2373
f 2446/1958/2391 2404/1916/2349 2408/1920/2353
f 2428/1940/2373 2449/1961/2394 2448/1960/2393
f 2450/1962/2395 2445/1957/2390 2437/1949/2382
f 2451/1963/2396 627/453/630 2444/1956/2389
f 2437/1949/2382 2446/1958/2391 2452/1964/2397
f 2437/1949/2382 2452/1964/2397 2450/1962/2395
f 2408/1920/2353 2453/1965/2398 2446/1958/2391
f 2428/1940/2373 2447/1959/2392 2449/1961/2394
f 2447/1959/2392 627/453/630 2451/1963/2396
f 2454/1966/2399 2452/1964/2397 2446/1958/2391
f 2453/1965/2398 2454/1966/2399 2446/1958/2391
f 2452/1964/2397 2455/1967/2400 2450/1962/2395
f 2452/1964/2397 2454/1966/2399 2455/1967/2400
f 2447/1959/2392 2456/1968/2401 2449/1961/2394
f 2451/1963/2396 2457/1969/2402 2447/1959/2392
f 2449/1961/2394 2456/1968/2401 2458/1970/2403
f 2456/1968/2401 2447/1959/2392 2457/1969/2402
f 2459/1971/2404 2460/1972/2405 2461/1973/2406
f 2462/1974/2407 2463/1975/2408 2464/1976/2409
f 2450/1962/2395 2455/1967/2400 2465/1977/2410
f 2461/1973/2406 2460/1972/2405 2466/1978/2411
f 2467/1979/2412 2468/1980/2413 2469/1981/2414
f 2470/1982/2415 2407/1919/2352 2431/1943/2376
f 2407/1919/2352 2470/1982/2415 2427/1939/2372
f 2429/1941/2374 2471/1983/2416 2409/1921/2354
f 2406/1918/2351 2409/1921/2354 2471/1983/2416
f 2403/1915/2348 2472/1984/2417 2431/1943/2376
f 2471/1983/2416 2473/1985/2418 2406/1918/2351
f 2429/1941/2374 2474/1986/2419 2475/1987/2420
f 2471/1983/2416 2429/1941/2374 2475/1987/2420
f 2474/1986/2419 2429/1941/2374 2430/1942/2375
f 2474/1986/2419 2476/1988/2421 2475/1987/2420
f 2476/1988/2421 2474/1986/2419 2477/1989/2422
f 2473/1985/2418 2475/1987/2420 2476/1988/2421
f 2475/1987/2420 2473/1985/2418 2471/1983/2416
f 2478/1990/2423 2479/1991/2424 2480/1992/2425
f 2481/604/2426 2480/1992/2425 2479/1991/2424
f 2482/1993/2427 2483/1994/2428 2484/1995/2429
f 2485/1996/2430 691/515/688 1272/886/1232
f 2486/1997/2431 2484/1995/2429 2483/1994/2428
f 2487/1998/2432 2486/1997/2431 2483/1994/2428
f 2483/1994/2428 2488/1996/2433 2487/1998/2432
f 2489/1999/2434 2487/1998/2432 2488/1996/2433
f 2490/2000/2435 2491/2001/2436 2492/2002/2437
f 2493/2003/2438 2494/2004/2439 2495/2005/2440
f 2491/2001/2436 2490/2000/2435 2496/2006/2441
f 2497/2007/2442 2496/2006/2441 2490/2000/2435
f 2498/2008/2443 2491/2001/2436 2499/2009/2444
f 2496/2006/2441 2499/2009/2444 2491/2001/2436
f 2496/2006/2441 2497/2007/2442 2500/2010/2445
f 2501/2011/2446 2496/2006/2441 2500/2010/2445
f 2487/1998/2432 2489/1999/2434 2502/2012/2447
f 2503/2012/2448 2504/2013/2449 2505/2014/2450
f 2485/1996/2430 1272/886/1232 2505/2014/2450
f 2505/2014/2450 2504/2013/2449 2485/1996/2430
f 2506/2015/2451 2494/2004/2439 2493/2003/2438
f 2507/2016/2452 2508/2017/2453 2493/2003/2438
f 2509/2018/2454 2508/2017/2453 2507/2016/2452
f 2510/2019/2455 2493/2003/2438 2511/2020/2456
f 2511/2020/2456 2493/2003/2438 2495/2005/2440
f 2493/2003/2438 2510/2019/2455 2507/2016/2452
f 2498/2008/2443 2499/2009/2444 2512/2021/2457
f 2513/2022/2458 2514/2023/2459 2515/2024/2460
f 2516/2025/2461 2517/2026/2462 2518/2027/2463
f 2514/2023/2459 2519/2028/2464 2515/2024/2460
f 2520/2029/2465 2515/2024/2460 2519/2028/2464
f 2515/2024/2460 2520/2029/2465 2521/2030/2466
f 2522/2031/2467 2521/2030/2466 2520/2029/2465
f 2517/2026/2462 2523/2032/2468 2518/2027/2463
f 2515/2024/2460 2521/2030/2466 2513/2022/2458
f 2523/2032/2468 2524/2033/2469 2525/2022/2470
f 2516/2025/2461 2518/2027/2463 2526/2034/2471
f 2527/2035/2472 2509/2018/2454 2528/2036/2473
f 2507/2016/2452 2442/1954/2387 2509/2018/2454
f 2442/1954/2387 2528/2036/2473 2509/2018/2454
f 2517/2026/2462 2524/2033/2469 2523/2032/2468
f 2442/1954/2387 2443/1955/2388 2528/2036/2473
f 2522/2031/2467 2519/2028/2464 2529/2034/2474
f 2516/2025/2461 2524/2033/2469 2517/2026/2462
f 2522/2031/2467 2520/2029/2465 2519/2028/2464
f 2478/1990/2423 2480/1992/2425 2482/1993/2427
f 2483/1994/2428 2482/1993/2427 2480/1992/2425
f 2480/1992/2425 2488/1996/2433 2483/1994/2428
f 2494/2004/2439 2506/2015/2451 2530/2037/2475
f 2492/2002/2437 2531/2038/2476 2490/2000/2435
f 2488/1996/2433 2480/1992/2425 2532/2039/2477
f 2531/2038/2476 2533/2040/2478 2534/2041/2479
f 2531/2038/2476 2534/2041/2479 2490/2000/2435
f 2480/1992/2425 2535/517/2480 2532/2039/2477
f 2480/1992/2425 2481/604/2426 2535/517/2480
f 2536/2042/2481 2534/2041/2479 2537/2043/2482
f 2489/1999/2434 2488/1996/2433 2532/2039/2477
f 2504/2013/2449 2538/2044/2483 2485/1996/2430
f 2485/1996/2430 2538/2044/2483 691/515/688
f 2508/2017/2453 2506/2015/2451 2493/2003/2438
f 2539/2045/2484 2506/2015/2451 2508/2017/2453
f 2540/2046/2485 2539/2045/2484 2508/2017/2453
f 2506/2015/2451 2541/2047/2486 2530/2037/2475
f 2539/2045/2484 2540/2046/2485 2542/2048/2487
f 2541/2047/2486 2506/2015/2451 2543/2049/2488
f 2543/2049/2488 2506/2015/2451 2539/2045/2484
f 2544/2050/2489 2542/2048/2487 2545/2051/2490
f 2542/2048/2487 2544/2050/2489 2546/2052/2491
f 2542/2048/2487 2546/2052/2491 2539/2045/2484
f 2539/2045/2484 2546/2052/2491 2543/2049/2488
f 2497/2007/2442 2490/2000/2435 2536/2042/2481
f 2534/2041/2479 2536/2042/2481 2490/2000/2435
f 2547/2053/2492 2548/2054/2493 2549/2055/2494
f 2550/2056/2495 2549/2055/2494 2548/2054/2493
f 2549/2055/2494 2550/2056/2495 2551/2057/2496
f 2551/2057/2496 2514/2023/2459 2549/2055/2494
f 2552/2058/2497 2514/2023/2459 2551/2057/2496
f 2552/2058/2497 2551/2057/2496 2529/2034/2474
f 2529/2034/2474 2519/2028/2464 2552/2058/2497
f 2519/2028/2464 2514/2023/2459 2552/2058/2497
f 2540/2046/2485 2527/2035/2472 2545/2051/2490
f 2508/2017/2453 2509/2018/2454 2540/2046/2485
f 2527/2035/2472 2540/2046/2485 2509/2018/2454
f 2545/2051/2490 2542/2048/2487 2540/2046/2485
f 2553/2053/2498 2554/2055/2499 2555/2054/2500
f 2556/2059/2501 2555/2054/2500 2554/2055/2499
f 2547/2053/2492 2549/2055/2494 2557/2060/2502
f 2554/2055/2499 2553/2053/2498 2558/2060/2503
f 2556/2059/2501 2554/2055/2499 2559/2057/2504
f 2557/2060/2502 2549/2055/2494 2514/2023/2459
f 2558/2060/2503 2560/2061/2505 2554/2055/2499
f 2559/2057/2504 2554/2055/2499 2560/2061/2505
f 2561/2062/2506 2550/2056/2495 2562/2063/2507
f 2561/2062/2506 2551/2057/2496 2550/2056/2495
f 2556/2059/2501 2563/2062/2508 2564/2064/2509
f 2563/2062/2508 2556/2059/2501 2559/2057/2504
f 2529/2034/2474 2551/2057/2496 2561/2062/2506
f 2559/2057/2504 2526/2034/2471 2563/2062/2508
f 2557/2060/2502 2514/2023/2459 2565/2065/2510
f 2560/2061/2505 2558/2060/2503 2566/2065/2511
f 2514/2023/2459 2513/2022/2458 2565/2065/2510
f 2566/2065/2511 2524/2033/2469 2560/2061/2505
f 2525/2022/2470 2524/2033/2469 2566/2065/2511
f 2524/2033/2469 2516/2025/2461 2567/2058/2512
f 2560/2061/2505 2567/2058/2512 2559/2057/2504
f 2526/2034/2471 2559/2057/2504 2567/2058/2512
f 2567/2058/2512 2560/2061/2505 2524/2033/2469
f 2516/2025/2461 2526/2034/2471 2567/2058/2512
f 2568/2066/2513 2569/2067/2514 1801/1332/1752
f 1801/1332/1752 1802/1333/1753 2568/2066/2513
f 2570/2068/2515 2571/2069/2516 1826/1357/1776
f 2572/2070/2517 2573/2071/2518 2574/2072/2519
f 2571/2069/2516 2570/2068/2515 2575/2073/1863
f 2576/2072/2519 2577/2074/2520 2578/2075/2521
f 2579/2076/2522 2580/2077/2523 2581/2078/2524
f 2582/2079/2525 2583/2080/2526 2584/2081/2527
f 2583/2080/2526 2582/2079/2525 2585/2075/2521
f 2586/2079/2528 2587/2082/2529 2588/2078/2530
f 1665/1199/1615 1664/1198/1614 2589/2083/2531
f 2590/2084/2532 2591/1198/2533 2592/2085/2534
f 2593/2086/2535 2592/2085/2534 2591/1198/2533
f 2594/2087/2536 2595/2088/2537 2596/2089/2538
f 2597/2090/2539 2598/2091/2540 2599/2092/2541
f 1647/1181/1597 2600/2093/2542 1626/1160/1576
f 2600/2093/2542 1647/1181/1597 2601/2094/2543
f 2602/2095/2544 2603/2096/2545 2604/2097/2546
f 2605/2098/2547 2602/2095/2544 2604/2097/2546
f 2606/2099/2548 2533/2040/2478 2607/2100/2549
f 1626/1160/1576 2600/2093/2542 1624/1158/1574
f 2600/2093/2542 2608/2101/2550 1624/1158/1574
f 1691/1224/1641 2609/2102/2551 1702/1235/1653
f 1680/1213/1630 2609/2102/2551 1691/1224/1641
f 1826/1357/1776 1839/1370/1789 2570/2068/2515
f 2610/2103/2552 2570/2068/2515 1839/1370/1789
f 1628/1162/1578 1771/1302/1722 2611/2104/2553
f 2577/2074/2520 2576/2072/2519 2612/2105/2554
f 1628/1162/1578 1630/1164/1580 1771/1302/1722
f 1227/870/1190 1155/841/1117 1144/836/1114
f 1900/1429/1849 1899/1428/1848 2613/2106/2555
f 1710/1241/1661 2614/2107/2556 1711/1242/1662
f 1753/1284/1704 2391/1904/2336 1751/1282/1702
f 1148/838/1118 1224/878/1187 1144/836/1114
f 1743/1274/1694 1728/1259/1679 2615/2108/2557
f 769/497/763 681/505/678 826/618/814
f 2393/1905/2338 2391/1904/2336 1753/1284/1704
f 1151/838/1121 1150/836/1120 1226/878/1189
f 1726/1257/1677 1767/1298/1718 1769/1300/1720
f 1209/869/1172 1153/839/1123 1216/868/1180
f 1725/1256/1676 1767/1298/1718 1726/1257/1677
f 2573/2071/2518 2572/2070/2517 2616/2109/2558
f 2541/2047/2486 2617/2110/2559 2618/2111/2560
f 2619/2112/2561 2620/2113/2562 2621/2114/2563
f 2594/2087/2536 2618/2111/2560 2617/2110/2559
f 2606/2099/2548 2607/2100/2549 2622/2115/2564
f 2623/2116/2565 2617/2110/2559 2624/2117/2566
f 2623/2116/2565 2624/2117/2566 2625/2118/2567
f 2617/2110/2559 2623/2116/2565 2594/2087/2536
f 2605/2098/2547 2604/2097/2546 2626/2119/2568
f 2546/2052/2491 2627/2120/2569 2625/2118/2567
f 2562/2063/2507 2619/2112/2561 2621/2114/2563
f 2626/2119/2568 2604/2097/2546 2628/2121/2570
f 2618/2111/2560 2594/2087/2536 2629/2122/2571
f 2581/2078/2524 2580/2077/2523 2630/2123/2572
f 2631/2124/2573 2579/2076/2574 2632/2125/2575
f 2564/2064/2509 2633/2126/2576 2556/2059/2501
f 2634/2127/2577 2635/2128/2578 2636/2129/2579
f 2544/2050/2489 2627/2120/2569 2546/2052/2491
f 2550/2056/2495 2619/2112/2561 2562/2063/2507
f 2635/2128/2578 2634/2127/2577 2637/2130/2580
f 2638/2131/2581 2639/2132/2582 2640/2133/2583
f 2641/2134/2584 2642/2135/2585 2580/2077/2586
f 2635/2128/2578 2643/2070/2517 2644/2136/2587
f 2643/2070/2517 2635/2128/2578 2637/2130/2580
f 2645/2137/2588 2646/2138/2589 2647/2139/2590
f 2648/2140/2591 2649/2137/2592 2650/2141/2593
f 2639/2132/2582 2638/2131/2581 2651/2142/2594
f 2652/2143/2595 1661/1195/1611 1663/1197/1613
f 2653/2144/2596 2650/2141/2593 2649/2137/2592
f 2642/2135/2585 2641/2134/2584 2654/2145/2597
f 2647/2139/2590 2655/2146/2598 2645/2137/2588
f 2571/2069/2516 1907/1436/1856 1826/1357/1776
f 2656/2147/2599 2657/2148/2600 2638/2131/2601
f 2658/2149/2602 2592/2085/2603 2659/2137/2604
f 2537/2043/2482 2606/2099/2548 2660/2150/2605
f 2661/2146/2606 2662/2151/2607 2663/2137/2608
f 2664/1199/1615 2665/2152/2609 2666/2153/2610
f 2658/2149/2602 2659/2137/2604 2662/2151/2607
f 2660/2150/2605 2606/2099/2548 2667/2154/2611
f 2599/2092/2541 2667/2154/2611 2606/2099/2548
f 2624/2117/2566 2546/2052/2491 2625/2118/2567
f 2546/2052/2491 2624/2117/2566 2543/2049/2488
f 2668/2155/2612 2556/2059/2501 2633/2126/2576
f 2668/2155/2612 2555/2054/2500 2556/2059/2501
f 2543/2049/2488 2624/2117/2566 2617/2110/2559
f 2669/2156/2613 2605/2098/2547 2626/2119/2568
f 2543/2049/2488 2617/2110/2559 2541/2047/2486
f 2600/2093/2542 2670/2157/2550 2608/2101/2550
f 2599/2092/2541 2606/2099/2548 2597/2090/2539
f 2605/2098/2547 2671/2158/2614 2672/2159/2615
f 2594/2087/2536 2596/2089/2538 2629/2122/2571
f 2671/2158/2614 2605/2098/2547 2669/2156/2613
f 2673/2160/2616 2575/2073/1863 2570/2068/2515
f 2674/2161/1857 2575/2073/1863 2673/2160/2616
f 2570/2068/2515 2610/2103/2552 2673/2160/2616
f 2605/2098/2547 2672/2159/2615 2602/2095/2544
f 2533/2040/2478 2606/2099/2548 2534/2041/2479
f 2606/2099/2548 2537/2043/2482 2534/2041/2479
f 2548/2054/2493 2619/2112/2561 2550/2056/2495
f 2606/2099/2548 2622/2115/2564 2597/2090/2539
f 2625/2118/2567 2627/2120/2569 2675/2162/2617
f 2625/2118/2567 2675/2162/2617 2676/2163/2618
f 2623/2116/2565 2625/2118/2567 2676/2163/2618
f 2677/2164/2619 2678/2165/2620 2679/2166/2621
f 2678/2165/2620 2677/2164/2619 2680/2167/2622
f 2678/2165/2620 2681/2168/2623 2679/2166/2621
f 2681/2168/2623 2682/2169/2624 2683/2170/2625
f 2682/2169/2624 2681/2168/2623 2678/2165/2620
f 2684/2171/2626 2685/2172/2627 2686/2173/2628
f 2687/2174/2629 2683/2170/2625 2682/2169/2624
f 2680/2167/2622 2688/2175/2630 2678/2165/2620
f 2682/2169/2624 2689/2176/2631 2687/2174/2629
f 2682/2169/2624 2678/2165/2620 2688/2175/2630
f 2688/2175/2630 2680/2167/2622 2690/2177/2632
f 2691/2178/2633 2682/2169/2624 2688/2175/2630
f 2603/2096/2545 2692/2179/2634 2604/2097/2546
f 2689/2176/2631 2682/2169/2624 2691/2178/2633
f 2693/2180/2635 1907/1436/1856 2571/2069/2516
f 2599/2092/2541 2694/2181/2636 2667/2154/2611
f 2695/2182/2637 2676/2163/2618 2675/2162/2617
f 2601/2094/2543 2686/2173/2628 2685/2172/2627
f 2696/2183/2638 2599/2092/2541 2598/2091/2540
f 2595/2088/2537 2594/2087/2536 2697/2184/2639
f 2676/2163/2618 2698/2185/2640 2623/2116/2565
f 2623/2116/2565 2697/2184/2639 2594/2087/2536
f 2628/2121/2570 2604/2097/2546 2699/2186/2641
f 2604/2097/2546 2700/2187/2642 2699/2186/2641
f 1907/1436/1856 2693/2180/2635 2701/2188/2643
f 2701/2188/2643 2693/2180/2635 2702/2189/2644
f 2703/2190/2645 2604/2097/2546 2692/2179/2634
f 2604/2097/2546 2703/2190/2645 2704/2191/2646
f 2701/2188/2643 2702/2189/2644 2705/2192/2644
f 2683/2170/2625 2706/2193/2647 2681/2168/2623
f 2679/2166/2621 2681/2168/2623 2707/2194/2648
f 2708/2195/2649 2709/2196/2650 2710/2197/2651
f 2679/2166/2621 2707/2194/2648 2677/2164/2619
f 2700/2187/2642 2604/2097/2546 2704/2191/2646
f 2711/2198/2652 2708/2195/2649 2712/2199/2653
f 2713/2200/2654 2714/2201/2655 2715/2202/2656
f 2709/2196/2650 2708/2195/2649 2711/2198/2652
f 2709/2196/2650 2711/2198/2652 1705/1238/1656
f 2684/2171/2626 2686/2173/2628 2716/2203/2657
f 2717/2204/2658 2680/2167/2622 2677/2164/2619
f 2718/2205/2659 2719/2206/2660 2720/2207/2661
f 2683/2170/2625 2687/2174/2629 2718/2205/2659
f 2680/2167/2622 2717/2204/2658 2721/2208/2662
f 2681/2168/2623 2706/2193/2647 2722/2209/2663
f 2723/2210/2664 2714/2201/2655 2713/2200/2654
f 2707/2194/2648 2681/2168/2623 2722/2209/2663
f 2714/2201/2655 2724/2211/2665 2715/2202/2656
f 2676/2163/2618 2695/2182/2637 2725/2212/2666
f 2694/2181/2636 2599/2092/2541 2696/2183/2638
f 2726/2213/2667 2727/2214/2668 2728/2215/2669
f 2729/2216/2670 2726/2213/2667 2728/2215/2669
f 2726/2213/2667 2713/2200/2654 2727/2214/2668
f 2713/2200/2654 2730/2217/2671 2727/2214/2668
f 2698/2185/2640 2676/2163/2618 2725/2212/2666
f 2697/2184/2639 2623/2116/2565 2698/2185/2640
f 2731/2218/2672 2732/2219/2673 2733/2220/2674
f 2731/2218/2672 2733/2220/2674 2729/2216/2670
f 2734/2221/2675 2735/2222/2676 2732/2219/2673
f 2736/2223/2677 2737/2224/2678 2738/2225/2679
f 2732/2219/2673 2735/2222/2676 2739/2226/2680
f 2739/2226/2680 2733/2220/2674 2732/2219/2673
f 2713/2200/2654 2726/2213/2667 2740/2227/2681
f 2729/2216/2670 2741/2228/2682 2726/2213/2667
f 2726/2213/2667 2741/2228/2682 2740/2227/2681
f 2677/2164/2619 2707/2194/2648 2742/2229/2683
f 2733/2220/2674 2741/2228/2682 2729/2216/2670
f 2712/2199/2653 2743/2230/2684 2711/2198/2652
f 2730/2217/2671 2713/2200/2654 2715/2202/2656
f 2721/2208/2662 2690/2177/2632 2680/2167/2622
f 2718/2205/2659 2744/2231/2685 2719/2206/2660
f 2737/2224/2678 2745/2232/2686 2738/2225/2679
f 2740/2227/2681 2723/2210/2664 2713/2200/2654
f 2745/2232/2686 2723/2210/2664 2740/2227/2681
f 2687/2174/2629 2689/2176/2631 2718/2205/2659
f 2601/2094/2543 1647/1181/1597 1656/1190/1606
f 1678/1211/1628 2743/2230/2684 1679/1212/1629
f 2746/2233/2687 2747/2234/2688 2748/2235/2689
f 2686/2173/2628 2601/2094/2543 1656/1190/1606
f 2748/2235/2689 2747/2234/2688 2749/2236/2690
f 2741/2228/2682 2745/2232/2686 2740/2227/2681
f 2741/2228/2682 2738/2225/2679 2745/2232/2686
f 2750/2237/2691 2751/2238/2692 2752/2239/2693
f 2753/2240/2694 2738/2225/2679 2741/2228/2682
f 2754/2241/2695 2755/2242/2696 2756/2243/2697
f 2743/2230/2684 1678/1211/1628 2711/2198/2652
f 2741/2228/2682 2733/2220/2674 2753/2240/2694
f 2733/2220/2674 2739/2226/2680 2753/2240/2694
f 2708/2195/2649 2757/2244/2698 2712/2199/2653
f 2742/2229/2683 2758/2245/2699 2677/2164/2619
f 2750/2237/2691 2752/2239/2693 2759/2246/2700
f 2703/2190/2645 2464/1976/2409 2704/2191/2646
f 2700/2187/2642 2704/2191/2646 2464/1976/2409
f 2716/2203/2657 2760/2247/2701 2684/2171/2626
f 2464/1976/2409 2703/2190/2645 2462/1974/2407
f 2761/2248/2702 2724/2211/2665 2714/2201/2655
f 2761/2248/2702 2762/2249/2703 2736/2223/2677
f 2737/2224/2678 2736/2223/2677 2762/2249/2703
f 2763/2250/2704 2720/2207/2661 2764/2251/2705
f 2683/2170/2625 2763/2250/2704 2706/2193/2647
f 2677/2164/2619 2758/2245/2699 2717/2204/2658
f 2720/2207/2661 2763/2250/2704 2718/2205/2659
f 2763/2250/2704 2683/2170/2625 2718/2205/2659
f 1705/1238/1656 2711/2198/2652 1678/1211/1628
f 2744/2231/2685 2718/2205/2659 2689/2176/2631
f 2765/2252/2706 2766/2253/2707 2767/2254/2708
f 2767/2254/2708 2766/2253/2707 2768/2255/2709
f 2766/2253/2707 2769/2256/2710 2768/2255/2709
f 2770/2257/2711 2771/2258/2712 2772/2259/2713
f 2773/2260/2714 2772/2259/2713 2774/2261/2715
f 2775/2262/2716 2776/2263/2717 2777/2264/2718
f 2778/2265/2719 2777/2264/2718 2776/2263/2717
f 2779/2266/2720 2780/2267/2721 2781/2268/2722
f 2782/2269/2723 2783/2270/2724 2784/2271/2725
f 2785/1049/2726 2786/2272/2727 2787/2273/2728
f 2774/2261/2715 2772/2259/2713 2771/2258/2712
f 2788/2274/2729 2784/2271/2725 2783/2270/2724
f 2786/2272/2727 2785/1049/2726 2789/2275/2730
f 2790/2276/2731 2773/2260/2714 2774/2261/2715
f 2791/2277/2732 2784/2271/2725 2788/2274/2729
f 2792/2278/2733 2789/2275/2730 2785/1049/2726
f 2793/2279/2734 2778/2265/2719 2776/2263/2717
f 2779/2266/2720 2794/2280/2735 2780/2267/2721
f 2771/2258/2712 2795/2281/2736 2796/2282/2737
f 2797/2283/2738 2798/2284/2739 2799/2285/2740
f 2799/2285/2740 2800/2286/2741 2797/2283/2738
f 2801/2287/2742 2800/2286/2741 2799/2285/2740
f 2801/2287/2742 2802/2288/2743 2803/2289/2744
f 2795/2281/2736 2770/2257/2711 2804/2290/2745
f 2805/2291/2746 2804/2290/2745 2806/2292/2747
f 2804/2290/2745 2770/2257/2711 2806/2292/2747
f 2771/2258/2712 2770/2257/2711 2795/2281/2736
f 2774/2261/2715 2807/2293/2748 2790/2276/2731
f 2805/2291/2746 2808/2294/2749 2804/2290/2745
f 2768/2255/2709 2769/2256/2710 2809/2295/2750
f 2810/1763/2751 2811/2296/2752 2812/2297/2753
f 2813/2298/2754 2814/2299/2755 2815/2300/2756
f 2816/1049/2757 2817/2301/2758 2818/1508/2759
f 2819/2302/2760 2820/1507/2761 2821/2303/2762
f 2810/1763/2751 2822/2304/2763 2811/2296/2752
f 2816/1049/2757 2823/2305/2764 2824/2306/2765
f 2823/2305/2764 2816/1049/2757 2818/1508/2759
f 2819/2302/2760 2825/2307/2766 2820/1507/2761
f 2826/1784/2767 2814/2299/2755 2813/2298/2754
f 2827/2308/2768 2825/2307/2766 2819/2302/2760
f 2828/1783/2769 2811/2296/2752 2822/2304/2763
f 2829/2309/2770 2824/2306/2765 2823/2305/2764
f 2830/2310/2771 2831/2311/2772 2832/2312/2773
f 2833/2313/2774 2834/2314/2775 2835/2315/2776
f 2464/1976/2409 2836/2316/2777 2837/2317/2778
f 2710/2197/2651 2838/2318/2779 2708/2195/2649
f 2835/2315/2776 2798/2284/2739 2797/2283/2738
f 2757/2244/2698 2708/2195/2649 2838/2318/2779
f 2700/2187/2642 2464/1976/2409 2837/2317/2778
f 2839/2319/2780 2840/2320/2781 2841/2321/2782
f 2702/2189/2644 2842/2322/2783 2705/2192/2644
f 2838/2318/2779 2710/2197/2651 2843/2323/2784
f 2844/2324/2785 2845/2325/2786 2846/2326/2787
f 2845/2325/2786 2844/2324/2785 2847/2327/2788
f 2835/2315/2776 2834/2314/2775 2798/2284/2739
f 2848/2328/2789 2849/2329/2790 2850/2330/2791
f 2851/2331/2792 2852/2332/2793 2853/2333/2794
f 2850/2330/2791 2854/2334/2795 2848/2328/2789
f 2853/2333/2794 2855/2335/2796 2851/2331/2792
f 2856/2336/2797 2857/2337/2798 2851/2331/2792
f 2858/2338/2799 2854/2334/2795 2850/2330/2791
f 2857/2337/2798 2856/2336/2797 2858/2338/2799
f 2803/2289/2744 2859/2339/2800 2860/2340/2801
f 2754/2241/2695 2861/2341/2802 2755/2242/2696
f 2757/2244/2698 2838/2318/2779 2862/2342/2803
f 2861/2341/2802 2754/2241/2695 2863/2343/2804
f 2862/2342/2803 2864/2344/2805 2757/2244/2698
f 2839/2319/2780 2865/2345/1056 2840/2320/2781
f 2851/2331/2792 2866/2346/2806 2773/2260/2714
f 2858/2338/2799 2866/2346/2806 2857/2337/2798
f 2867/2347/2807 2838/2318/2779 2843/2323/2784
f 2867/2347/2807 2862/2342/2803 2838/2318/2779
f 2845/2325/2786 2847/2327/2788 2868/2348/2808
f 2869/2349/2809 2870/2350/2810 2871/2351/2811
f 2859/2339/2800 2872/2352/2812 2873/2353/2813
f 2872/2352/2812 2802/2288/2743 2874/2354/2814
f 2874/2354/2814 2798/2284/2739 2875/2355/2815
f 2875/2355/2815 2798/2284/2739 2834/2314/2775
f 2859/2339/2800 2802/2288/2743 2872/2352/2812
f 2799/2285/2740 2874/2354/2814 2802/2288/2743
f 2859/2339/2800 2803/2289/2744 2802/2288/2743
f 2798/2284/2739 2874/2354/2814 2799/2285/2740
f 2799/2285/2740 2802/2288/2743 2801/2287/2742
f 2866/2346/2806 2851/2331/2792 2857/2337/2798
f 2848/2328/2789 2854/2334/2795 2876/2356/2816
f 2851/2331/2792 2855/2335/2796 2856/2336/2797
f 2877/2357/2817 2878/2358/2818 2879/2359/2818
f 2812/2297/2753 2880/2360/2819 2810/1763/2751
f 2881/2361/2820 2815/2300/2756 2814/2299/2755
f 2878/2358/2818 2882/2362/2821 2879/2359/2818
f 2883/2363/2822 2817/2301/2758 2816/1049/2757
f 2884/2364/2823 2819/2302/2760 2821/2303/2762
f 2793/2279/2734 2885/2361/2824 2778/2265/2719
f 2850/2330/2791 2806/2292/2747 2858/2338/2799
f 2806/2292/2747 2849/2329/2790 2805/2291/2746
f 2773/2260/2714 2790/2276/2731 2852/2332/2793
f 2770/2257/2711 2886/2365/2825 2806/2292/2747
f 2772/2259/2713 2886/2365/2825 2770/2257/2711
f 2887/2366/2826 2787/2273/2728 2786/2272/2727
f 2849/2329/2790 2806/2292/2747 2850/2330/2791
f 2854/2334/2795 2858/2338/2799 2888/2367/2827
f 2852/2332/2793 2851/2331/2792 2773/2260/2714
f 2886/2365/2825 2858/2338/2799 2806/2292/2747
f 2866/2346/2806 2858/2338/2799 2886/2365/2825
f 2866/2346/2806 2772/2259/2713 2773/2260/2714
f 2886/2365/2825 2772/2259/2713 2866/2346/2806
f 2888/2367/2827 2858/2338/2799 2856/2336/2797
f 2791/2277/2732 2788/2274/2729 2889/2368/2828
f 2847/2327/2788 2890/2369/2829 2868/2348/2808
f 2891/2370/2830 2862/2342/2803 2867/2347/2807
f 2862/2342/2803 2892/2371/2831 2864/2344/2805
f 2863/2343/2804 2893/2372/2832 2861/2341/2802
f 2894/2373/2833 2766/2253/2707 2895/2374/2834
f 2896/2375/2835 2895/2374/2834 2897/2376/2836
f 2895/2374/2834 2766/2253/2707 2897/2376/2836
f 2898/2377/2837 2899/2378/2838 2900/2379/2839
f 2901/2380/2840 2902/2381/2841 2903/2382/2842
f 2904/2383/2843 2898/2377/2837 2900/2379/2839
f 2904/2383/2843 2900/2379/2839 2905/2384/2844
f 2906/2385/2845 2861/2341/2802 2907/2386/2846
f 2908/2387/2847 2909/2388/2848 2910/2389/2849
f 2911/2390/2850 2766/2253/2707 2894/2373/2833
f 2912/2391/2851 2913/2392/2852 2914/2393/2853
f 2915/2394/2854 2901/2380/2840 2916/2395/2855
f 2917/2396/2856 2832/2312/2773 2831/2311/2772
f 2918/2397/2857 2847/2327/2788 2919/2398/2858
f 2920/2399/2859 2847/2327/2788 2918/2397/2857
f 2916/2395/2855 2901/2380/2840 2903/2382/2842
f 2921/2400/2860 2922/2401/2861 2923/2402/2862
f 2901/2380/2840 2915/2394/2854 2924/2403/2863
f 2831/2311/2772 2899/2378/2838 2917/2396/2856
f 2917/2396/2856 2925/2404/2864 2832/2312/2773
f 2917/2396/2856 2926/2405/2865 2925/2404/2864
f 2917/2396/2856 2899/2378/2838 2926/2405/2865
f 2765/2252/2706 2926/2405/2865 2897/2376/2836
f 2927/2406/2866 2923/2402/2862 2928/2407/2867
f 2928/2407/2867 2923/2402/2862 2922/2401/2861
f 2929/2408/2868 2930/2409/2869 2909/2388/2848
f 2909/2388/2848 2908/2387/2847 2929/2408/2868
f 2861/2341/2802 2893/2372/2832 2907/2386/2846
f 2929/2408/2868 2908/2387/2847 2931/2410/2870
f 2892/2371/2831 2862/2342/2803 2932/2411/2871
f 2931/2410/2870 2933/2412/2872 2929/2408/2868
f 2930/2409/2869 2929/2408/2868 2933/2412/2872
f 2861/2341/2802 2906/2385/2845 2934/2413/2873
f 2899/2378/2838 2831/2311/2772 2935/2414/2874
f 2766/2253/2707 2911/2390/2850 2769/2256/2710
f 2900/2379/2839 2899/2378/2838 2935/2414/2874
f 2932/2411/2871 2862/2342/2803 2891/2370/2830
f 2890/2369/2829 2847/2327/2788 2920/2399/2859
f 2936/2415/2875 2937/2416/2876 2908/2387/2847
f 2896/2375/2835 2938/2417/2877 2895/2374/2834
f 2898/2377/2837 2939/2418/2878 2896/2375/2835
f 2938/2417/2877 2894/2373/2833 2895/2374/2834
f 2938/2417/2877 2896/2375/2835 2939/2418/2878
f 2940/2419/2879 2941/2420/2880 2942/2421/2881
f 2943/2422/2882 2944/2423/2883 2945/2424/2884
f 2928/2407/2867 2946/2425/2885 2927/2406/2866
f 2896/2375/2835 2926/2405/2865 2899/2378/2838
f 2947/2426/2886 2945/2424/2884 2944/2423/2883
f 2847/2327/2788 2948/2427/2887 2919/2398/2858
f 2926/2405/2865 2896/2375/2835 2897/2376/2836
f 2948/2427/2887 2847/2327/2788 2844/2324/2785
f 2899/2378/2838 2898/2377/2837 2896/2375/2835
f 2937/2416/2876 2840/2320/2781 2908/2387/2847
f 2949/2428/2888 2950/2429/2889 2951/2430/2890
f 2952/2431/2891 2950/2429/2889 2949/2428/2888
f 2953/2432/2892 2861/2341/2802 2934/2413/2873
f 2954/2433/2893 2955/2434/2894 2750/2237/2691
f 2755/2242/2696 2861/2341/2802 2953/2432/2892
f 2956/2435/2895 2957/2436/2896 2958/2437/2897
f 2751/2238/2692 2750/2237/2691 2955/2434/2894
f 2836/2316/2777 2464/1976/2409 2463/1975/2408
f 2840/2320/2781 2865/2345/1056 2908/2387/2847
f 2959/2438/2898 2958/2437/2897 2960/2439/2899
f 2957/2436/2896 2960/2439/2899 2958/2437/2897
f 2956/2435/2895 2961/2440/2900 2962/2441/2901
f 2963/2442/2902 2964/2443/2903 2961/2440/2900
f 2957/2436/2896 2956/2435/2895 2965/2444/2904
f 2965/2444/2904 2956/2435/2895 2962/2441/2901
f 2960/2439/2899 2966/2445/2905 2959/2438/2898
f 2967/2446/2906 2968/2447/2907 2964/2443/2903
f 2969/2448/2908 2967/2446/2906 2964/2443/2903
f 2970/2449/2909 2962/2441/2901 2968/2447/2907
f 2964/2443/2903 2968/2447/2907 2962/2441/2901
f 2893/2372/2832 2971/2450/2910 2907/2386/2846
f 2765/2252/2706 2925/2404/2864 2926/2405/2865
f 2972/2451/2911 2973/2452/2912 2966/2445/2905
f 2908/2387/2847 2974/2453/2913 2931/2410/2870
f 2975/2454/2914 2944/2423/2883 2976/2455/2915
f 2977/2456/2916 2972/2451/2911 2960/2439/2899
f 2957/2436/2896 2970/2449/2909 2977/2456/2916
f 2975/2454/2914 2947/2426/2886 2944/2423/2883
f 2964/2443/2903 2978/2457/2917 2969/2448/2908
f 2966/2445/2905 2960/2439/2899 2972/2451/2911
f 2970/2449/2909 2965/2444/2904 2962/2441/2901
f 2908/2387/2847 2865/2345/1056 2974/2453/2913
f 2908/2387/2847 2910/2389/2849 2936/2415/2875
f 2923/2402/2862 2955/2434/2894 2921/2400/2860
f 2970/2449/2909 2957/2436/2896 2965/2444/2904
f 2977/2456/2916 2960/2439/2899 2957/2436/2896
f 2836/2316/2777 2975/2454/2914 2976/2455/2915
f 2923/2402/2862 2927/2406/2866 2979/2458/2918
f 2836/2316/2777 2463/1975/2408 2975/2454/2914
f 2979/2458/2918 2955/2434/2894 2923/2402/2862
f 2955/2434/2894 2979/2458/2918 2751/2238/2692
f 2980/2459/2919 2981/2460/2920 2982/2461/2921
f 2766/2253/2707 2765/2252/2706 2897/2376/2836
f 2962/2441/2901 2961/2440/2900 2964/2443/2903
f 2964/2443/2903 2963/2442/2902 2978/2457/2917
f 2893/2372/2832 2983/2462/2922 2971/2450/2910
f 2981/2460/2920 2980/2459/2919 2984/2463/2923
f 2985/2464/2924 2973/2452/2912 2972/2451/2911
f 2986/2465/2925 2890/2369/2829 2920/2399/2859
f 2987/2466/2926 2988/2467/2927 2989/2468/2928
f 2990/2469/2929 2991/2470/2930 2988/2467/2927
f 2992/2471/2931 2981/2460/2920 2984/2463/2923
f 2990/2469/2929 2988/2467/2927 2993/2472/2932
f 2994/2473/2933 2990/2469/2929 2993/2472/2932
f 2988/2467/2927 2987/2466/2926 2993/2472/2932
f 2981/2460/2920 2992/2471/2931 2995/2474/2934
f 2995/2474/2934 2996/2475/2935 2981/2460/2920
f 2996/2475/2935 2995/2474/2934 2997/2476/2936
f 2998/2477/2937 2981/2460/2920 2996/2475/2935
f 2999/2478/2938 3000/2479/2939 3001/2480/2940
f 3001/2480/2940 3002/2481/2941 2999/2478/2938
f 3000/2479/2939 3003/2482/2942 3001/2480/2940
f 3001/2480/2940 3003/2482/2942 3004/2483/2943
f 3003/2482/2942 3005/2484/2944 3004/2483/2943
f 2939/2418/2878 3001/2480/2940 3004/2483/2943
f 3001/2480/2940 2939/2418/2878 3002/2481/2941
f 2938/2417/2877 2939/2418/2878 3004/2483/2943
f 3004/2483/2943 3006/2485/2945 2938/2417/2877
f 3007/2486/2946 3003/2482/2942 3000/2479/2939
f 3000/2479/2939 3008/2487/2947 3009/2488/2948
f 3009/2488/2948 3008/2487/2947 3010/2489/2949
f 3011/2490/2950 3012/2491/2951 3013/2492/2952
f 2999/2478/2938 3008/2487/2947 3000/2479/2939
f 2993/2472/2932 2987/2466/2926 3014/2493/2953
f 3015/2494/2954 3014/2493/2953 3016/2495/2955
f 3014/2493/2953 3015/2494/2954 2993/2472/2932
f 3017/2496/2956 3018/2497/2957 3019/2498/2958
f 2999/2478/2938 3020/2499/2959 3008/2487/2947
f 3020/2499/2959 2999/2478/2938 3021/2500/2960
f 2915/2394/2854 2916/2395/2855 3017/2496/2956
f 3004/2483/2943 3005/2484/2944 3006/2485/2945
f 3006/2485/2945 3013/2492/2952 3022/2501/2961
f 3023/2502/2962 2938/2417/2877 3006/2485/2945
f 3022/2501/2961 3023/2502/2962 3006/2485/2945
f 3010/2489/2949 3008/2487/2947 3020/2499/2959
f 3013/2492/2952 3006/2485/2945 3011/2490/2950
f 3024/2503/2963 3025/2504/2964 3026/2505/2965
f 3027/2506/2966 3028/2507/2967 3029/2508/2968
f 3025/2504/2964 3030/2509/2969 3026/2505/2965
f 3002/2481/2941 3021/2500/2960 2999/2478/2938
f 3031/2510/2970 3032/2511/2971 3033/2512/2972
f 3034/2513/2973 3032/2511/2971 3031/2510/2970
f 3035/2514/2974 3036/2515/2975 3037/2516/2976
f 3034/2513/2973 3031/2510/2970 3038/2517/2977
f 3036/2515/2975 3039/2518/2978 3040/2519/2979
f 3041/2520/2980 3033/2512/2972 3032/2511/2971
f 3042/2521/2981 3043/2522/2982 3044/2523/2983
f 3032/2511/2971 3034/2513/2973 3027/2506/2966
f 3034/2513/2973 3045/2524/2984 3027/2506/2966
f 3044/2523/2983 3043/2522/2982 3046/2525/2985
f 3043/2522/2982 3047/2526/2986 3046/2525/2985
f 3047/2526/2986 3043/2522/2982 3048/2527/2987
f 3049/2528/2988 3050/2529/2989 3048/2527/2987
f 3048/2527/2987 3050/2529/2989 3047/2526/2986
f 3051/2530/2990 3052/2531/2991 3053/2532/2992
f 3054/2533/2993 3041/2520/2980 3032/2511/2971
f 3042/2521/2981 3055/2534/2994 3043/2522/2982
f 3029/2508/2968 3032/2511/2971 3027/2506/2966
f 3032/2511/2971 3029/2508/2968 3054/2533/2993
f 3056/2535/2995 3043/2522/2982 3055/2534/2994
f 3048/2527/2987 3056/2535/2995 3057/2536/2996
f 3048/2527/2987 3057/2536/2996 3049/2528/2988
f 3043/2522/2982 3056/2535/2995 3048/2527/2987
f 3053/2532/2992 3058/2537/2997 3059/2538/2998
f 3060/2539/2999 3034/2513/2973 3038/2517/2977
f 3061/2540/3000 3045/2524/2984 3034/2513/2973
f 3034/2513/2973 3060/2539/2999 3061/2540/3000
f 3061/2540/3000 3062/2541/3001 3045/2524/2984
f 3063/2542/3002 3036/2515/2975 3035/2514/2974
f 3039/2518/2978 3036/2515/2975 3063/2542/3002
f 3064/2543/3003 3018/2497/2957 3061/2540/3000
f 3060/2539/2999 3064/2543/3003 3061/2540/3000
f 3051/2530/2990 2998/2477/2937 3052/2531/2991
f 2916/2395/2855 2903/2382/2842 3062/2541/3001
f 2982/2461/2921 2981/2460/2920 2998/2477/2937
f 3021/2500/2960 2904/2383/2843 3065/2544/3004
f 3023/2502/2962 3066/2545/3005 2894/2373/2833
f 3022/2501/2961 3066/2545/3005 3023/2502/2962
f 3002/2481/2941 2904/2383/2843 3021/2500/2960
f 2998/2477/2937 2996/2475/2935 3052/2531/2991
f 2904/2383/2843 3002/2481/2941 2898/2377/2837
f 2939/2418/2878 2898/2377/2837 3002/2481/2941
f 3023/2502/2962 2894/2373/2833 2938/2417/2877
f 3058/2537/2997 3053/2532/2992 3052/2531/2991
f 3006/2485/2945 3067/2546/3006 3011/2490/2950
f 3052/2531/2991 2997/2476/2936 3058/2537/2997
f 2997/2476/2936 3052/2531/2991 2996/2475/2935
f 2994/2473/2933 3015/2494/2954 3068/2547/3007
f 3062/2541/3001 3061/2540/3000 2916/2395/2855
f 3067/2546/3006 3006/2485/2945 3005/2484/2944
f 2916/2395/2855 3061/2540/3000 3018/2497/2957
f 3018/2497/2957 3017/2496/2956 2916/2395/2855
f 3067/2546/3006 3003/2482/2942 3007/2486/2946
f 3003/2482/2942 3067/2546/3006 3005/2484/2944
f 3068/2547/3007 3015/2494/2954 3069/2548/3008
f 3063/2542/3002 3068/2547/3007 3069/2548/3008
f 3016/2495/2955 3069/2548/3008 3015/2494/2954
f 3068/2547/3007 3063/2542/3002 3035/2514/2974
f 3015/2494/2954 2994/2473/2933 2993/2472/2932
f 3070/2549/3009 3071/2550/3010 3072/2551/3011
f 2724/2211/2665 3073/2552/3012 3074/2553/3013
f 3071/2550/3010 3070/2549/3009 3075/2554/3014
f 3076/2555/3015 3071/2550/3010 3077/2556/3016
f 3073/2552/3012 2736/2223/2677 3078/2557/3017
f 2761/2248/2702 3073/2552/3012 2724/2211/2665
f 2736/2223/2677 3073/2552/3012 2761/2248/2702
f 2738/2225/2679 3079/2558/3018 2736/2223/2677
f 2736/2223/2677 3079/2558/3018 3078/2557/3017
f 3000/2479/2939 3080/2559/3019 3007/2486/2946
f 3079/2558/3018 3076/2555/3015 3077/2556/3016
f 3079/2558/3018 3077/2556/3016 3081/2560/3020
f 3007/2486/2946 3082/2561/3021 3067/2546/3006
f 3082/2561/3021 3011/2490/2950 3067/2546/3006
f 3078/2557/3017 3079/2558/3018 3083/2562/3022
f 2738/2225/2679 2753/2240/2694 3076/2555/3015
f 2753/2240/2694 3072/2551/3011 3076/2555/3015
f 3039/2518/2978 3063/2542/3002 3084/2563/3023
f 3085/2564/3024 3086/2565/3025 3087/2566/3026
f 3088/2567/3027 3089/2568/3028 3090/1490/3029
f 2911/2390/2850 2894/2373/2833 3091/2569/3030
f 3064/2543/3003 3060/2539/2999 3092/2570/3031
f 3076/2555/3015 3079/2558/3018 2738/2225/2679
f 2914/2393/2853 2913/2392/2852 3093/2571/3032
f 3091/2569/3030 2894/2373/2833 3066/2545/3005
f 3094/2572/3033 3065/2544/3004 2904/2383/2843
f 3094/2572/3033 2904/2383/2843 2905/2384/2844
f 3095/2573/3034 3087/2566/3026 3096/2574/3035
f 3097/2575/3036 3098/2576/3037 3099/2577/3038
f 3086/2565/3025 3096/2574/3035 3087/2566/3026
f 3100/2578/3039 3101/2579/3040 3102/2580/3041
f 3101/2579/3040 3100/2578/3039 3103/2581/3042
f 3080/2559/3019 3000/2479/2939 3104/2582/3043
f 3082/2561/3021 3007/2486/2946 3080/2559/3019
f 3011/2490/2950 3082/2561/3021 3105/2583/3044
f 3106/2584/3045 3011/2490/2950 3105/2583/3044
f 3107/2585/3046 3104/2582/3043 3009/2488/2948
f 3010/2489/2949 3107/2585/3046 3009/2488/2948
f 3108/2586/3047 3080/2559/3019 3104/2582/3043
f 3104/2582/3043 3107/2585/3046 3108/2586/3047
f 3011/2490/2950 3106/2584/3045 3012/2491/2951
f 3107/2585/3046 3010/2489/2949 3109/2587/3048
f 3082/2561/3021 3080/2559/3019 3081/2560/3020
f 3071/2550/3010 3076/2555/3015 3072/2551/3011
f 3080/2559/3019 3083/2562/3022 3081/2560/3020
f 3081/2560/3020 3105/2583/3044 3082/2561/3021
f 3110/2588/3049 3111/2589/3050 3112/2590/3051
f 3113/2591/3052 3114/2592/3053 3115/2593/3054
f 3116/2594/3055 3090/1490/3029 3089/2568/3028
f 3117/2595/3056 3118/2596/3057 3119/2597/3058
f 3080/2559/3019 3108/2586/3047 3083/2562/3022
f 3107/2585/3046 3073/2552/3012 3108/2586/3047
f 3083/2562/3022 3079/2558/3018 3081/2560/3020
f 3108/2586/3047 3078/2557/3017 3083/2562/3022
f 3108/2586/3047 3073/2552/3012 3078/2557/3017
f 3009/2488/2948 3104/2582/3043 3000/2479/2939
f 3071/2550/3010 3105/2583/3044 3081/2560/3020
f 3105/2583/3044 3075/2554/3014 3106/2584/3045
f 2739/2226/2680 2735/2222/2676 3070/2549/3009
f 3109/2587/3048 3074/2553/3013 3107/2585/3046
f 3081/2560/3020 3077/2556/3016 3071/2550/3010
f 3075/2554/3014 3105/2583/3044 3071/2550/3010
f 3107/2585/3046 3074/2553/3013 3073/2552/3012
f 3064/2543/3003 3092/2570/3031 3120/2598/3059
f 3018/2497/2957 3064/2543/3003 3121/2599/3060
f 3018/2497/2957 3121/2599/3060 3019/2498/2958
f 3085/2564/3024 3121/2599/3060 3064/2543/3003
f 3084/2563/3023 3063/2542/3002 3122/2600/3061
f 3084/2563/3023 3122/2600/3061 3123/2601/3062
f 3069/2548/3008 3122/2600/3061 3063/2542/3002
f 3069/2548/3008 3016/2495/2955 3124/2602/3063
f 3120/2598/3059 3085/2564/3024 3064/2543/3003
f 3121/2599/3060 3085/2564/3024 3125/2603/3064
f 3126/2604/3065 3124/2602/3063 3127/2605/3066
f 3124/2602/3063 3126/2604/3065 3069/2548/3008
f 3122/2600/3061 3069/2548/3008 3126/2604/3065
f 3128/1783/3067 3129/2606/3068 3116/2594/3055
f 3130/1784/3069 3117/2595/3056 3131/2607/3070
f 3132/2309/3071 3112/2590/3051 3133/2608/3072
f 3134/2308/3073 3135/2609/3074 3114/2592/3053
f 3117/2595/3056 3136/1487/3075 3131/2607/3070
f 3117/2595/3056 3119/2597/3058 3136/1487/3075
f 3116/2594/3055 3129/2606/3068 3090/1490/3029
f 3112/2590/3051 3111/2589/3050 3133/2608/3072
f 3114/2592/3053 3135/2609/3074 3115/2593/3054
f 3137/2610/3076 3123/2601/3062 3122/2600/3061
f 3123/2601/3062 3137/2610/3076 3138/2611/3077
f 3087/2566/3026 3125/2603/3064 3085/2564/3024
f 3137/2610/3076 3122/2600/3061 3139/2612/3078
f 3127/2605/3066 3140/2613/3079 3126/2604/3065
f 3122/2600/3061 3126/2604/3065 3139/2612/3078
f 3139/2612/3078 3126/2604/3065 3140/2613/3079
f 3138/2611/3077 3137/2610/3076 3102/2580/3041
f 3102/2580/3041 3137/2610/3076 3100/2578/3039
f 3137/2610/3076 3139/2612/3078 3100/2578/3039
f 3072/2551/3011 2753/2240/2694 2739/2226/2680
f 3140/2613/3079 3127/2605/3066 3141/2614/3080
f 3142/2615/3081 3140/2613/3079 3141/2614/3080
f 3070/2549/3009 3072/2551/3011 2739/2226/2680
f 3103/2581/3042 3140/2613/3079 3142/2615/3081
f 3140/2613/3079 3103/2581/3042 3100/2578/3039
f 3139/2612/3078 3140/2613/3079 3100/2578/3039
f 3143/2616/3082 3144/2617/3083 3145/2618/3084
f 634/460/637 636/462/639 3146/2619/3085
f 918/672/898 714/534/711 3147/2620/3086
f 3148/2621/3087 3149/2622/3088 3150/2623/3089
f 3151/2624/3090 3152/2625/3091 3153/2626/3092
f 636/462/639 3153/2626/3092 3146/2619/3085
f 3149/2622/3088 3148/2621/3087 3154/2627/3093
f 3155/2628/3094 3153/2626/3092 636/462/639
f 3153/2626/3092 3155/2628/3094 3156/2629/3095
f 3157/2630/3096 3154/2627/3093 3148/2621/3087
f 702/523/699 3155/2628/3094 636/462/639
f 2486/1997/2431 3158/2631/3097 2484/1995/2429
f 3146/2619/3085 3153/2626/3092 3152/2625/3091
f 3159/2632/3098 3160/2633/3099 3161/2634/3100
f 3162/2635/3101 3154/2627/3093 3157/2630/3096
f 3161/2634/3100 3163/2636/3102 3159/2632/3098
f 3164/2637/3103 918/672/898 3147/2620/3086
f 3147/2620/3086 3165/2638/3104 3164/2637/3103
f 3157/2630/3096 3158/2631/3097 2486/1997/2431
f 2486/1997/2431 3162/2635/3101 3157/2630/3096
f 3162/2635/3101 2487/1998/2432 2502/2012/2447
f 3166/2639/3105 3167/2640/3106 3168/2641/3107
f 2487/1998/2432 3162/2635/3101 2486/1997/2431
f 3169/2642/3108 3170/2643/3109 2499/2009/2444
f 2496/2006/2441 3169/2642/3108 2499/2009/2444
f 3171/2644/3110 3172/2645/3111 3173/1808/3112
f 1633/1167/3113 3173/1808/3112 3172/2645/3111
f 1634/1168/3114 3168/2641/3107 3167/2640/3106
f 3174/2363/3115 3173/1808/3112 1633/1167/3113
f 3175/2646/3116 3170/2643/3109 3169/2642/3108
f 3175/2646/3116 3169/2642/3108 3176/2647/3117
f 3177/2648/3118 3169/2642/3108 2496/2006/2441
f 828/534/816 937/672/917 3178/2620/3119
f 2496/2006/2441 2501/2011/2446 3177/2648/3118
f 3169/2642/3108 3177/2648/3118 3176/2647/3117
f 3179/2616/3120 3180/2618/3120 3181/2617/3120
f 750/460/744 3182/2619/3121 751/462/745
f 3176/2647/3117 3183/2649/3122 3175/2646/3116
f 2432/1944/2377 2413/1925/2358 3184/2650/3123
f 2413/1925/2358 3185/2651/3124 3184/2650/3123
f 1640/1174/3125 3186/2652/3126 3187/2653/3127
f 1642/1176/3128 3188/2654/3129 3189/1177/3130
f 3190/2655/3131 3187/2653/3127 3186/2652/3126
f 3191/2656/3132 3189/1177/3130 3188/2654/3129
f 3192/2657/3133 3193/2658/3134 3194/2659/3135
f 3195/2660/3136 3178/2620/3119 937/672/917
f 918/672/898 3164/2637/3103 3196/2661/3137
f 3195/2660/3136 937/672/917 3197/2661/3138
f 3192/2657/3133 3198/2662/3139 3193/2658/3134
f 3192/2657/3133 2503/2012/2448 2505/2014/2450
f 2505/2014/2450 3198/2662/3139 3192/2657/3133
f 3198/2662/3139 2505/2014/2450 1272/886/1232
f 3199/2622/3140 3200/2663/3141 3201/2664/3142
f 3202/2665/3143 3203/2624/3144 3204/2666/3145
f 3204/2666/3145 3182/2619/3121 3202/2665/3143
f 751/462/745 3182/2619/3121 3204/2666/3145
f 3205/2636/3146 3206/2667/3147 3207/2632/3148
f 3208/2368/3149 1634/1168/3114 3167/2640/3106
f 3187/2653/3127 3209/2360/3150 1640/1174/3125
f 3210/2633/3151 3207/2632/3148 3206/2667/3147
f 3200/2663/3141 3199/2622/3140 3194/2659/3135
f 3204/2666/3145 3211/2668/3152 751/462/745
f 3212/2361/3153 3188/2654/3129 1642/1176/3128
f 3178/2620/3119 3195/2660/3136 3213/2669/3154
f 3194/2659/3135 3193/2658/3134 3200/2663/3141
f 3214/2670/3155 2438/1950/2383 3215/2671/3156
f 3204/2666/3145 3216/2672/3157 3211/2668/3152
f 3217/2673/3158 3215/2671/3156 3218/2674/3159
f 3198/2662/3139 1272/886/1232 988/707/967
f 743/559/633 751/462/745 3211/2668/3152
f 3198/2662/3139 988/707/967 3219/2675/3160
f 3198/2662/3139 3219/2675/3160 3193/2658/3134
f 2507/2016/2452 2510/2019/2455 3220/2676/3161
f 2507/2016/2452 3220/2676/3161 3215/2671/3156
f 3221/2677/3162 2512/2021/2457 2499/2009/2444
f 2438/1950/2383 3214/2670/3155 2439/1951/2384
f 3215/2671/3156 3217/2673/3158 3214/2670/3155
f 3170/2643/3109 3175/2646/3116 3222/2678/3163
f 3223/2679/3164 3224/2680/3165 3225/2681/3164
f 3226/2682/3166 3175/2646/3116 3183/2649/3122
f 3217/2673/3158 3227/2683/3167 3214/2670/3155
f 3228/2684/3168 2439/1951/2384 3214/2670/3155
f 3185/2651/3124 2413/1925/2358 3229/2685/3169
f 2419/1931/2364 3230/2686/3170 2410/1922/2355
f 3226/2682/3166 3183/2649/3122 3231/2687/3171
f 3227/2683/3167 3228/2684/3168 3214/2670/3155
f 2413/1925/2358 2415/1927/2360 3229/2685/3169
f 2442/1954/2387 2507/2016/2452 2438/1950/2383
f 2438/1950/2383 2507/2016/2452 3215/2671/3156
f 3220/2676/3161 3218/2674/3159 3215/2671/3156
f 2499/2009/2444 3170/2643/3109 3221/2677/3162
f 3232/2688/3172 3233/2689/3173 3234/2690/1494
f 3232/2688/3172 3234/2690/1494 3235/2691/3174
f 3236/2692/3175 3237/615/3176 1709/631/1660
f 1709/631/1660 3238/525/3177 3236/2692/3175
f 3238/525/3177 1709/631/1660 1711/1242/1662
f 3239/2693/3178 3240/2694/3179 3233/2689/3173
f 3241/582/3180 698/520/695 814/536/805
f 3242/2695/3181 1088/790/1061 3243/2696/3182
f 1088/790/1061 1087/789/1060 3243/2696/3182
f 3242/2695/3181 3243/2696/3182 3244/2697/3183
f 3245/2698/3184 3243/2696/3182 1087/789/1060
f 3246/628/3185 3247/582/3180 3248/536/3186
f 3249/584/3187 3250/2699/3188 3251/585/3188
f 3252/629/3189 3253/584/3189 3254/694/3190
f 3250/2699/3188 3249/584/3187 3252/629/3189
f 3255/1242/3191 846/631/832 704/525/701
f 846/631/832 3255/1242/3191 3256/1241/3192
f 3257/2700/3193 3258/623/931 3259/530/3194
f 3260/2107/3195 3256/1241/3192 3255/1242/3191
f 3259/530/3194 3261/2701/3196 3257/2700/3193
f 3257/2700/3193 767/577/761 834/623/822
f 3262/2702/3197 3263/2703/3198 1087/789/1060
f 3263/2703/3198 3262/2702/3197 3264/2704/3199
f 3265/2705/3200 3232/2688/3172 3266/2706/3201
f 3232/2688/3172 677/501/674 3239/2693/3178
f 3267/2707/3202 3268/2708/3203 3269/2709/3204
f 3270/567/3205 3271/2710/3206 3272/568/3207
f 3268/2708/3203 3267/2707/3202 3273/2711/3208
f 3274/2707/3209 3275/2709/3210 3276/2712/3211
f 3277/2713/3212 3278/2714/3213 3279/2715/3214
f 3279/2715/3214 3240/2694/3179 3280/2713/3215
f 3281/2707/3216 984/705/3217 3282/2711/3208
f 3278/2714/3213 3277/2713/3212 3283/2716/3218
f 1089/791/1062 3262/2702/3197 1087/789/1060
f 3265/2705/3200 677/501/674 3232/2688/3172
f 3240/2694/3179 767/577/761 3280/2713/3215
f 3239/2693/3178 677/501/674 679/503/676
f 3284/2717/3219 3285/2716/3218 3280/2713/3212
f 704/525/701 832/622/820 3286/2718/3220
f 3239/2693/3178 679/503/676 767/577/761
f 3276/2712/3211 984/705/963 3274/2707/3209
f 3287/2719/3221 3288/1245/3222 3289/2720/3223
f 3290/2721/3224 3291/621/3225 3292/2722/3226
f 3293/2723/3227 3294/2724/3228 3295/2725/3229
f 3296/2726/3230 868/457/854 3297/2727/3231
f 3240/2694/3179 3239/2693/3178 767/577/761
f 3298/2717/3219 767/577/761 3257/2700/3193
f 3233/2689/3173 3232/2688/3172 3239/2693/3178
f 3235/2691/3174 3266/2706/3201 3232/2688/3172
f 3299/2701/3196 3300/2728/3232 3298/2717/3233
f 3301/2701/3196 3298/2717/3219 3257/2700/3193
f 868/457/854 3296/2726/3230 3302/2729/3234
f 645/471/648 3303/2730/3235 701/522/698
f 3304/2731/3236 3236/2692/3175 3305/529/3237
f 3236/2692/3175 3306/483/3238 3305/529/3237
f 3306/483/3238 3294/2724/3228 3293/2723/3227
f 3292/2722/3226 3291/621/3225 3307/620/3239
f 3306/483/3238 3236/2692/3175 3271/2710/3206
f 3305/529/3237 3308/659/3240 3304/2731/3236
f 3240/2694/3179 3309/2732/3241 3233/2689/3173
f 3310/2733/3242 3235/2691/3174 3234/2690/1494
f 3311/2734/3243 3312/2107/3195 3313/1242/3244
f 3300/2728/3232 3299/2701/3196 3314/2735/3245
f 767/577/761 3298/2717/3219 3280/2713/3215
f 3309/2732/3241 3234/2690/1494 3233/2689/3173
f 3285/2716/3218 3284/2717/3219 3315/2728/3232
f 704/525/701 3286/2718/3220 3311/2734/3246
f 704/525/701 3311/2734/3246 3255/1242/3191
f 795/599/788 3263/2703/3198 3264/2704/3199
f 795/599/788 3316/2736/3247 3263/2703/3198
f 3317/2737/3248 3318/2709/3204 3319/2708/3203
f 3276/2712/3211 3275/2709/3210 3316/2736/3247
f 3320/2737/3249 3316/2736/3247 3275/2709/3210
f 3271/2710/3206 3321/622/3250 3272/568/3207
f 3319/2708/3203 3322/2738/3251 3317/2737/3248
f 3245/2698/3184 3320/2737/3249 3323/2738/3252
f 3238/525/3177 3324/2718/3253 3321/622/3250
f 3245/2698/3184 3316/2736/3247 3320/2737/3249
f 3271/2710/3206 3238/525/3177 3321/622/3250
f 3325/2734/3254 3326/1242/3255 3327/2107/2556
f 3328/2739/3256 3329/2740/3257 3244/2697/3183
f 3245/2698/3184 3263/2703/3198 3316/2736/3247
f 3263/2703/3198 3245/2698/3184 1087/789/1060
f 984/705/963 3276/2712/3211 865/646/851
f 3316/2736/3247 795/599/788 3276/2712/3211
f 795/599/788 865/646/851 3276/2712/3211
f 3330/2741/3258 3240/2694/3179 3331/2742/3259
f 3309/2732/3241 3240/2694/3179 3330/2741/3258
f 3331/2742/3259 3240/2694/3179 3279/2715/3214
f 3244/2697/3183 3245/2698/3184 3328/2739/3256
f 3331/2742/3260 3332/2715/3214 3333/2743/3261
f 3334/2744/3262 3306/483/3238 3271/2710/3206
f 3245/2698/3184 3244/2697/3183 3243/2696/3182
f 3323/2738/3252 3328/2739/3256 3245/2698/3184
f 3306/483/3238 3334/2744/3262 3294/2724/3228
f 3236/2692/3175 3304/2731/3236 3237/615/3176
f 3324/2718/3253 3238/525/3177 3325/2734/3263
f 3271/2710/3206 3236/2692/3175 3238/525/3177
f 3238/525/3177 1711/1242/1662 3325/2734/3263
f 3271/2710/3206 3270/567/3205 3335/718/3264
f 3336/717/3265 3271/2710/3206 3335/718/3264
f 3271/2710/3206 3336/717/3265 3334/2744/3262
f 869/648/855 868/457/854 3302/2729/3234
f 3333/2743/3261 3332/2715/3214 3337/2714/3213
f 3338/2745/3266 3339/2746/3267 3340/2747/3268
f 3341/2748/3269 3342/2749/3270 3339/2746/3267
f 3343/2750/3271 3344/2751/3272 3345/2752/3273
f 3346/2753/3274 3347/2754/3275 3348/2755/3276
f 3349/2756/3277 3350/2757/3278 3351/2758/3279
f 3352/2759/3280 3349/2756/3277 3351/2758/3279
f 3353/2760/3281 3354/2761/3282 3355/2762/3283
f 3356/2763/3284 3357/2764/3285 3353/2760/3281
f 3358/2765/3286 3359/2766/3287 3360/2767/3288
f 3361/2768/3289 3350/2757/3278 3349/2756/3277
f 3362/2769/3290 3363/2770/3291 3356/2763/3284
f 3364/2771/3292 3365/2772/3293 3366/2773/3294
f 3365/2772/3293 3364/2771/3292 3341/2748/3269
f 3367/2774/3295 3368/2775/3296 3365/2772/3293
f 3342/2749/3270 3341/2748/3269 3364/2771/3292
f 3342/2749/3270 3364/2771/3292 3369/2776/3297
f 3369/2776/3297 3370/2777/3298 3342/2749/3270
f 3371/2778/3299 3372/2779/3300 3373/2780/3301
f 3343/2750/3271 3345/2752/3273 3374/2781/3302
f 3364/2771/3292 3366/2773/3294 3369/2776/3297
f 3374/2781/3302 3375/2782/3303 3376/2783/3304
f 3366/2773/3294 3377/2784/3305 3369/2776/3297
f 3378/2785/3306 3379/2786/3307 3373/2780/3301
f 3380/2787/3308 3381/2788/3309 3382/2789/3310
f 3365/2772/3293 3383/2790/3311 3366/2773/3294
f 3368/2775/3296 3384/2791/3312 3365/2772/3293
f 3375/2782/3303 3374/2781/3302 3385/2792/3313
f 3377/2784/3305 3366/2773/3294 3383/2790/3311
f 3384/2791/3312 3383/2790/3311 3365/2772/3293
f 3368/2775/3296 3386/2793/3314 3384/2791/3312
f 3385/2792/3313 3387/2794/3315 3375/2782/3303
f 3388/2795/3316 3375/2782/3303 3389/2796/3317
f 3383/2790/3311 3390/2797/3318 3377/2784/3305
f 3375/2782/3303 3387/2794/3315 3389/2796/3317
f 3391/2798/3319 3382/2789/3310 3381/2788/3309
f 3377/2784/3305 3390/2797/3318 3392/2799/3320
f 3381/2788/3309 3393/2800/3321 3391/2798/3319
f 3394/2801/3322 3395/2802/3323 3396/2803/3324
f 3395/2802/3323 3397/2804/3325 3396/2803/3324
f 3398/2805/3326 3397/2804/3325 3395/2802/3323
f 3399/2806/3327 3388/2795/3316 3389/2796/3317
f 3400/2807/3328 3346/2753/3274 3394/2801/3322
f 3394/2801/3322 3396/2803/3324 3400/2807/3328
f 3396/2803/3324 3397/2804/3325 3401/2808/3329
f 3399/2806/3327 3402/2809/3330 3403/2810/3331
f 3399/2806/3327 3404/2811/3332 3402/2809/3330
f 3371/2778/3299 3346/2753/3274 3400/2807/3328
f 3404/2811/3332 3399/2806/3327 3389/2796/3317
f 3367/2774/3295 3365/2772/3293 3341/2748/3269
f 3405/2812/3333 3406/2813/3334 3407/2814/3335
f 3357/2764/3285 3407/2814/3335 3406/2813/3334
f 3408/2815/3336 3407/2814/3335 3357/2764/3285
f 3339/2746/3267 3338/2745/3266 3341/2748/3269
f 3353/2760/3281 3406/2813/3334 3354/2761/3282
f 3340/2747/3268 3409/2816/3337 3338/2745/3266
f 3410/2817/3338 3355/2762/3283 3354/2761/3282
f 3374/2781/3302 3376/2783/3304 3343/2750/3271
f 3357/2764/3285 3406/2813/3334 3353/2760/3281
f 3356/2763/3284 3363/2770/3291 3357/2764/3285
f 3371/2778/3299 3379/2786/3307 3347/2754/3275
f 3346/2753/3274 3371/2778/3299 3347/2754/3275
f 3371/2778/3299 3373/2780/3301 3379/2786/3307
f 3379/2786/3307 3378/2785/3306 3411/2818/3339
f 3360/2767/3288 3359/2766/3287 3412/2819/3340
f 3362/2769/3290 3413/2820/3341 3363/2770/3291
f 3414/2821/3342 3412/2819/3340 3359/2766/3287
f 3413/2820/3341 3415/2822/3343 3363/2770/3291
f 3415/2822/3343 3357/2764/3285 3363/2770/3291
f 3415/2822/3343 3408/2815/3336 3357/2764/3285
f 3416/2823/3344 3417/2824/3345 3414/2821/3342
f 3414/2821/3342 3417/2824/3345 3412/2819/3340
f 3407/2814/3335 3408/2815/3336 3418/2825/3346
f 3413/2820/3341 3419/2826/3347 3415/2822/3343
f 3420/2827/3348 3417/2824/3345 3416/2823/3344
f 3421/2828/3349 3422/2829/3350 3423/2830/3351
f 3424/2831/3352 3417/2824/3345 3425/2832/3353
f 3426/2833/3354 3427/2834/3355 3428/2835/3356
f 3429/2836/3357 3418/2825/3346 3408/2815/3336
f 3417/2824/3345 3430/2837/3358 3425/2832/3353
f 3429/2836/3357 3431/2838/3359 3418/2825/3346
f 3408/2815/3336 3432/2839/3360 3429/2836/3357
f 3420/2827/3348 3430/2837/3358 3417/2824/3345
f 3428/2835/3356 3433/2840/3361 3426/2833/3354
f 3434/2841/3362 3421/2828/3349 3423/2830/3351
f 3428/2835/3356 3435/2842/3363 3433/2840/3361
f 3417/2824/3345 3424/2831/3352 3412/2819/3340
f 3419/2826/3347 3432/2839/3360 3415/2822/3343
f 3415/2822/3343 3432/2839/3360 3408/2815/3336
f 637/463/640 835/624/823 640/466/643
f 835/624/823 1568/1110/1519 640/466/643
f 3436/2843/3364 3429/2836/3357 3432/2839/3360
f 3429/2836/3357 3436/2843/3364 3431/2838/3359
f 3437/2844/3365 3438/2845/3366 3439/2846/1568
f 3440/2847/3367 3441/2848/3368 3442/2849/3369
f 3431/2838/3359 3436/2843/3364 3443/2850/3370
f 3430/2837/3358 3440/2847/3367 3442/2849/3369
f 3444/2851/3371 812/611/803 3445/2852/3372
f 3439/2846/1568 3436/2843/3364 3437/2844/3365
f 3436/2843/3364 3446/2853/3373 3447/2854/3374
f 3442/2849/3369 3425/2832/3353 3430/2837/3358
f 3432/2839/3360 3448/2855/3375 3436/2843/3364
f 3448/2855/3375 3446/2853/3373 3436/2843/3364
f 3423/2830/3351 3422/2829/3350 3449/2856/3376
f 3449/2856/3376 3450/2857/3377 3451/2858/3378
f 3449/2856/3376 3422/2829/3350 3452/2859/3379
f 3453/2860/3380 3454/2861/3381 3455/2862/3382
f 3456/2863/3383 3457/2864/3384 3453/2860/3380
f 3458/2865/3385 3459/2866/3386 3371/2778/3299
f 3458/2865/3385 3400/2807/3328 3457/2864/3384
f 812/611/803 805/607/798 3460/2867/3387
f 3461/2868/3388 3458/2865/3385 3457/2864/3384
f 3458/2865/3385 3462/2869/3389 3459/2866/3386
f 3461/2868/3388 3462/2869/3389 3458/2865/3385
f 3463/2866/476 3464/2870/3390 3465/2871/3391
f 3457/2864/3384 3400/2807/3328 3453/2860/3380
f 3462/2869/3389 3461/2868/3388 3466/2872/3392
f 3371/2778/3299 3400/2807/3328 3458/2865/3385
f 3396/2803/3324 3453/2860/3380 3400/2807/3328
f 3462/2869/3389 3467/2870/3393 3459/2866/3386
f 3453/2860/3380 3468/2873/3394 3454/2861/3381
f 3469/2874/3395 3402/2809/3330 3404/2811/3332
f 3468/2873/3394 3470/2875/3396 3454/2861/3381
f 3453/2860/3380 3401/2808/3329 3468/2873/3394
f 3467/2870/3393 3462/2869/3389 3471/2876/3397
f 3466/2872/3392 3472/2877/3398 3462/2869/3389
f 3401/2808/3329 3453/2860/3380 3396/2803/3324
f 3471/2876/3397 3462/2869/3389 3472/2877/3398
f 3473/2878/3399 835/624/823 3474/2871/3400
f 3475/2876/3401 3476/2879/3402 3477/2870/3393
f 3472/2877/3403 3478/2879/3402 3479/2876/3404
f 3465/2871/3391 3464/2870/3390 3480/2878/3405
f 3477/2870/3393 3476/2879/3402 3473/2878/3399
f 3478/2879/3402 3472/2877/3403 3481/2880/3406
f 812/611/803 3444/2851/3371 737/553/734
f 3444/2851/3371 3445/2852/3372 3482/2881/3407
f 3483/2882/3408 3438/2845/3366 3437/2844/3365
f 3437/2844/3365 3447/2854/3374 3483/2882/3408
f 3482/2881/3407 3484/2883/3409 3485/2884/3410
f 3456/2863/3383 3453/2860/3380 3455/2862/3382
f 3454/2861/3381 3486/2885/3411 3455/2862/3382
f 3487/2886/3412 3486/2885/3411 3488/2887/3413
f 3486/2885/3411 3487/2886/3412 3455/2862/3382
f 3437/2844/3365 3436/2843/3364 3447/2854/3374
f 3456/2863/3383 3455/2862/3382 3487/2886/3412
f 3461/2868/3388 3457/2864/3384 3456/2863/3383
f 3451/2858/3378 3450/2857/3377 3488/2887/3413
f 3450/2857/3377 3449/2856/3376 3452/2859/3379
f 3488/2887/3413 3450/2857/3377 3487/2886/3412
f 3487/2886/3412 3450/2857/3377 3452/2859/3379
f 3485/2884/3410 3452/2859/3379 3422/2829/3350
f 3461/2868/3388 3456/2863/3383 3489/2888/3414
f 3466/2872/3392 3461/2868/3388 3489/2888/3414
f 3489/2888/3414 3456/2863/3383 3487/2886/3412
f 3452/2859/3379 3489/2888/3414 3487/2886/3412
f 678/502/675 3490/2889/3415 768/578/762
f 3372/2779/3416 3463/2866/476 3465/2871/3391
f 3452/2859/3379 3484/2883/3409 3489/2888/3414
f 3460/2867/3387 3445/2852/3372 812/611/803
f 3460/2867/3387 1577/1119/1528 3445/2852/3372
f 1577/1119/1528 3491/2890/3417 3445/2852/3372
f 3492/2891/3418 3445/2852/3372 3491/2890/3417
f 3491/2890/3417 3493/2892/3419 3492/2891/3418
f 3493/2892/3419 3491/2890/3417 1566/1108/1517
f 1566/1108/1517 3494/2880/3406 3493/2892/3419
f 3372/2779/3300 3371/2778/3299 3459/2866/3386
f 1568/1110/1519 3473/2878/3399 1566/1108/1517
f 3473/2878/3399 3476/2879/3402 1566/1108/1517
f 3494/2880/3406 1566/1108/1517 3476/2879/3402
f 3473/2878/3399 1568/1110/1519 835/624/823
f 3495/2893/3420 3445/2852/3372 3492/2891/3418
f 3496/2892/3421 3497/2893/3422 3498/2891/3423
f 3445/2852/3372 3495/2893/3420 3482/2881/3407
f 3499/2880/3424 3500/2894/3425 3501/2892/3426
f 3497/2893/3422 3496/2892/3421 3502/2894/3427
f 3500/2894/3425 3499/2880/3424 3503/2877/3398
f 3482/2881/3407 3495/2893/3420 3484/2883/3409
f 3500/2894/3425 3504/2895/3428 3497/2893/3422
f 3504/2895/3428 3505/2896/3429 3497/2893/3422
f 3489/2888/3414 3484/2883/3409 3506/2895/3428
f 3489/2888/3414 3506/2895/3428 3466/2872/3392
f 3504/2895/3428 3500/2894/3425 3466/2872/3392
f 3472/2877/3398 3466/2872/3392 3500/2894/3425
f 3452/2859/3379 3485/2884/3410 3484/2883/3409
f 3507/2897/3430 3508/2898/3431 3509/2899/3432
f 3510/2900/3433 3511/2901/3434 3507/2897/3430
f 3508/2898/3431 3507/2897/3430 3511/2901/3434
f 3512/2902/3435 3513/2903/3436 3514/2904/3437
f 3512/2902/3435 3515/2905/3438 3513/2903/3436
f 3516/2906/3439 3517/2907/3440 3518/2908/3441
f 3519/2909/3442 3517/2907/3440 3520/2910/3443
f 3521/2911/3444 3520/2910/3443 3522/2912/3445
f 3517/2907/3440 3519/2909/3442 3518/2908/3441
f 3520/2910/3443 3521/2911/3444 3519/2909/3442
f 3523/2913/3446 3524/2914/3447 3516/2906/3439
f 3525/2915/3448 3526/2916/3449 3527/2917/3450
f 3528/2910/3451 3529/2911/3452 3530/2912/3453
f 3529/2911/3452 3528/2910/3451 3531/2909/3454
f 3532/2917/3455 3533/2916/3456 3534/2915/3457
f 3535/2907/3458 3531/2909/3454 3528/2910/3451
f 3531/2909/3454 3535/2907/3458 3536/2908/3459
f 3535/2907/3458 3537/2906/3460 3536/2908/3459
f 3537/2906/3460 3538/2914/3461 3539/2913/3462
f 3520/2910/3443 3540/2918/3463 3541/2919/3464
f 3524/2914/3447 3542/2920/3465 3540/2918/3463
f 3541/2919/3464 3543/2921/3466 3544/2922/3467
f 3540/2918/3463 3545/2898/3468 3546/2923/3469
f 3546/2923/3469 3541/2919/3464 3540/2918/3463
f 3547/2899/3470 3543/2921/3466 3546/2923/3469
f 3545/2898/3468 3547/2899/3470 3546/2923/3469
f 3541/2919/3464 3546/2923/3469 3543/2921/3466
f 3548/2924/3471 3544/2922/3467 3543/2921/3466
f 3549/2925/3472 3550/2926/3473 3551/2900/3474
f 3551/2900/3474 3552/2927/3475 3549/2925/3472
f 3551/2900/3474 3553/2901/3476 3552/2927/3475
f 3524/2914/3447 3554/2928/3477 3542/2920/3465
f 3522/2912/3445 3541/2919/3464 3544/2922/3467
f 3526/2916/3449 3549/2925/3472 3552/2927/3475
f 3540/2918/3463 3542/2920/3465 3545/2898/3468
f 3542/2920/3465 3553/2901/3476 3545/2898/3468
f 3553/2901/3476 3542/2920/3465 3554/2928/3477
f 3552/2927/3475 3553/2901/3476 3554/2928/3477
f 3524/2914/3447 3540/2918/3463 3517/2907/3440
f 3516/2906/3439 3524/2914/3447 3517/2907/3440
f 3540/2918/3463 3520/2910/3443 3517/2907/3440
f 3541/2919/3464 3522/2912/3445 3520/2910/3443
f 3549/2925/3472 3526/2916/3449 3555/2929/3478
f 3523/2913/3446 3556/2930/3479 3524/2914/3447
f 3527/2917/3450 3526/2916/3449 3556/2930/3479
f 3556/2930/3479 3523/2913/3446 3527/2917/3450
f 3526/2916/3449 3525/2915/3448 3555/2929/3478
f 3554/2928/3477 3524/2914/3447 3556/2930/3479
f 3526/2916/3449 3554/2928/3477 3556/2930/3479
f 3554/2928/3477 3526/2916/3449 3552/2927/3475
f 3557/2918/3480 3528/2910/3451 3558/2919/3481
f 3558/2919/3481 3559/2922/3482 3560/2931/3483
f 3543/2921/3466 3547/2899/3470 3561/2932/3484
f 3543/2921/3466 3561/2932/3484 3548/2924/3471
f 3560/2931/3483 3509/2899/3432 3562/2923/3485
f 3559/2922/3482 3563/2924/3486 3560/2931/3483
f 3564/2925/3487 3510/2900/3433 3565/2926/3488
f 3510/2900/3433 3564/2925/3487 3566/2927/3489
f 3553/2901/3476 3551/2900/3474 3567/2897/3490
f 3567/2897/3490 3545/2898/3468 3553/2901/3476
f 3511/2901/3434 3510/2900/3433 3566/2927/3489
f 3545/2898/3468 3567/2897/3490 3547/2899/3470
f 3509/2899/3432 3508/2898/3431 3562/2923/3485
f 3562/2923/3485 3558/2919/3481 3560/2931/3483
f 3508/2898/3431 3557/2918/3480 3562/2923/3485
f 3558/2919/3481 3562/2923/3485 3557/2918/3480
f 3558/2919/3481 3530/2912/3453 3559/2922/3482
f 3564/2925/3487 3533/2916/3456 3566/2927/3489
f 3511/2901/3434 3568/2920/3491 3508/2898/3431
f 3566/2927/3489 3569/2928/3492 3511/2901/3434
f 3568/2920/3491 3538/2914/3461 3557/2918/3480
f 3569/2928/3492 3538/2914/3461 3568/2920/3491
f 3568/2920/3491 3557/2918/3480 3508/2898/3431
f 3568/2920/3491 3511/2901/3434 3569/2928/3492
f 3530/2912/3453 3558/2919/3481 3528/2910/3451
f 3533/2916/3456 3564/2925/3487 3570/2929/3493
f 3570/2929/3493 3534/2915/3457 3533/2916/3456
f 3571/2933/3494 3572/2934/3495 3573/2935/3496
f 3533/2916/3456 3532/2917/3455 3574/2930/3497
f 3575/2936/3498 3576/2937/3499 3573/2935/3496
f 3539/2913/3462 3574/2930/3497 3532/2917/3455
f 3528/2910/3451 3557/2918/3480 3535/2907/3458
f 3575/2936/3498 3577/2938/3500 3578/2939/3500
f 3535/2907/3458 3557/2918/3480 3538/2914/3461
f 3537/2906/3460 3535/2907/3458 3538/2914/3461
f 3539/2913/3462 3538/2914/3461 3574/2930/3497
f 3579/2940/3501 3572/2934/3495 3571/2933/3494
f 3580/2941/3502 3579/2940/3501 3514/2904/3437
f 3579/2940/3501 3580/2941/3502 3572/2934/3495
f 3566/2927/3489 3533/2916/3456 3569/2928/3492
f 3533/2916/3456 3574/2930/3497 3569/2928/3492
f 3538/2914/3461 3569/2928/3492 3574/2930/3497
f 3581/2942/3503 3582/2943/3504 3583/2944/3505
f 3582/2943/3504 3584/2945/3506 3585/2946/3507
f 3586/2947/3508 3582/2943/3504 3585/2946/3507
f 3587/2948/3509 3588/2949/3510 3589/2950/3511
f 3582/2943/3504 3581/2942/3503 3584/2945/3506
f 3581/2942/3503 3590/2951/3512 3591/2952/3513
f 3573/2935/3496 3576/2937/3499 3571/2933/3494
f 3592/2953/3514 3593/2954/3515 3594/2955/3516
f 3580/2941/3502 3513/2903/3436 3594/2955/3516
f 3576/2937/3499 3575/2936/3498 3578/2939/3500
f 3513/2903/3436 3580/2941/3502 3514/2904/3437
f 3592/2953/3514 3513/2903/3436 3515/2905/3438
f 3594/2955/3516 3513/2903/3436 3592/2953/3514
f 3576/2937/3499 3578/2939/3500 3595/2956/3517
f 3590/2951/3512 3581/2942/3503 3583/2944/3505
f 3596/2957/3518 3591/2952/3513 3590/2951/3512
f 3585/2946/3507 3584/2945/3506 3597/2958/3519
f 3598/2959/3520 3596/2957/3518 3587/2948/3509
f 3589/2950/3511 3599/2960/3521 3587/2948/3509
f 3600/2961/3522 3596/2957/3518 3590/2951/3512
f 3587/2948/3509 3596/2957/3518 3600/2961/3522
f 3596/2957/3518 3598/2959/3520 3591/2952/3513
f 3599/2960/3521 3589/2950/3511 3601/2962/3523
f 3587/2948/3509 3599/2960/3521 3598/2959/3520
f 3602/2963/3524 463/325/465 460/322/462
f 449/312/451 3603/310/3525 3604/2964/3526
f 3605/2965/3527 3583/2944/3505 3582/2943/3504
f 3582/2943/3504 3586/2947/3508 3605/2965/3527
f 3606/2966/3528 3605/2965/3527 3607/2967/3529
f 3606/2966/3528 3583/2944/3505 3605/2965/3527
f 3608/2968/3530 3583/2944/3505 3606/2966/3528
f 3587/2948/3509 3600/2961/3522 3609/2969/3531
f 3607/2967/3529 3610/2970/3532 3606/2966/3528
f 3611/2971/3533 3608/2968/3530 3606/2966/3528
f 3590/2951/3512 3608/2968/3530 3600/2961/3522
f 3583/2944/3505 3608/2968/3530 3590/2951/3512
f 3606/2966/3528 3610/2970/3532 3611/2971/3533
f 3612/2972/3534 3600/2961/3522 3608/2968/3530
f 3612/2972/3534 3609/2969/3531 3600/2961/3522
f 3608/2968/3530 3611/2971/3533 3612/2972/3534
f 3613/2973/3535 3576/2937/3499 3595/2956/3517
f 3614/2974/3536 3587/2948/3509 3615/2975/3537
f 3576/2937/3499 3613/2973/3535 3616/2976/3538
f 3587/2948/3509 3609/2969/3531 3615/2975/3537
f 3587/2948/3509 3614/2974/3536 3588/2949/3510
f 3617/2977/3539 3576/2937/3499 3616/2976/3538
f 3576/2937/3499 3617/2977/3539 3618/2978/3540
f 3619/2979/3541 3514/2904/3437 3579/2940/3501
f 3579/2940/3501 3618/2978/3540 3619/2979/3541
f 3576/2937/3499 3618/2978/3540 3571/2933/3494
f 3618/2978/3540 3579/2940/3501 3571/2933/3494
f 3609/2969/3531 3612/2972/3534 3620/2980/3542
f 3621/2981/3543 3612/2972/3534 3611/2971/3533
f 3622/2982/3544 3607/2967/3529 3512/2902/3435
f 3622/2982/3544 3512/2902/3435 3514/2904/3437
f 3514/2904/3437 3619/2979/3541 3622/2982/3544
f 3623/2983/3545 3607/2967/3529 3622/2982/3544
f 3618/2978/3540 3624/2984/3546 3619/2979/3541
f 3617/2977/3539 3624/2984/3546 3618/2978/3540
f 3619/2979/3541 3624/2984/3546 3625/2985/3547
f 3609/2969/3531 3626/2986/3548 3615/2975/3537
f 3627/2987/3549 3617/2977/3539 3616/2976/3538
f 3625/2985/3547 3622/2982/3544 3619/2979/3541
f 3610/2970/3532 3607/2967/3529 3628/2988/3550
f 3607/2967/3529 3623/2983/3545 3628/2988/3550
f 3622/2982/3544 3625/2985/3547 3623/2983/3545
f 3610/2970/3532 3621/2981/3543 3611/2971/3533
f 3628/2988/3550 3629/2989/3551 3610/2970/3532
f 3621/2981/3543 3610/2970/3532 3629/2989/3551
f 3623/2983/3545 3630/2990/3552 3628/2988/3550
f 3625/2985/3547 3631/2991/3553 3623/2983/3545
f 3623/2983/3545 3631/2991/3553 3630/2990/3552
f 3628/2988/3550 3632/2992/3554 3629/2989/3551
f 3632/2992/3554 3628/2988/3550 3633/2993/3555
f 3634/2994/3556 3635/2995/3557 3636/2996/3558
f 3637/184/3559 3638/2997/3560 306/182/310
f 3636/2996/3558 3635/2995/3557 3639/2998/3561
f 3635/2995/3557 3640/2999/3562 3641/3000/3563
f 3639/2998/3561 3635/2995/3557 3641/3000/3563
f 3642/3001/3564 3643/3002/3565 3644/3003/3566
f 3645/3004/3567 3646/3005/3568 3647/3006/3569
f 3648/3007/3570 3630/2990/3552 3631/2991/3553
f 3649/3008/3571 3650/3009/3572 3634/2994/3556
f 3651/3010/3573 3652/3011/3574 3649/3008/3571
f 3648/3007/3570 3631/2991/3553 3653/3012/3575
f 3654/3013/3576 302/178/306 304/180/308
f 3655/3014/3577 3656/3015/3578 3638/2997/3560
f 3657/3016/3579 302/178/306 3654/3013/3576
f 3658/3017/3580 3654/3013/3576 3659/3018/3581
f 3660/3019/3582 3631/2991/3553 3661/3020/3583
f 3660/3019/3582 3661/3020/3583 3662/3021/3584
f 3663/3022/3585 3656/3015/3578 3655/3014/3577
f 304/180/308 3644/3003/3566 3643/3002/3565
f 3621/2981/3543 3664/3023/3586 3665/3024/3587
f 3656/3015/3578 3647/3006/3569 3646/3005/3568
f 3635/2995/3557 3634/2994/3556 3650/3009/3572
f 3650/3009/3572 3649/3008/3571 3652/3011/3574
f 3633/2993/3555 3666/3025/3588 3632/2992/3554
f 3667/3026/3589 3621/2981/3543 3665/3024/3587
f 3621/2981/3543 3629/2989/3551 3632/2992/3554
f 3668/3027/3590 306/182/310 3656/3015/3578
f 3631/2991/3553 3624/2984/3546 3661/3020/3583
f 3669/3028/3591 3662/3021/3584 3661/3020/3583
f 3656/3015/3578 3646/3005/3568 3668/3027/3590
f 3669/3028/3591 3670/3029/3592 3662/3021/3584
f 3643/3002/3565 3659/3018/3581 304/180/308
f 3670/3029/3592 3669/3028/3591 3627/2987/3549
f 3620/2980/3542 3671/3030/3593 3626/2986/3548
f 3672/3031/3594 3652/3011/3574 3651/3010/3573
f 3638/2997/3560 3656/3015/3578 306/182/310
f 3654/3013/3576 304/180/308 3659/3018/3581
f 3650/3009/3572 3640/2999/3562 3635/2995/3557
f 3650/3009/3572 3652/3011/3574 3640/2999/3562
f 3652/3011/3574 3673/3032/3595 3640/2999/3562
f 3674/3033/3596 3641/3000/3563 3640/2999/3562
f 3673/3032/3595 3674/3033/3596 3640/2999/3562
f 3621/2981/3543 3620/2980/3542 3612/2972/3534
f 3624/2984/3546 3631/2991/3553 3625/2985/3547
f 3661/3020/3583 3624/2984/3546 3669/3028/3591
f 3617/2977/3539 3627/2987/3549 3669/3028/3591
f 3626/2986/3548 3609/2969/3531 3620/2980/3542
f 3624/2984/3546 3617/2977/3539 3669/3028/3591
f 3620/2980/3542 3621/2981/3543 3667/3026/3589
f 3671/3030/3593 3620/2980/3542 3667/3026/3589
f 3421/2828/3349 3675/3034/3597 3676/3035/3598
f 3675/3034/3597 3677/3036/3599 3676/3035/3598
f 3672/3031/3594 3673/3032/3595 3652/3011/3574
f 3678/3037/3600 3679/3038/3601 3680/3039/3602
f 3680/3039/3602 3681/3040/3603 3264/2704/3199
f 3682/3041/3604 3676/3035/3598 3677/3036/3599
f 3676/3035/3598 3422/2829/3350 3421/2828/3349
f 3682/3041/3604 3677/3036/3599 3683/3042/3605
f 3684/3043/3606 3682/3041/3604 3683/3042/3605
f 3680/3039/3602 3264/2704/3199 3262/2702/3197
f 3685/3044/3607 861/642/847 3686/3045/3608
f 3632/2992/3554 3666/3025/3588 3687/3046/3609
f 3632/2992/3554 3664/3023/3586 3621/2981/3543
f 3664/3023/3586 3632/2992/3554 3687/3046/3609
f 3688/3047/3610 3686/3045/3608 861/642/847
f 3660/3019/3582 3689/3048/3611 3631/2991/3553
f 859/640/845 3688/3047/3610 861/642/847
f 3653/3012/3575 3631/2991/3553 3690/3049/3612
f 3690/3049/3612 3631/2991/3553 3689/3048/3611
f 3673/3032/3595 3672/3031/3594 3691/3050/3613
f 3692/3051/3614 3653/3012/3575 3690/3049/3612
f 3693/3052/3615 3692/3051/3614 3694/3053/3616
f 3234/2690/1494 3695/3054/3617 3310/2733/3242
f 3695/3054/3617 3234/2690/1494 3309/2732/3241
f 3693/3052/3615 3694/3053/3616 3696/3055/3618
f 3692/3051/3614 3690/3049/3612 3694/3053/3616
f 3688/3047/3610 859/640/845 3697/3056/3619
f 3698/3057/3620 3641/3000/3563 3699/3058/3621
f 3700/3059/3622 3701/3060/3623 3687/3046/3609
f 3699/3058/3621 3641/3000/3563 3674/3033/3596
f 3641/3000/3563 3698/3057/3620 3639/2998/3561
f 3699/3058/3621 3702/3061/3624 3698/3057/3620
f 3702/3061/3624 3703/3062/3625 3698/3057/3620
f 3347/2754/3275 3698/3057/3620 3703/3062/3625
f 3348/2755/3276 3703/3062/3625 3704/3063/3626
f 3702/3061/3624 3704/3063/3626 3703/3062/3625
f 3264/2704/3199 3681/3040/3603 795/599/788
f 3681/3040/3603 3680/3039/3602 3679/3038/3601
f 3352/2759/3280 3704/3063/3626 3702/3061/3624
f 3679/3038/3601 3678/3037/3600 3705/3064/3627
f 3347/2754/3275 3703/3062/3625 3348/2755/3276
f 3706/3065/3628 3683/3042/3605 3677/3036/3599
f 3675/3034/3597 3707/3066/3629 3677/3036/3599
f 3708/3067/3630 795/599/788 3681/3040/3603
f 3709/3068/3631 3708/3067/3630 3681/3040/3603
f 3697/3056/3619 795/599/788 3708/3067/3630
f 795/599/788 3697/3056/3619 859/640/845
f 3709/3068/3631 3681/3040/3603 3679/3038/3601
f 3705/3064/3627 3709/3068/3631 3679/3038/3601
f 3694/3053/3616 3710/3069/3632 3711/3070/3633
f 3712/3071/3634 3694/3053/3616 3711/3070/3633
f 3710/3069/3632 3694/3053/3616 3690/3049/3612
f 3694/3053/3616 3712/3071/3634 3713/3072/3635
f 3694/3053/3616 3713/3072/3635 3696/3055/3618
f 3677/3036/3599 3707/3066/3629 3706/3065/3628
f 3691/3050/3613 3675/3034/3597 3714/3073/3636
f 3707/3066/3629 3675/3034/3597 3691/3050/3613
f 3715/3074/3637 3379/2786/3307 3411/2818/3339
f 3379/2786/3307 3639/2998/3561 3347/2754/3275
f 3716/3075/3638 3717/3076/3639 3718/3077/3640
f 3716/3075/3638 3719/3078/3641 3717/3076/3639
f 3687/3046/3609 3718/3077/3640 3700/3059/3622
f 3718/3077/3640 3687/3046/3609 3716/3075/3638
f 3701/3060/3623 3664/3023/3586 3687/3046/3609
f 3379/2786/3307 3715/3074/3637 3720/3079/3642
f 3639/2998/3561 3379/2786/3307 3720/3079/3642
f 3698/3057/3620 3347/2754/3275 3639/2998/3561
f 3687/3046/3609 3666/3025/3588 3716/3075/3638
f 3699/3058/3621 3674/3033/3596 3721/3080/3643
f 3673/3032/3595 3721/3080/3643 3674/3033/3596
f 3691/3050/3613 3714/3073/3636 3673/3032/3595
f 3721/3080/3643 3702/3061/3624 3699/3058/3621
f 3673/3032/3595 3722/3081/3644 3721/3080/3643
f 3714/3073/3636 3722/3081/3644 3673/3032/3595
f 3702/3061/3624 3721/3080/3643 3349/2756/3277
f 3721/3080/3643 3722/3081/3644 3349/2756/3277
f 3722/3081/3644 3714/3073/3636 3421/2828/3349
f 3349/2756/3277 3352/2759/3280 3702/3061/3624
f 3349/2756/3277 3722/3081/3644 3361/2768/3289
f 3714/3073/3636 3675/3034/3597 3421/2828/3349
f 3722/3081/3644 3421/2828/3349 3361/2768/3289
f 3361/2768/3289 3421/2828/3349 3434/2841/3362
f 3485/2884/3410 3422/2829/3350 3676/3035/3598
f 3485/2884/3410 3676/3035/3598 3682/3041/3604
f 3485/2884/3410 3682/3041/3604 3723/3082/3645
f 3262/2702/3197 1089/791/1062 3724/3083/3646
f 3684/3043/3606 3723/3082/3645 3682/3041/3604
f 3725/3084/3647 3680/3039/3602 3726/3085/3648
f 3724/3083/3646 3727/3086/3649 3726/3085/3648
f 3723/3082/3645 3482/2881/3407 3485/2884/3410
f 3726/3085/3648 3680/3039/3602 3724/3083/3646
f 3724/3083/3646 3680/3039/3602 3262/2702/3197
f 3678/3037/3600 3680/3039/3602 3725/3084/3647
f 3728/3087/3650 3729/3088/3650 3730/3089/3650
f 3731/3090/3651 3732/3091/3651 3733/3092/3651
f 3734/3093/3652 3735/3094/3653 3736/3095/3654
f 3735/3094/3653 3734/3093/3652 3737/3096/3655
f 3736/3095/3654 3735/3094/3653 3738/3097/3656
f 3739/3098/3657 3734/3093/3652 3740/3099/3658
f 3736/3095/3654 3740/3099/3658 3734/3093/3652
f 3309/2732/3241 3736/3095/3654 3738/3097/3656
f 3736/3095/3654 3309/2732/3241 3330/2741/3258
f 3739/3098/3657 3740/3099/3658 3741/3100/3659
f 3740/3099/3658 3742/3101/3660 3741/3100/3659
f 3330/2741/3258 3740/3099/3658 3736/3095/3654
f 3742/3101/3660 3740/3099/3658 3330/2741/3258
f 3743/598/3661 3744/644/3662 3745/3102/3663
f 3742/3101/3660 3330/2741/3258 3331/2742/3259
f 3746/3103/3664 3747/3104/3665 3748/595/3666
f 3749/597/3667 3750/3105/3668 3743/598/3661
f 1219/857/1183 1218/866/1182 3751/855/3669
f 3752/541/3670 1219/857/1183 3751/855/3669
f 1219/857/1183 3752/541/3670 3753/856/1158
f 1217/866/1181 1228/867/1191 3754/865/3671
f 3755/855/3669 3756/706/3672 3757/541/3670
f 3755/855/3669 3758/865/3671 3756/706/3672
f 3757/541/3670 3756/706/3672 3759/512/3673
f 3760/866/1181 3758/865/3671 3755/855/3669
f 3761/3106/3674 3762/3107/3675 3763/3108/3676
f 3762/3107/3675 3761/3106/3674 3749/597/3667
f 3764/3109/3677 3765/3110/3678 3766/3111/3679
f 1162/845/1131 3767/3112/3680 3768/3113/3681
f 3769/510/3682 1332/859/1287 1337/856/1158
f 3770/3114/3683 3768/3113/3681 3767/3112/3680
f 3764/3109/3677 3771/3115/3684 3765/3110/3678
f 3768/3113/3681 3770/3114/3683 3772/3116/3685
f 3770/3114/3683 3773/3117/3686 3772/3116/3685
f 3774/3108/3687 3772/3116/3685 3773/3117/3686
f 1337/856/1158 3775/541/3670 3769/510/3682
f 3776/854/3688 3777/3118/3689 3778/3119/3690
f 3779/3120/3691 1349/898/1301 3778/3119/3690
f 1349/898/1301 3780/3121/3692 1172/851/1141
f 3777/3118/3689 3776/854/3688 3781/702/3693
f 3782/512/3673 3769/510/3682 3775/541/3670
f 3778/3119/3690 3777/3118/3689 3779/3120/3691
f 3769/510/3682 3782/512/3673 3783/511/3694
f 3777/3118/3689 3781/702/3693 3784/636/3695
f 3780/3121/3692 1349/898/1301 3779/3120/3691
f 3772/3116/3685 3785/3122/3696 3768/3113/3681
f 3730/3089/3650 3786/3123/3650 3728/3087/3650
f 3732/3091/3651 3731/3090/3651 3787/3124/3651
f 3788/3106/3697 3774/3108/3687 3789/3107/3698
f 3772/3116/3685 3774/3108/3687 3788/3106/3697
f 3790/3125/3699 3791/3126/3700 3792/3127/3701
f 3792/3127/3701 3793/3128/3702 3794/3129/3703
f 3795/3130/1731 3794/3129/3703 3793/3128/3702
f 3795/3130/1731 3793/3128/3702 3796/3131/3704
f 3793/3128/3702 3792/3127/3701 3791/3126/3700
f 3791/3126/3700 3737/3096/3655 3793/3128/3702
f 3796/3131/3704 3793/3128/3702 3737/3096/3655
f 3791/3126/3700 3735/3094/3653 3737/3096/3655
f 3788/3106/3697 3789/3107/3698 793/597/786
f 3772/3116/3685 3788/3106/3697 3785/3122/3696
f 792/596/785 3788/3106/3697 793/597/786
f 3763/3108/3676 3797/3116/3705 3761/3106/3674
f 3797/3116/3705 3750/3105/3668 3761/3106/3674
f 3796/3131/3704 3798/3132/3706 3795/3130/1731
f 3784/636/3695 3799/638/3707 3777/3118/3689
f 3798/3132/3706 3796/3131/3704 3800/3133/3708
f 3801/3134/3709 3800/3133/3708 3796/3131/3704
f 3777/3118/3689 3799/638/3707 3802/3135/3710
f 3750/3105/3668 3777/3118/3689 3802/3135/3710
f 3777/3118/3689 3750/3105/3668 3779/3120/3691
f 3779/3120/3691 3750/3105/3668 3797/3116/3705
f 3737/3096/3655 3739/3098/3657 3796/3131/3704
f 3739/3098/3657 3737/3096/3655 3734/3093/3652
f 3796/3131/3704 3739/3098/3657 3801/3134/3709
f 3750/3105/3668 3803/3136/3711 3743/598/3661
f 3750/3105/3668 3802/3135/3710 3803/3136/3711
f 3750/3105/3668 3749/597/3667 3761/3106/3674
f 3763/3108/3676 3804/3137/3712 3797/3116/3705
f 3805/3114/3713 3797/3116/3705 3804/3137/3712
f 3797/3116/3705 3806/3113/3714 3779/3120/3691
f 3807/3109/3715 3808/3138/3716 3809/3110/3717
f 3807/3109/3715 3809/3110/3717 3810/3115/3718
f 3805/3114/3713 3806/3113/3714 3797/3116/3705
f 3806/3113/3714 3805/3114/3713 3811/3112/3719
f 3785/3122/3696 1164/847/1133 1163/846/1132
f 1163/846/1132 3768/3113/3681 3785/3122/3696
f 3811/3112/3719 3812/845/3720 3806/3113/3714
f 3806/3113/3714 3780/3121/3692 3779/3120/3691
f 1162/845/1131 1166/849/1135 3767/3112/3680
f 852/633/838 3813/3139/3721 3814/3140/3722
f 3785/3122/3696 3788/3106/3697 792/596/785
f 3768/3113/3681 1163/846/1132 1162/845/1131
f 3815/849/3723 3812/845/3720 3811/3112/3719
f 3749/597/3667 3743/598/3661 3745/3102/3663
f 3745/3102/3663 3816/3141/3724 3749/597/3667
f 3816/3141/3724 3745/3102/3663 3817/3142/3725
f 3812/845/3720 3815/849/3723 1169/848/1138
f 3818/3143/3726 3816/3141/3724 3817/3142/3725
f 1169/848/1138 1168/844/1137 3812/845/3720
f 3814/3140/3722 3819/3144/3727 852/633/838
f 3746/3103/3664 3819/3144/3727 3747/3104/3665
f 3747/3104/3665 3819/3144/3727 3814/3140/3722
f 3780/3121/3692 3806/3113/3714 3812/845/3720
f 3819/3144/3727 3746/3103/3664 3820/3145/3728
f 1172/851/1141 3780/3121/3692 1168/844/1137
f 3780/3121/3692 3812/845/3720 1168/844/1137
f 792/596/785 794/598/787 3821/3146/3729
f 3822/3147/3730 3816/3141/3724 3823/3148/3731
f 3816/3141/3724 3822/3147/3730 3749/597/3667
f 3762/3107/3675 3749/597/3667 3822/3147/3730
f 3824/3135/3732 792/596/785 3821/3146/3729
f 792/596/785 3824/3135/3732 3785/3122/3696
f 793/597/786 3789/3107/3698 3825/3147/3733
f 3825/3147/3733 3826/3149/3734 793/597/786
f 794/598/787 793/597/786 862/643/848
f 3826/3149/3734 862/643/848 793/597/786
f 862/643/848 3826/3149/3734 3827/3142/3735
f 3826/3149/3734 3825/3147/3733 3828/3150/3736
f 3826/3149/3734 644/470/647 3827/3142/3735
f 858/639/844 724/542/721 726/544/723
f 859/640/845 724/542/721 858/639/844
f 3829/3151/3737 724/542/721 980/701/959
f 724/542/721 859/640/845 980/701/959
f 3830/3144/3738 790/594/783 789/593/782
f 1164/847/1133 3785/3122/3696 856/637/842
f 3785/3122/3696 3824/3135/3732 856/637/842
f 3830/3144/3738 789/593/782 3831/3140/3739
f 3831/3140/3739 973/633/952 3830/3144/3738
f 980/701/959 787/591/780 3829/3151/3737
f 856/637/842 3824/3135/3732 857/638/843
f 788/592/781 787/591/780 980/701/959
f 973/633/952 3831/3140/3739 3832/3152/3740
f 3833/3153/3741 3823/3148/3731 3834/3154/3742
f 3833/3153/3741 3834/3154/3742 660/486/660
f 660/486/660 3834/3154/3742 779/586/772
f 3816/3141/3724 3818/3143/3726 3835/468/3743
f 3834/3154/3742 3823/3148/3731 3816/3141/3724
f 3835/468/3743 3834/3154/3742 3816/3141/3724
f 3835/468/3743 779/586/772 3834/3154/3742
f 3818/3143/3726 3836/3155/3744 3835/468/3743
f 852/633/838 851/632/837 3813/3139/3721
f 660/486/660 779/586/772 661/487/661
f 779/586/772 781/588/774 780/587/773
f 3835/468/3743 781/588/774 779/586/772
f 3835/468/3743 3836/3155/3744 781/588/774
f 721/539/718 720/538/717 3837/635/3745
f 684/508/681 3838/3154/3746 3828/3150/3736
f 684/508/681 683/507/680 3838/3154/3746
f 683/507/680 847/586/833 3838/3154/3746
f 3828/3150/3736 3838/3154/3746 3826/3149/3734
f 642/468/645 3826/3149/3734 3838/3154/3746
f 644/470/647 3826/3149/3734 642/468/645
f 973/633/952 3832/3152/3740 974/632/953
f 847/586/833 642/468/645 3838/3154/3746
