# Blender 5.2.2 LTS
# www.blender.org
mtllib mag.mtl
o Object_4
v 0.215773 -45.006832 -24.513176
v -8.295153 -39.809498 -19.318489
v -7.879121 -45.101627 -27.733147
v -10.038477 -40.497730 -31.083427
v -6.682873 -45.438595 -34.172318
v -7.879121 -45.101627 -27.733147
v 5.109618 47.072456 8.922310
v 4.100920 51.770180 16.271999
v 5.226432 47.310577 16.342197
v -6.682873 -45.438595 -34.172318
v 0.347257 -47.181835 -32.248169
v 3.414150 51.285454 15.676350
v -5.589792 39.583748 -18.041702
v -5.356691 47.360950 -16.479385
v -2.411472 44.864498 -18.533493
v 0.215773 -45.006832 -24.513176
v 0.347257 -47.181835 -32.248169
v 8.416257 -45.101620 -27.504860
v 7.439440 -45.438595 -33.974472
v 2.690043 47.392212 16.324684
v 8.546079 -39.809498 -19.082550
v 9.564425 -5.586246 -13.036972
v 7.923713 4.152677 -27.225426
v 9.306903 1.863930 -9.541466
v 3.414150 51.285454 15.676350
v 2.702817 47.164421 15.629776
v 2.690043 47.392212 16.324684
v -6.200220 47.404278 -6.813828
v -3.382696 47.382202 -17.738953
v -5.356691 47.360950 -16.479385
v -4.658355 47.372284 -16.381554
v 10.688454 -40.497719 -30.793053
v 8.546079 -39.809498 -19.082550
v 8.416257 -45.101620 -27.504860
v 8.416257 -45.101620 -27.504860
v 7.439440 -45.438595 -33.974472
v 4.986141 42.657051 15.095718
v 0.114442 -39.079277 -18.552155
v -6.097458 -34.354626 -15.609535
v -8.295153 -39.809498 -19.318489
v -7.093511 -28.977436 -19.614403
v -8.295153 -39.809498 -19.318489
v -6.097458 -34.354626 -15.609535
v -0.465870 47.164417 15.585384
v 5.798574 39.583755 -17.882156
v 8.600499 36.852493 -1.742027
v 5.300569 34.232830 -17.981979
v -8.938972 36.852486 -1.987740
v -5.589792 39.583748 -18.041702
v -5.088627 34.232826 -18.127533
v 0.360820 -2.733284 -33.046593
v 0.302224 3.356600 -29.599617
v 7.923713 4.152677 -27.225426
v 9.564425 -5.586246 -13.036972
v 7.355061 -28.977432 -19.411980
v 7.728627 -8.964111 -32.700600
v -0.477682 47.392204 16.280304
v 5.300569 34.232830 -17.981979
v 0.172267 22.392689 -21.954689
v 0.121531 36.288315 -18.970161
v 0.360820 -2.733284 -33.046593
v -7.396330 4.152673 -27.440056
v 0.302224 3.356600 -29.599617
v -5.088627 34.232826 -18.127533
v 0.121531 36.288315 -18.970161
v 0.172267 22.392689 -21.954689
v 6.328428 23.608006 -20.449059
v -6.097458 -34.354626 -15.609535
v 0.114442 -39.079277 -18.552155
v 0.008267 -35.232426 -12.306122
v -0.454784 42.657063 14.933285
v 5.798574 39.583755 -17.882156
v 5.300569 34.232830 -17.981979
v 0.121531 36.288315 -18.970161
v -3.608166 47.392200 -18.504456
v 2.279539 45.067543 -17.750549
v 0.099770 47.377960 -17.690163
v 0.101316 45.127331 -17.781075
v -6.032139 23.608002 -20.622231
v -6.032139 23.608002 -20.622231
v -5.840131 27.249277 -7.784706
v 8.049569 -35.350849 -55.943291
v 6.591534 -28.460030 -56.327217
v 9.932592 -33.634285 -41.262077
v -9.224406 21.710747 9.610481
v -7.821842 11.548381 8.908997
v -8.439523 9.813746 -12.942238
v 6.223364 -34.354618 -15.436935
v 0.008267 -35.232426 -12.306122
v 0.114442 -39.079277 -18.552155
v -0.465870 47.164417 15.585384
v -3.645407 47.392204 16.235928
v -0.477682 47.392204 16.280304
v 8.473635 9.813749 -12.705299
v 5.700173 27.249281 -7.623024
v 7.113542 11.548385 9.118233
v -9.379925 1.863926 -9.803261
v -7.374252 8.811817 -24.446648
v -7.396330 4.152673 -27.440056
v 0.114442 -39.079277 -18.552155
v 8.546079 -39.809498 -19.082550
v 6.223364 -34.354618 -15.436935
v -8.439523 9.813746 -12.942238
v 7.355061 -28.977432 -19.411980
v 6.334247 -23.984360 -39.348633
v -4.347118 51.283745 15.569317
v -3.634556 47.164417 15.540997
v 5.049419 47.348824 -6.548157
v 4.746572 51.814507 -1.437759
v 6.027082 47.404282 -6.642540
v 7.879791 -40.212276 -49.892036
v 8.584480 -41.192177 -42.009636
v 7.531584 -47.095005 -42.593491
v -7.082102 16.147539 -19.037582
v -7.374252 8.811817 -24.446648
v -9.518513 -5.586246 -13.304306
v -7.093511 -28.977436 -19.614403
v -8.406651 -23.907303 -6.982170
v -0.454784 42.657063 14.933285
v 7.211875 42.023399 5.141251
v 6.027082 47.404282 -6.642540
v 4.746572 51.814507 -1.437759
v -6.200220 47.404278 -6.813828
v 0.254011 8.193459 -26.763374
v 0.254011 8.193459 -26.763374
v 6.334247 -23.984360 -39.348633
v -7.374252 8.811817 -24.446648
v -3.823939 16.103632 -22.926407
v -7.374252 8.811817 -24.446648
v -0.168903 -20.198036 -1.883766
v 8.158191 -15.099319 -4.345085
v 7.925580 -10.156164 -1.495369
v -4.347118 51.283745 15.569317
v -4.103642 51.244507 -1.564842
v -5.097228 51.814499 -1.575661
v 7.799900 8.811820 -24.234062
v 4.199601 16.103636 -22.813995
v 7.799900 8.811820 -24.234062
v 8.238215 -23.907299 -6.748985
v 7.799900 8.811820 -24.234062
v 8.473635 9.813749 -12.705299
v 8.158191 -15.099319 -4.345085
v 8.238215 -23.907299 -6.748985
v -5.097228 51.814499 -1.575661
v -5.812229 47.072456 8.769295
v -5.053823 51.770172 16.143742
v -0.416713 19.605152 12.693985
v -0.411193 27.035484 12.369118
v -9.224406 21.710747 9.610481
v 7.799900 8.811820 -24.234062
v 7.324035 16.147541 -18.835754
v -9.518513 -5.586246 -13.304306
v -7.082102 16.147539 -19.037582
v -7.082102 16.147539 -19.037582
v -5.812229 47.072456 8.769295
v -5.097228 51.814499 -1.575661
v -7.784968 42.023396 4.931152
v 0.757573 -38.793449 -56.386421
v 7.879791 -40.212276 -49.892036
v 0.635712 -42.378994 -49.217476
v -6.581991 -40.212280 -50.094643
v 0.757573 -38.793449 -56.386421
v 0.635712 -42.378994 -49.217476
v -9.562425 29.477701 12.059448
v -0.416713 19.605152 12.693985
v 8.491590 21.710752 9.858681
v -0.411193 27.035484 12.369118
v -5.226231 47.348824 -6.692108
v -3.854331 42.657043 -15.946854
v 0.099770 47.377960 -17.690163
v -2.076908 45.067535 -17.811584
v 0.101316 45.127331 -17.781075
v 0.112726 47.392200 -18.452324
v 2.638481 44.864502 -18.462738
v 0.113505 44.864498 -18.498116
v -0.393926 11.558414 11.353546
v -0.416713 19.605152 12.693985
v 7.324035 16.147541 -18.835754
v 7.324035 16.147541 -18.835754
v 7.531584 -47.095005 -42.593491
v -5.898640 42.657051 14.943241
v 6.328428 23.608006 -20.449059
v 0.519580 -48.613201 -42.385551
v -6.482018 -47.095005 -42.789810
v 0.519580 -48.613201 -42.385551
v -9.562425 29.477701 12.059448
v 5.798574 39.583755 -17.882156
v 6.027082 47.404282 -6.642540
v 8.600499 36.852493 -1.742027
v -6.581991 -40.212280 -50.094643
v -6.482018 -47.095005 -42.789810
v -7.554260 -41.192184 -42.235733
v -0.471267 37.441315 15.903019
v 8.049569 -35.350849 -55.943291
v 9.932592 -33.634285 -41.262077
v 8.746205 29.477711 12.315941
v -0.471267 37.441315 15.903019
v 8.491590 21.710752 9.858681
v -5.053823 51.770172 16.143742
v -6.375622 37.600937 15.145885
v -6.375622 37.600937 15.145885
v -8.406651 -23.907303 -6.982170
v -8.927143 -33.634296 -41.526299
v 5.456011 37.600937 15.311642
v 4.811150 47.372292 -16.248894
v 3.992737 42.657043 -15.836914
v 0.112726 47.392200 -18.452324
v 0.113505 44.864498 -18.498116
v 8.108626 -3.796356 -30.105118
v 8.108626 -3.796356 -30.105118
v -5.395552 -23.984364 -39.512962
v 5.109618 47.072456 8.922310
v -0.108202 -26.967705 -5.454597
v -0.108202 -26.967705 -5.454597
v 8.746205 29.477711 12.315941
v 5.456011 37.600937 15.311642
v 5.512480 47.360954 -16.327118
v 6.223364 -34.354618 -15.436935
v -5.075625 -28.460030 -56.490669
v -5.395552 -23.984364 -39.512962
v -4.371027 -22.329506 -47.807518
v -5.912466 -17.036053 -44.229095
v 0.664727 -22.114311 -50.924690
v 7.011209 -17.036053 -44.048035
v 5.592135 -22.329506 -47.667938
v 0.664727 -22.114311 -50.924690
v -7.015236 -8.964111 -32.907158
v -6.375622 37.600937 15.145885
v -3.645407 47.392204 16.235928
v -6.181183 47.310577 16.182388
v 0.513503 -13.238895 -42.028526
v 0.513503 -13.238895 -42.028526
v -6.181183 47.310577 16.182388
v 5.226432 47.310577 16.342197
v 3.992737 42.657043 -15.836914
v 2.279539 45.067543 -17.750549
v 0.069203 42.657047 -15.891899
v 3.582236 47.382202 -17.641373
v -8.272737 -10.156168 -1.722298
v -8.030821 -6.980093 1.736816
v -9.379925 1.863926 -9.803261
v 3.753093 51.244511 -1.454773
v -0.283602 -7.765114 4.863625
v -0.168903 -20.198036 -1.883766
v -0.283602 -7.765114 4.863625
v -8.272737 -10.156168 -1.722298
v -0.168903 -20.198036 -1.883766
v -0.471267 37.441315 15.903019
v -3.645407 47.392204 16.235928
v -7.483275 -3.796356 -30.323547
v -0.393926 11.558414 11.353546
v -0.416713 19.605152 12.693985
v 2.690043 47.392212 16.324684
v -0.471267 37.441315 15.903019
v 4.986141 42.657051 15.095718
v 0.101316 45.127331 -17.781075
v -8.408376 -15.099327 -4.577171
v -8.927143 -33.634296 -41.526299
v -5.898640 42.657051 14.943241
v -7.483275 -3.796356 -30.323547
v 7.566204 -6.980091 1.955322
v 9.306903 1.863930 -9.541466
v -0.477682 47.392204 16.280304
v 0.664727 -22.114311 -50.924690
v -5.075625 -28.460030 -56.490669
v -4.371027 -22.329506 -47.807518
v -6.546014 -35.350861 -56.147758
v -0.477682 47.392204 16.280304
v 0.360820 -2.733284 -33.046593
v -6.546014 -35.350861 -56.147758
v 0.069203 42.657047 -15.891899
v 0.101316 45.127331 -17.781075
v -2.076908 45.067535 -17.811584
v 8.049569 -35.350849 -55.943291
v 5.456011 37.600937 15.311642
v -3.854331 42.657043 -15.946854
v -5.898640 42.657051 14.943241
v -0.454784 42.657063 14.933285
v -6.200220 47.404278 -6.813828
v 0.360820 -2.733284 -33.046593
v -0.454784 42.657063 14.933285
v 4.986141 42.657051 15.095718
v 8.049569 -35.350849 -55.943291
v 0.762122 -27.572159 -56.654167
v 6.591534 -28.460030 -56.327217
v -4.347118 51.283745 15.569317
v -0.283602 -7.765114 4.863625
v 0.762122 -27.572159 -56.654167
v -6.546014 -35.350861 -56.147758
v 7.925580 -10.156164 -1.495369
v 0.112726 47.392200 -18.452324
v 0.664727 -22.114311 -50.924690
v 5.592135 -22.329506 -47.667938
v -0.108202 -26.967705 -5.454597
v -8.406651 -23.907303 -6.982170
v -0.283602 -7.765114 4.863625
v -8.030821 -6.980093 1.736816
v -0.108202 -26.967705 -5.454597
v 8.238215 -23.907299 -6.748985
v -8.938972 36.852486 -1.987740
v 0.121531 36.288315 -18.970161
v 0.113505 44.864498 -18.498116
v 2.638481 44.864502 -18.462738
v -6.546014 -35.350861 -56.147758
v 0.757573 -38.793449 -56.386421
v -0.108202 -26.967705 -5.454597
v 0.757573 -38.793449 -56.386421
v -0.108202 -26.967705 -5.454597
v 7.566204 -6.980091 1.955322
v 0.112726 47.392200 -18.452324
v 5.798574 39.583755 -17.882156
v -5.589792 39.583748 -18.041702
v 0.121531 36.288315 -18.970161
v -5.088627 34.232826 -18.127533
v -0.168903 -20.198036 -1.883766
v -8.408376 -15.099327 -4.577171
v 3.414150 51.285454 15.676350
v 4.746572 51.814507 -1.437759
v 0.121531 36.288315 -18.970161
v -2.411472 44.864498 -18.533493
v 0.113505 44.864498 -18.498116
v -7.879121 -45.101627 -27.733147
v 4.100920 51.770180 16.271999
v -5.589792 39.583748 -18.041702
v -3.608166 47.392200 -18.504456
v 3.833617 47.392204 -18.400192
v 5.512480 47.360954 -16.327118
v 3.833617 47.392204 -18.400192
vn -0.1163 -0.8662 0.4860
vn -0.7924 -0.3317 0.5119
vn -0.5302 -0.8075 0.2585
vn -0.9901 0.1395 0.0159
vn -0.5175 -0.8549 0.0355
vn -0.5302 -0.8075 0.2584
vn 0.9828 0.1707 0.0709
vn 0.9690 0.1911 0.1567
vn 0.9392 0.0735 0.3355
vn -0.2141 -0.9662 0.1436
vn -0.0140 0.0077 0.9999
vn -0.9522 -0.0000 -0.3054
vn -0.9734 0.1280 -0.1901
vn -0.2191 0.0716 -0.9731
vn 0.1026 -0.8659 0.4895
vn 0.2099 -0.9660 0.1508
vn 0.5223 -0.8068 0.2761
vn 0.5162 -0.8548 0.0531
vn 0.0087 -0.0464 0.9989
vn 0.7758 -0.3309 0.5372
vn 0.9994 -0.0215 -0.0267
vn 0.9618 0.1479 -0.2304
vn 0.9993 0.0323 0.0170
vn -0.9090 0.1652 -0.3826
vn -0.0832 0.1637 -0.9830
vn -0.7283 0.6566 -0.1961
vn -0.9833 0.1495 -0.1035
vn 0.3911 0.4663 0.7934
vn 0.0173 0.9999 0.0003
vn 0.9578 0.2643 0.1130
vn 0.9890 0.1395 0.0495
vn 0.0139 0.1241 -0.9922
vn -0.0787 -0.6960 0.7137
vn -0.7401 -0.4485 0.5011
vn -0.7924 -0.3318 0.5118
vn -0.9992 -0.0000 -0.0388
vn -0.7925 -0.3317 0.5118
vn 0.0250 0.2335 -0.9720
vn 0.9619 -0.0000 -0.2733
vn 0.9932 -0.0215 -0.1142
vn 0.9523 -0.0105 -0.3048
vn -0.9888 -0.0215 -0.1478
vn -0.9522 -0.0000 -0.3053
vn -0.9416 -0.0105 -0.3364
vn 0.4200 0.4757 -0.7729
vn 0.2091 0.4835 -0.8500
vn 0.9618 0.1480 -0.2305
vn 1.0000 -0.0000 -0.0049
vn 0.9854 0.0320 -0.1675
vn 0.0043 0.9527 -0.3039
vn 0.2104 0.2456 -0.9463
vn 0.2220 0.1108 -0.9687
vn -0.3973 0.4748 -0.7853
vn -0.9535 0.1477 -0.2627
vn -0.1850 0.4830 -0.8558
vn -0.9416 -0.0106 -0.3365
vn -0.1945 0.1106 -0.9746
vn -0.1836 0.2454 -0.9519
vn -0.7401 -0.4485 0.5012
vn -0.4340 -0.6399 0.6341
vn 0.0196 0.1317 -0.9911
vn 0.9619 -0.0000 -0.2734
vn 0.9523 -0.0106 -0.3049
vn 0.2220 0.1107 -0.9687
vn -0.3014 -0.1298 -0.9446
vn -0.4159 0.1253 0.9007
vn -0.0146 0.3583 0.9335
vn -0.0140 -0.0310 0.9994
vn -0.9946 -0.0000 -0.1040
vn 0.6634 -0.2394 -0.7089
vn 0.6344 0.2632 -0.7268
vn 0.9815 0.1917 -0.0050
vn -0.9875 -0.1499 0.0485
vn -0.8835 -0.1321 0.4495
vn -0.9915 0.1291 -0.0169
vn 0.7241 -0.4474 0.5249
vn 0.4153 -0.6389 0.6475
vn 0.0586 -0.6958 0.7158
vn 0.0022 0.2335 -0.9724
vn 0.7340 0.6571 -0.1714
vn 0.9915 0.1291 0.0168
vn 0.9975 -0.0000 -0.0702
vn 0.8684 -0.1318 0.4781
vn -0.9993 0.0323 -0.0170
vn -0.9242 0.1873 -0.3328
vn 0.7758 -0.3310 0.5372
vn 0.7241 -0.4475 0.5248
vn 1.0000 -0.0000 -0.0048
vn 0.9901 0.1396 -0.0159
vn 0.9211 0.1656 -0.3523
vn 0.1107 0.1638 -0.9803
vn -0.9952 0.0964 -0.0169
vn -0.5020 0.8466 -0.1770
vn -0.1240 0.9530 -0.2764
vn 0.7810 -0.5156 -0.3525
vn 0.9761 -0.1918 -0.1025
vn 0.4884 -0.8639 -0.1234
vn -0.9884 0.1395 -0.0604
vn -0.9979 -0.0215 -0.0606
vn -0.9992 -0.0000 -0.0389
vn -0.9821 -0.1702 0.0806
vn 0.0082 0.1317 -0.9913
vn 0.9740 0.1814 0.1358
vn 0.9863 0.1496 -0.0701
vn 0.9694 0.2439 0.0273
vn 0.1317 0.9532 -0.2721
vn -0.2274 0.4156 -0.8807
vn 0.2523 0.4161 -0.8736
vn -0.4260 0.2951 -0.8552
vn -0.2274 0.4155 -0.8807
vn -0.9242 0.1872 -0.3328
vn 0.4180 -0.3607 0.8338
vn 0.9132 -0.1348 0.3845
vn 0.8952 -0.1950 0.4008
vn 0.9998 -0.0215 0.0061
vn 0.9952 -0.0964 -0.0157
vn 0.5070 0.8470 -0.1600
vn 0.9347 0.1877 -0.3017
vn 0.4508 0.2958 -0.8422
vn 0.9347 0.1876 -0.3017
vn 0.9788 -0.1700 0.1139
vn 0.9347 0.1876 -0.3018
vn 0.9133 -0.1349 0.3844
vn 0.9788 -0.1701 0.1138
vn -0.9698 0.2439 -0.0057
vn -0.9846 0.1708 0.0375
vn -0.9732 0.1939 0.1237
vn -0.3275 -0.0810 0.9414
vn -0.1630 -0.2438 0.9560
vn -0.9875 -0.1498 0.0485
vn 0.9348 0.1876 -0.3017
vn 0.9899 0.1395 -0.0268
vn -0.9979 -0.0215 -0.0607
vn -0.9780 0.1815 0.1027
vn 0.2380 -0.5891 -0.7722
vn 0.7810 -0.5157 -0.3524
vn 0.2248 -0.7759 -0.5894
vn -0.7694 -0.5148 -0.3782
vn -0.2160 -0.5884 -0.7791
vn -0.2080 -0.7753 -0.5963
vn -0.8099 -0.0685 0.5825
vn 0.3005 -0.0809 0.9504
vn 0.9853 -0.1497 0.0820
vn 0.1360 -0.2436 0.9603
vn 0.9952 0.0964 0.0169
vn 0.9837 0.1602 0.0819
vn -0.0131 0.3583 0.9335
vn 0.3896 0.1250 0.9124
vn 0.0140 0.0077 -0.9999
vn 0.2466 0.0717 -0.9665
vn 0.0140 0.0310 -0.9994
vn 0.3148 -0.2524 0.9150
vn 0.4884 -0.8639 -0.1233
vn 0.9869 -0.1606 0.0168
vn 0.2317 -0.9696 -0.0782
vn -0.4845 -0.8635 -0.1398
vn -0.2293 -0.9695 -0.0860
vn -0.4845 -0.8635 -0.1399
vn -0.9721 -0.1917 -0.1355
vn -0.1223 -0.2506 0.9603
vn 0.9815 0.1916 -0.0049
vn 0.7910 -0.0683 0.6080
vn 0.0953 -0.2504 0.9634
vn 0.9853 -0.1498 0.0820
vn 0.5562 0.8310 0.0095
vn -0.6508 -0.0546 0.7573
vn -0.6507 -0.0547 0.7573
vn -0.9821 -0.1703 0.0806
vn -0.9807 0.1916 -0.0383
vn 0.6274 -0.0545 0.7768
vn -0.9610 0.2645 0.0803
vn -0.9859 0.1603 0.0484
vn 0.9491 0.1155 -0.2931
vn 0.9490 0.1155 -0.2932
vn -0.9890 0.1396 -0.0495
vn -0.3586 -0.5744 0.7358
vn 0.3373 -0.5735 0.7465
vn 0.7909 -0.0683 0.6081
vn 0.6274 -0.0546 0.7768
vn 0.9792 0.1282 -0.1570
vn 0.7241 -0.4475 0.5249
vn -0.6120 0.2625 -0.7460
vn -0.8754 0.3263 -0.3567
vn -0.7889 0.3821 -0.4812
vn -0.3071 0.7168 -0.6259
vn 0.8038 0.3830 -0.4552
vn 0.8866 0.3269 -0.3274
vn 0.3249 0.7177 -0.6159
vn -0.9791 0.0320 -0.2006
vn -0.6508 -0.0547 0.7573
vn -0.0366 -0.0464 0.9982
vn -0.9498 0.0736 0.3040
vn -0.3001 0.7145 -0.6320
vn 0.3180 0.7154 -0.6222
vn -0.9498 0.0735 0.3040
vn 0.9392 0.0734 0.3355
vn -0.0005 0.9995 0.0320
vn -0.0111 0.6139 0.7893
vn -0.0006 0.9992 0.0400
vn -0.4139 0.4672 0.7813
vn -0.9079 -0.1953 0.3710
vn -0.7519 -0.2492 0.6103
vn -0.9941 -0.0964 -0.0496
vn 0.3477 -0.3444 0.8721
vn 0.4180 -0.3608 0.8337
vn 0.8952 -0.1949 0.4009
vn -0.3727 -0.3450 0.8614
vn -0.4421 -0.3615 0.8209
vn -0.1223 -0.2505 0.9604
vn -0.0367 -0.0465 0.9982
vn -0.9387 0.1153 -0.3248
vn -0.3409 -0.2528 0.9055
vn -0.3275 -0.0811 0.9414
vn 0.0953 -0.2504 0.9635
vn -0.9869 -0.1606 -0.0168
vn -0.9255 -0.1351 0.3539
vn -0.9388 0.1153 -0.3247
vn 0.7325 -0.2485 0.6338
vn -0.3071 0.7169 -0.6259
vn -0.6121 0.2625 -0.7460
vn -0.8754 0.3262 -0.3567
vn -0.6414 -0.2387 -0.7291
vn -0.3974 0.4748 -0.7853
vn -0.0026 0.9992 0.0399
vn -0.0004 0.9995 0.0320
vn -0.0000 1.0000 -0.0000
vn -0.9833 0.1496 -0.1035
vn 0.0934 0.2181 -0.9715
vn -0.0140 0.0078 0.9999
vn -0.3727 -0.3450 0.8615
vn -0.0661 0.2180 -0.9737
vn -0.6414 -0.2388 -0.7291
vn 0.8952 -0.1949 0.4008
vn -0.0001 1.0000 0.0080
vn 0.8866 0.3268 -0.3274
vn -0.3585 -0.5744 0.7359
vn -0.9821 -0.1702 0.0807
vn 0.9788 -0.1702 0.1138
vn 0.3477 -0.3443 0.8721
vn -0.7519 -0.2492 0.6104
vn 0.3372 -0.5735 0.7466
vn 0.9788 -0.1701 0.1139
vn -0.3586 -0.5745 0.7358
vn -0.9821 -0.1703 0.0805
vn -0.2160 -0.5885 -0.7791
vn 0.3373 -0.5736 0.7465
vn 0.7324 -0.2485 0.6339
vn 0.9619 -0.0001 -0.2734
vn -0.9416 -0.0105 -0.3365
vn -0.9255 -0.1352 0.3539
vn -0.9994 -0.0215 -0.0279
vn 0.9694 0.2439 0.0272
vn -0.2191 0.0715 -0.9731
vn -0.0786 -0.6960 0.7137
vn -0.5562 0.8310 -0.0095
vn 0.3283 -0.1301 -0.9356
vn -0.0173 0.9999 -0.0003
vt 0.849609 0.017578
vt 0.857910 0.046387
vt 0.833984 0.030762
vt 0.823730 0.042969
vt 0.814941 0.026367
vt 0.951660 0.355957
vt 0.978027 0.373047
vt 0.978027 0.356934
vt 0.822754 0.009277
vt 0.980469 0.371582
vt 0.853516 0.328125
vt 0.858887 0.357422
vt 0.847656 0.348145
vt 0.984375 0.357422
vt 0.876465 0.161621
vt 0.822754 0.191406
vt 0.887207 0.188965
vt 0.863281 0.016602
vt 0.872559 0.013672
vt 0.870605 0.012695
vt 0.894531 0.357422
vt 0.929199 0.068359
vt 0.932617 0.067383
vt 0.932617 0.068359
vt 0.882812 0.016602
vt 0.872559 0.035156
vt 0.873047 0.061035
vt 0.858398 0.080078
vt 0.872559 0.007812
vt 0.913086 0.318359
vt 0.851562 0.308594
vt 0.794434 0.168945
vt 0.801758 0.192383
vt 0.807617 0.143555
vt 0.870605 0.007812
vt 0.825684 0.266602
vt 0.837891 0.318359
vt 0.843262 0.268066
vt 0.891602 0.052734
vt 0.882812 0.007812
vt 0.850586 0.357422
vt 0.927734 0.073730
vt 0.923828 0.068359
vt 0.923828 0.073730
vt 0.891113 0.282715
vt 0.750977 0.051758
vt 0.746582 0.068848
vt 0.790527 0.060547
vt 0.957031 0.264648
vt 0.954590 0.227051
vt 0.874023 0.217285
vt 0.831543 0.209473
vt 0.792480 0.091309
vt 0.950684 0.068359
vt 0.960938 0.059570
vt 0.950195 0.067383
vt 0.767090 0.039062
vt 0.790527 0.038574
vt 0.790039 0.022461
vt 0.849121 0.239746
vt 0.900879 0.099609
vt 0.937500 0.337402
vt 0.913574 0.373047
vt 0.809082 0.211426
vt 0.831055 0.240234
vt 0.929688 0.106445
vt 0.909180 0.129395
vt 0.919434 0.147461
vt 0.993652 0.061523
vt 0.960938 0.061523
vt 0.982422 0.252930
vt 0.986328 0.280762
vt 0.740723 0.038574
vt 0.762207 0.021973
vt 0.963867 0.292969
vt 0.932617 0.077637
vt 0.840820 0.357422
vt 0.840820 0.348633
vt 0.976074 0.223145
vt 0.993652 0.077637
vt 0.788574 0.007324
vt 0.991211 0.321289
vt 0.994629 0.059570
vt 0.975586 0.322754
vt 0.815430 0.162598
vt 0.916504 0.081543
vt 0.766113 0.092285
vt 0.775391 0.109863
vt 0.750488 0.094238
vt 0.770508 0.129395
vt 0.695801 0.252441
vt 0.689453 0.256348
vt 0.695801 0.259277
vt 0.930664 0.159668
vt 0.952637 0.152832
vt 0.689453 0.259277
vt 0.992676 0.356934
vt 0.760742 0.252441
vt 0.760742 0.259277
vt 0.735840 0.072754
vt 0.923828 0.067383
vt 0.928711 0.067383
s 1
usemtl Gaia-Vandal-Red-Crystal
f 1/1/1 2/2/2 3/3/3
f 4/4/4 5/5/5 6/3/6
f 7/6/7 8/7/8 9/8/9
f 10/5/5 11/9/10 3/3/3
f 1/1/1 3/3/3 11/9/10
f 9/8/9 8/7/8 12/10/11
f 13/11/12 14/12/13 15/13/14
f 16/1/15 17/9/16 18/3/17
f 19/5/18 18/3/17 17/9/16
f 9/8/9 12/10/11 20/14/19
f 16/1/15 18/3/17 21/2/20
f 22/15/21 23/16/22 24/17/23
f 25/18/24 26/19/25 27/20/26
f 13/11/12 28/21/27 14/12/13
f 29/22/28 30/23/29 31/24/30
f 32/4/31 33/2/20 34/3/17
f 32/4/31 35/3/17 36/5/18
f 26/19/25 25/18/24 37/25/32
f 38/26/33 39/27/34 40/2/35
f 41/28/36 42/2/37 43/27/34
f 44/29/38 27/20/26 26/19/25
f 45/11/39 46/30/40 47/31/41
f 48/30/42 49/11/43 50/31/44
f 51/32/45 52/33/46 53/16/47
f 54/15/21 55/28/48 56/34/49
f 27/20/26 44/29/38 57/35/50
f 58/31/41 59/36/51 60/37/52
f 61/32/53 62/16/54 63/33/55
f 64/31/56 65/37/57 66/36/58
f 67/38/47 59/36/51 58/31/41
f 68/27/59 69/26/33 70/39/60
f 26/19/25 71/40/61 44/29/38
f 72/11/62 73/31/63 74/37/64
f 15/13/14 14/12/13 75/41/65
f 76/42/66 77/43/67 78/44/68
f 79/38/54 64/31/56 66/36/58
f 80/38/54 81/45/69 50/31/44
f 82/46/70 83/47/71 84/48/72
f 85/49/73 81/45/69 86/50/74
f 87/51/75 86/50/74 81/45/69
f 88/27/76 89/39/77 90/26/78
f 91/29/79 92/20/80 93/35/50
f 94/51/81 95/45/82 96/50/83
f 97/17/84 98/52/85 99/16/54
f 100/26/78 101/2/86 102/27/87
f 98/52/85 97/17/84 103/51/75
f 104/28/88 32/4/31 105/53/89
f 106/18/90 92/20/80 107/19/91
f 108/54/92 109/55/93 110/56/94
f 104/28/88 33/2/20 32/4/31
f 111/57/95 112/58/96 113/59/97
f 92/20/80 91/29/79 107/19/91
f 36/5/18 112/58/96 32/4/31
f 87/51/75 114/60/98 115/52/85
f 116/15/99 117/28/100 118/61/101
f 91/29/79 119/40/102 107/19/91
f 120/62/103 121/21/104 122/63/105
f 30/23/29 123/56/106 31/24/30
f 63/33/55 62/16/54 124/64/107
f 52/33/46 125/64/108 53/16/47
f 55/28/48 126/53/89 56/34/49
f 124/64/107 62/16/54 127/52/85
f 128/65/109 124/64/110 129/52/111
f 130/66/112 131/67/113 132/68/114
f 133/69/115 134/70/116 135/55/117
f 125/64/108 136/52/118 53/16/47
f 137/65/119 138/52/120 125/64/108
f 130/66/112 139/61/121 131/67/113
f 140/52/122 24/17/23 23/16/22
f 24/17/23 140/52/122 141/51/81
f 142/67/123 143/61/124 54/15/21
f 144/63/125 145/6/126 146/7/127
f 147/71/128 148/72/129 149/49/130
f 94/51/81 150/52/131 151/60/132
f 81/45/69 114/60/98 87/51/75
f 99/16/54 152/15/133 97/17/84
f 128/65/109 129/52/111 153/60/98
f 154/60/98 79/38/54 128/65/109
f 112/58/96 36/5/18 113/59/97
f 155/6/126 156/63/125 157/62/134
f 81/45/69 80/38/54 114/60/98
f 128/65/109 79/38/54 66/36/58
f 158/73/135 159/57/136 160/74/137
f 137/65/119 59/36/51 67/38/47
f 128/65/109 66/36/58 124/64/110
f 161/57/138 162/73/139 163/74/140
f 148/72/129 164/75/141 149/49/130
f 165/71/142 166/49/143 167/72/144
f 168/54/145 169/76/146 31/24/30
f 170/43/147 171/42/148 172/44/68
f 173/77/149 174/13/150 175/78/151
f 137/65/119 125/64/108 59/36/51
f 95/45/82 94/51/81 151/60/132
f 176/79/152 96/50/83 177/71/142
f 137/65/119 178/60/132 138/52/120
f 179/60/132 137/65/119 67/38/47
f 159/57/136 180/59/153 160/74/137
f 181/80/154 134/70/116 133/69/115
f 182/38/22 95/45/82 151/60/132
f 48/30/42 50/31/44 81/45/69
f 180/59/153 183/81/155 160/74/137
f 184/59/156 163/74/140 185/81/157
f 186/75/141 48/30/42 85/49/73
f 187/11/39 188/21/104 189/30/40
f 161/57/138 163/74/140 184/59/156
f 190/57/138 191/59/158 192/58/159
f 193/82/160 164/75/141 148/72/129
f 5/5/5 4/4/4 192/58/159
f 194/46/70 195/48/161 111/57/95
f 196/75/162 197/82/163 167/72/144
f 96/50/83 198/49/164 177/71/142
f 31/24/30 123/56/106 168/54/145
f 83/47/71 126/53/89 84/48/72
f 192/58/159 191/59/158 5/5/5
f 135/55/117 199/83/165 133/69/115
f 180/59/153 19/5/18 183/81/155
f 183/81/155 19/5/18 17/9/16
f 164/75/141 193/82/160 200/84/166
f 96/50/83 95/45/82 198/49/164
f 185/81/157 11/9/10 10/5/5
f 184/59/156 185/81/157 10/5/5
f 201/84/167 48/30/42 186/75/141
f 43/27/34 202/61/168 41/28/36
f 203/48/169 192/58/159 4/4/4
f 197/82/163 196/75/162 204/84/170
f 121/21/104 120/62/103 46/30/40
f 205/24/171 76/42/66 206/76/172
f 15/13/14 207/77/149 208/78/151
f 190/57/138 192/58/159 203/48/169
f 23/16/22 22/15/21 209/85/173
f 85/49/73 48/30/42 81/45/69
f 56/34/49 210/85/174 54/15/21
f 211/53/175 203/48/169 4/4/4
f 167/72/144 166/49/143 196/75/162
f 212/6/7 120/62/103 122/63/105
f 68/27/59 70/39/60 213/86/176
f 88/27/76 214/86/177 89/39/77
f 215/75/178 198/49/164 46/30/40
f 41/28/36 4/4/4 42/2/37
f 41/28/36 211/53/175 4/4/4
f 216/84/179 215/75/178 46/30/40
f 120/62/103 212/6/7 216/84/179
f 187/11/39 174/13/150 217/12/180
f 104/28/88 218/27/181 33/2/20
f 219/47/182 220/53/175 221/87/183
f 46/30/40 198/49/164 95/45/82
f 220/53/175 222/88/184 221/87/183
f 222/88/184 223/89/185 221/87/183
f 47/31/41 46/30/40 95/45/82
f 120/62/103 216/84/179 46/30/40
f 224/88/186 225/87/187 226/89/188
f 220/53/175 227/34/189 222/88/184
f 228/84/190 229/14/191 230/8/192
f 222/88/184 231/90/193 223/89/185
f 224/88/186 226/89/188 232/90/194
f 233/8/195 155/6/126 201/84/167
f 234/8/196 216/84/179 212/6/7
f 235/91/197 236/92/198 237/93/199
f 207/77/149 15/13/14 75/41/65
f 77/43/67 76/42/66 238/22/200
f 76/42/66 205/24/171 238/22/200
f 105/53/89 32/4/31 195/48/161
f 111/57/95 195/48/161 112/58/96
f 157/62/134 48/30/42 201/84/167
f 195/48/161 32/4/31 112/58/96
f 239/68/201 240/94/202 241/17/84
f 157/62/134 201/84/167 155/6/126
f 109/55/93 108/54/92 242/70/203
f 243/95/204 244/66/205 132/68/206
f 245/95/207 246/68/201 247/66/208
f 201/84/166 248/82/209 249/14/210
f 227/34/189 116/15/99 250/85/211
f 251/79/212 252/71/213 86/50/74
f 216/84/179 253/14/19 254/82/214
f 108/54/92 255/80/215 242/70/203
f 237/93/199 236/92/198 256/96/198
f 239/68/201 116/15/99 257/67/216
f 219/47/182 258/48/169 220/53/175
f 119/40/102 259/25/32 107/19/91
f 152/15/133 99/16/54 260/85/217
f 261/94/218 262/17/23 96/50/83
f 249/14/210 248/82/209 263/97/68
f 135/55/117 168/54/145 123/56/106
f 264/89/219 265/47/220 266/87/221
f 162/73/139 161/57/138 267/46/222
f 253/14/19 268/97/68 254/82/214
f 269/32/223 227/34/189 250/85/211
f 190/57/138 203/48/169 270/46/222
f 71/40/61 26/19/25 37/25/32
f 168/54/145 135/55/117 134/70/116
f 271/93/224 272/96/198 273/92/198
f 171/42/148 170/43/147 29/22/28
f 240/94/202 86/50/74 241/17/84
f 159/57/136 158/73/135 274/46/70
f 275/84/170 9/8/9 20/14/19
f 176/79/152 261/94/218 96/50/83
f 240/94/202 251/79/212 86/50/74
f 276/91/225 277/98/226 278/99/226
f 157/62/134 156/63/125 279/21/227
f 232/90/194 280/32/45 56/34/49
f 231/90/193 227/34/189 269/32/223
f 235/91/197 281/99/226 282/98/226
f 283/46/70 284/100/228 285/47/71
f 61/32/53 260/85/217 62/16/54
f 107/19/91 259/25/32 106/18/90
f 181/80/154 168/54/145 134/70/116
f 31/24/30 169/76/146 171/42/148
f 224/88/186 232/90/194 56/34/49
f 222/88/184 227/34/189 231/90/193
f 229/14/191 286/10/229 230/8/192
f 280/32/45 210/85/174 56/34/49
f 126/53/89 224/88/186 56/34/49
f 230/8/192 286/10/229 146/7/127
f 237/93/199 281/99/226 235/91/197
f 126/53/89 225/87/187 224/88/186
f 251/79/212 240/94/202 287/95/230
f 145/6/126 230/8/192 146/7/127
f 288/100/231 289/46/232 265/47/220
f 83/47/71 225/87/187 126/53/89
f 54/15/21 290/68/233 142/67/123
f 278/99/226 271/93/224 276/91/225
f 276/91/225 271/93/224 273/92/198
f 171/42/148 29/22/28 31/24/30
f 291/101/234 29/22/28 170/43/147
f 284/100/228 292/89/188 285/47/71
f 292/89/188 293/87/235 285/47/71
f 294/86/236 247/66/208 295/61/237
f 218/27/181 104/28/88 139/61/238
f 261/94/218 176/79/152 296/95/239
f 117/28/100 227/34/189 220/53/175
f 108/54/92 206/76/172 255/80/215
f 51/32/45 53/16/47 209/85/173
f 290/68/233 54/15/21 262/17/23
f 290/68/233 262/17/23 261/94/218
f 297/94/240 246/68/201 245/95/207
f 288/100/231 265/47/220 264/89/219
f 298/86/241 299/61/242 244/66/112
f 28/21/27 13/11/12 300/30/42
f 301/37/64 302/78/151 303/13/150
f 304/46/222 258/48/169 219/47/182
f 284/100/228 283/46/70 305/73/135
f 39/27/34 306/86/243 295/61/244
f 289/46/232 288/100/231 307/73/245
f 86/50/74 87/51/75 241/17/84
f 102/27/181 299/61/242 308/86/246
f 181/80/154 169/76/146 168/54/145
f 96/50/83 262/17/23 94/51/81
f 309/94/247 243/95/204 132/68/206
f 77/43/67 238/22/200 310/101/234
f 86/50/74 252/71/213 85/49/73
f 95/45/82 182/38/22 47/31/41
f 55/28/48 54/15/21 143/61/124
f 279/21/227 48/30/42 157/62/134
f 303/13/150 311/11/248 301/37/64
f 206/76/172 108/54/92 205/24/171
f 312/11/12 313/37/57 314/31/249
f 315/66/208 246/68/201 316/67/250
f 315/66/208 316/67/250 202/61/244
f 242/70/203 317/69/251 109/55/93
f 257/67/216 116/15/99 118/61/101
f 116/15/99 239/68/201 241/17/84
f 318/63/252 8/7/8 7/6/7
f 319/37/57 320/13/253 321/78/151
f 117/28/100 116/15/99 227/34/189
f 2/2/2 1/1/1 38/26/254
f 242/70/203 255/80/215 317/69/251
f 21/2/20 100/26/78 16/1/15
f 4/4/4 322/3/3 42/2/37
f 323/83/255 109/55/93 317/69/251
f 320/13/253 319/37/57 324/11/12
f 30/23/29 29/22/28 325/102/234
f 291/101/234 325/102/234 29/22/28
f 173/77/149 326/41/256 174/13/150
f 174/13/150 326/41/256 217/12/180
f 238/22/200 327/23/257 328/102/234
f 328/102/234 310/101/234 238/22/200
f 327/23/257 238/22/200 205/24/171
f 110/56/94 327/23/257 205/24/171
f 188/21/104 187/11/39 217/12/180
f 205/24/171 108/54/92 110/56/94
o Object_5
v 6.926303 20.635521 -10.058022
v 6.141483 29.990772 -16.858521
v 8.619798 22.023170 -8.073692
v 11.472913 -39.532948 -60.048988
v 10.059164 -40.104656 -58.336571
v 9.508012 -38.509716 -55.999290
v -7.569215 -50.416073 -36.547562
v -2.056945 -53.882389 -33.832664
v -1.956000 -53.126965 -32.604332
v -3.382071 -51.252026 -33.075813
v -6.301400 -49.123615 -35.944008
v -6.301400 -49.123615 -35.944008
v -3.382071 -51.252026 -33.075813
v -1.494433 -52.092037 -34.147415
v 2.548409 -51.500278 -31.169838
v 1.348932 -51.033688 -31.421341
v 1.348932 -51.033688 -31.421341
v 3.465989 -51.337482 -31.796478
v 2.548409 -51.500278 -31.169838
v 3.465989 -51.337482 -31.796478
v 1.348932 -51.033688 -31.421341
v 3.465989 -51.337482 -31.796478
v -1.340282 -53.511990 -35.065186
v -1.340282 -53.511990 -35.065186
v 10.153181 -41.535851 -57.824104
v 9.656382 -41.072067 -56.388680
v -7.761068 -42.774975 -44.545753
v -5.842749 -27.239681 -46.212158
v -7.000285 -41.886177 -42.364281
v -9.688171 -31.835579 -46.781189
v -7.761068 -42.774975 -44.545753
v -9.331676 -42.264561 -43.523987
v -7.042500 -47.793659 -41.666870
v -7.042500 -47.793659 -41.666870
v -7.711968 -45.785564 -38.533165
v -8.626471 -39.306656 -41.218948
v -9.956212 -41.658459 -41.805611
v -7.711968 -45.785564 -38.533165
v -8.626471 -39.306656 -41.218948
v -5.748635 -48.563259 -38.615135
v -8.815722 -47.434299 -40.700897
v -9.284094 -46.804111 -39.482796
v -5.435524 -51.253056 -38.691040
v -5.435524 -51.253056 -38.691040
v -7.086208 -51.278385 -37.756035
v 10.488448 -36.711720 -56.187981
v -10.103554 -31.198067 -44.922798
v -8.184051 -36.595566 -46.847443
v -8.184051 -36.595566 -46.847443
v 11.931246 -39.922035 -60.302071
v 10.153181 -41.535851 -57.824104
v 10.059164 -40.104656 -58.336571
v 9.508012 -38.509716 -55.999290
v 9.656382 -41.072067 -56.388680
v 18.425646 -44.280231 -63.125206
v 15.241024 -41.485546 -63.161430
v 15.300753 -42.638081 -62.481316
v 18.425646 -44.280231 -63.125206
v 15.386879 -42.901173 -62.844765
v 15.241024 -41.485546 -63.161430
v 18.425646 -44.280231 -63.125206
v 12.767236 -43.307861 -61.330849
v 15.386879 -42.901173 -62.844765
v 18.425646 -44.280231 -63.125206
v 15.300753 -42.638081 -62.481316
v 12.767236 -43.307861 -61.330849
v 11.931246 -39.922035 -60.302071
v 14.390705 -39.431240 -62.287300
v 11.472913 -39.532948 -60.048988
v 10.434885 -35.378792 -52.939278
v 8.085060 -31.815914 -56.109749
v 10.096533 -36.019295 -53.918816
v 11.099490 -35.644226 -53.390144
v 10.434885 -35.378792 -52.939278
v 11.126847 -36.342529 -54.236244
v 10.096533 -36.019295 -53.918816
v 11.126847 -36.342529 -54.236244
v 10.083570 -31.833122 -57.048607
v 11.099490 -35.644226 -53.390144
v 11.099490 -35.644226 -53.390144
v 10.947773 -32.071552 -55.341881
v 6.647399 -29.676811 -57.873833
v 8.915615 -29.242096 -56.443550
v 10.947773 -32.071552 -55.341881
v 8.915615 -29.242096 -56.443550
v 8.802230 -30.126682 -55.412544
v 8.085060 -31.815914 -56.109749
v 10.488448 -36.711720 -56.187981
v 11.505131 -35.370102 -57.637047
v 11.974286 -37.469189 -59.995338
v 10.488448 -36.711720 -56.187981
v 11.974286 -37.469189 -59.995338
v 14.390705 -39.431240 -62.287300
v 10.096533 -36.019295 -53.918816
v 13.180511 -36.774475 -60.756630
v 13.180511 -36.774475 -60.756630
v 13.625959 -35.609379 -59.826897
v 13.625959 -35.609379 -59.826897
v 11.505131 -35.370102 -57.637047
v -9.721087 -21.736053 -27.192932
v -7.057078 -24.487381 -30.089432
v -7.349771 -20.885811 -24.147865
v -7.349771 -20.885811 -24.147865
v -7.057078 -24.487381 -30.089432
v -4.757065 -22.314770 -30.359116
v -10.702393 -27.207764 -41.952675
v -8.037878 -27.446495 -37.593742
v -8.037878 -27.446495 -37.593742
v -9.146282 -20.057137 -31.750351
v -9.408548 -23.654652 -40.674423
v -6.965390 -19.366608 -32.108521
v -6.872240 -23.153454 -41.347504
v -6.965390 -19.366608 -32.108521
v -8.263658 -31.056004 -43.286423
v -7.681968 -28.912971 -43.581680
v -7.681968 -28.912971 -43.581680
v -8.263658 -31.056004 -43.286423
v 5.242910 -30.661419 -56.858559
v 5.242910 -30.661419 -56.858559
v -7.502373 -29.934750 -48.690140
v -9.641657 -27.754135 -48.325211
v -7.681968 -28.912971 -43.581680
v -7.502373 -29.934750 -48.690140
v -9.022428 -28.422935 -45.364288
v 1.890313 -27.518486 -56.558235
v 1.890313 -27.518486 -56.558235
v 1.101436 -28.543400 -58.210793
v -2.652277 -27.963406 -55.810921
v -4.611641 -26.586819 -56.808601
v -2.585366 -26.594990 -55.876106
v -4.396213 -27.536858 -57.694984
v -4.302005 -29.063786 -56.823158
v -2.585366 -26.594990 -55.876106
v -5.474847 -25.751549 -53.975914
v -6.784958 -27.085934 -56.532829
v -7.658541 -26.014725 -53.888313
v -8.221539 -26.954159 -54.732384
v -4.862620 -27.077404 -54.127419
v -5.474847 -25.751549 -53.975914
v -5.842749 -27.239681 -46.212158
v -4.302005 -29.063786 -56.823158
v -6.147375 -28.808872 -54.979988
v -6.147375 -28.808872 -54.979988
v -6.872240 -23.153454 -41.347504
v -7.165027 -29.302319 -50.478256
v -7.165027 -29.302319 -50.478256
v -7.502373 -29.934750 -48.690140
v 7.376298 5.996930 6.962051
v 4.613770 3.860870 6.034035
v 4.776428 6.882440 9.167107
v 7.376298 5.996930 6.962051
v 5.788090 5.618080 10.120865
v 8.819010 4.468842 7.074150
v -0.333530 -5.298014 7.800781
v 7.920164 -3.588604 5.489334
v -0.333236 -3.444962 7.783455
v -0.294518 -5.793619 5.505745
v 6.762589 -6.178621 3.745651
v 8.125202 -5.528698 5.590172
v -6.564703 -4.497353 2.165344
v -0.270335 -4.274792 4.083138
v -0.294518 -5.793619 5.505745
v -0.270335 -4.274792 4.083138
v 6.086219 -4.497353 2.342575
v -0.294518 -5.793619 5.505745
v 6.762589 -6.178621 3.745651
v 10.453815 -17.655201 -15.008598
v 8.798027 -15.723774 -17.055450
v 10.347361 -14.361374 -16.312561
v -9.788038 -13.140820 -22.136581
v -12.328842 -12.115705 -15.210205
v -11.644466 -7.584896 -14.481499
v 8.936200 -26.736595 -11.278801
v 9.363392 -26.082851 -13.178726
v 9.127882 -23.803024 -11.170929
v -5.835082 -0.482733 -32.661026
v -7.826578 0.444611 -28.615845
v -6.329203 0.195938 -30.125183
v -10.074284 -6.741516 -14.491669
v -8.079730 -12.385323 -22.324677
v 8.393722 0.444614 -28.388611
v 6.540672 -0.482737 -32.487656
v 6.948360 0.195938 -29.939163
v 8.308558 -25.826870 -10.864990
v 8.420866 -23.574039 -10.832451
v -3.542193 -24.989147 -3.476036
v -6.535569 -26.505116 -6.682777
v -0.124162 -24.818386 -3.265282
v -9.618375 -0.176409 -28.678192
v -9.473746 -13.662930 -11.230789
v -10.430342 -16.917339 -12.303848
v -9.119639 -16.272202 -11.662048
v -5.936052 -14.924725 -20.290367
v -10.074284 -6.741516 -14.491669
v -7.211731 -12.138180 -15.025414
v 10.847855 -2.425222 -28.154564
v 10.186784 -0.176405 -28.400726
v 11.123865 0.694450 -19.703667
v -8.981141 -3.259027 -1.216431
v -9.511714 -3.952967 -7.022957
v -10.952685 -4.408007 -6.902298
v -8.594620 -6.289482 2.201317
v -11.244172 -5.999453 -0.170647
v -8.981469 -6.680876 -0.284714
v 8.798027 -15.723774 -17.055450
v 7.317243 -12.138178 -14.821861
v 6.000457 -15.172195 -20.013412
v -7.731382 -27.147167 -7.877174
v -8.071468 -24.919079 -8.943085
v -6.712453 -25.337906 -7.490547
v -7.968281 -26.182030 -6.294975
v 6.692985 -31.101372 -16.984756
v 9.254736 -31.904026 -21.150810
v 7.442831 -32.777756 -16.466690
v -5.988056 -1.740707 -28.516144
v -6.329203 0.195938 -30.125183
v -7.826578 0.444611 -28.615845
v -8.615891 -15.723778 -17.299408
v -11.478631 -13.297188 -11.967178
v -9.145596 -23.803028 -11.426933
v -8.337060 -25.826870 -11.098190
v -8.450420 -23.574043 -11.068810
v -8.079730 -12.385323 -22.324677
v 8.616449 -3.259026 -0.969894
v 8.382916 -3.155956 2.770584
v 9.664580 -3.506212 3.286919
v 3.752229 -0.030775 -31.182983
v 6.552687 -1.740705 -28.340454
v 6.948360 0.195938 -29.939163
v 7.568210 -6.273758 -6.456429
v 8.616449 -3.259026 -0.969894
v -7.787244 -3.058001 4.413857
v 8.211804 -3.924814 -30.313965
v 5.099329 -3.799883 -33.058434
v 7.453901 -2.162214 -32.998039
v -10.431933 -5.678446 3.806595
v 7.231753 -3.057999 4.624260
v 6.492917 -20.105610 -13.411316
v 6.538950 -27.889488 -12.052208
v 8.420866 -23.574039 -10.832451
v 11.087108 -16.305645 -20.018738
v 12.438198 -12.115700 -14.863235
v -7.903482 -24.075336 -6.727516
v -0.157126 -24.694962 -2.576515
v 2.852666 -23.060009 -2.582771
v -0.167271 -22.828838 -1.979691
v -9.487505 -25.278873 -8.128815
v -7.903482 -24.075336 -6.727516
v -8.071468 -24.919079 -8.943085
v 9.967099 -30.955112 -19.864204
v 8.421741 -32.684700 -16.619225
v 9.254736 -31.904026 -21.150810
v 7.706121 -29.817532 -16.130745
v 9.092671 -31.293053 -17.109528
v 7.803662 -30.441681 -17.690788
v 0.183167 -23.837734 -3.826813
v -0.152491 -22.593857 -2.849213
v 2.260445 -22.681332 -3.236755
v -7.107357 -1.039942 -20.246651
v -8.719731 1.501909 -19.974297
v -8.079730 -12.385323 -22.324677
v -8.176906 -17.485336 -19.651619
v -6.435739 -20.105614 -13.592438
v -8.689677 -17.773037 -16.330078
v -7.211731 -12.138180 -15.025414
v -8.209693 -24.248207 -14.417152
v -10.340463 -17.655201 -15.299904
v -8.950336 -26.736603 -11.529381
v -9.982822 -2.542879 -8.448021
v -9.056246 -3.508301 -20.166435
v 10.780313 -4.408001 -6.597824
v 10.842857 -5.999453 0.138786
v 9.895867 -5.678478 4.091270
v 0.340566 -1.979492 -31.855103
v 5.099329 -3.799883 -33.058434
v 8.113948 -6.289482 2.435402
v 8.585111 -6.680876 -0.038620
v 7.231753 -3.057999 4.624260
v 8.211804 -3.924814 -30.313965
v -7.746916 -6.273760 -6.670982
v -8.981469 -6.680876 -0.284714
v -9.370968 -8.550310 -5.597733
v -11.649885 -10.526396 -9.840904
v -11.957292 -7.224773 -6.070465
v -12.740817 -9.276123 -10.703453
v -0.321024 -2.897764 7.065010
v -0.321024 -2.897764 7.065010
v 8.308558 -25.826870 -10.864990
v 9.357800 -25.279301 -7.865028
v 7.972026 -24.922241 -8.730446
v -7.731382 -27.147167 -7.877174
v -8.941388 -26.974453 -8.114433
v -2.512468 -22.674797 -3.285469
v -3.165304 -23.059780 -2.667023
v -0.157126 -24.694962 -2.576515
v -0.152491 -22.593857 -2.849213
v 6.357849 -26.505108 -6.502144
v 3.269283 -24.991756 -3.386909
v -0.124162 -24.818386 -3.265282
v -8.660536 -24.435333 -6.361069
v 6.562103 -25.337898 -7.304573
v 7.726631 -24.075333 -6.508537
v 7.972026 -24.922241 -8.730446
v 8.692916 -30.427940 -20.035324
v 7.776696 -26.182026 -6.074394
v 7.593936 -27.153919 -7.675781
v 8.811180 -26.974487 -7.865776
v 6.357849 -26.505108 -6.502144
v 7.593936 -27.153919 -7.675781
v -9.552879 -10.880674 -9.230431
v -8.113803 -8.650885 -11.203224
v 0.340566 -1.979492 -31.855103
v -3.092318 -0.030775 -31.278870
v -8.719731 1.501909 -19.974297
v -8.176906 -17.485336 -19.651619
v -10.803164 -16.305649 -20.325409
v -9.788038 -13.140820 -22.136581
v -10.189737 -14.361382 -16.600281
v -10.803164 -16.305649 -20.325409
v -8.615891 -15.723778 -17.299408
v -9.119639 -16.272202 -11.662048
v -11.361420 -13.720512 -15.168282
v -7.579305 -3.924814 -30.535187
v -6.730516 -2.162216 -33.196770
v -4.375031 -3.799887 -33.191170
v -8.209693 -24.248207 -14.417152
v -9.312921 -26.082336 -13.440559
v -8.450420 -23.574043 -11.068810
v -8.337060 -25.826870 -11.098190
v -6.527942 -27.889488 -12.235268
v -7.579305 -3.924814 -30.535187
v -4.375031 -3.799887 -33.191170
v -10.287544 -2.425243 -28.450737
v -8.176382 -3.856560 -28.739769
v -9.056246 -3.508301 -20.166435
v -9.982822 -2.542879 -8.448021
v -11.731969 -1.844460 -9.204475
v -10.850616 0.694450 -20.011520
v 11.756168 -7.224768 -5.738251
v 9.344128 -3.952965 -6.758797
v 9.344128 -3.952965 -6.758797
v -8.713098 -5.528702 5.354271
v -7.288440 -6.178621 3.548798
v 3.752229 -0.030775 -31.182983
v 0.392692 -2.226624 -34.921570
v -8.504733 -3.588606 5.259232
v -10.173480 -3.506226 3.008873
v -7.288440 -6.178621 3.548798
v 8.113948 -6.289482 2.435402
v -0.321024 -2.897764 7.065010
v -7.787244 -3.058001 4.413857
v 8.747573 -3.856560 -28.502678
v 9.335613 -3.508299 -19.908775
v 8.747573 -3.856560 -28.502678
v -11.098380 -8.149525 -5.679131
v -8.594620 -6.289482 2.201317
v -9.552879 -10.880674 -9.230431
v -9.370968 -8.550310 -5.597733
v -0.321024 -2.897764 7.065010
v -0.333236 -3.444962 7.783455
v -0.333530 -5.298014 7.800781
v -0.294518 -5.793619 5.505745
v 6.538950 -27.889488 -12.052208
v 8.308558 -25.826870 -10.864990
v -0.124162 -24.818386 -3.265282
v -0.455638 -23.837593 -3.836121
v -2.512468 -22.674797 -3.285469
v -6.535569 -26.505116 -6.682777
v -0.167271 -22.828838 -1.979691
v -0.152491 -22.593857 -2.849213
v 2.260445 -22.681332 -3.236755
v 7.726631 -24.075333 -6.508537
v 8.470868 -24.435329 -6.121063
v 8.692916 -30.427940 -20.035324
v 9.254736 -31.904026 -21.150810
v 8.082481 -30.850456 -20.411652
v 8.082481 -30.850456 -20.411652
v 7.803662 -30.441681 -17.690788
v 7.706121 -29.817532 -16.130745
v 7.442831 -32.777756 -16.466690
v -9.511714 -3.952967 -7.022957
v 0.392692 -2.226624 -34.921570
v 0.304500 -0.169233 -31.934601
v -3.092318 -0.030775 -31.278870
v -9.473746 -13.662930 -11.230789
v -5.936052 -14.924725 -20.290367
v -8.079730 -12.385323 -22.324677
v -8.176906 -17.485336 -19.651619
v -8.689677 -17.773037 -16.330078
v -8.176906 -17.485336 -19.651619
v -8.615891 -15.723778 -17.299408
v -9.473746 -13.662930 -11.230789
v -8.337060 -25.826870 -11.098190
v -6.527942 -27.889488 -12.235268
v -8.176382 -3.856560 -28.739769
v -7.376193 0.998409 -6.784889
v 8.382916 -3.155956 2.770584
v 8.585111 -6.680876 -0.038620
v 10.884366 -8.149523 -5.371162
v 0.379316 -0.169233 -31.933548
v 0.379316 -0.169233 -31.933548
v 0.369591 -0.523840 -33.562637
v 8.393722 0.444614 -28.388611
v 0.383270 -3.614103 -34.367294
v 0.383270 -3.614103 -34.367294
v -8.874854 -3.155960 2.528809
v 10.151641 -6.716955 -14.130676
v 8.482637 -12.349697 -22.142113
v 8.482637 -12.349697 -22.142113
v 10.151641 -6.716955 -14.130676
v 10.062724 -13.190552 -21.927483
v -8.981141 -3.259027 -1.216431
v 9.335613 -3.508299 -19.908775
v 7.390379 -1.039942 -20.043541
v -8.874854 -3.155960 2.528809
v -7.745802 -26.473465 -14.684708
v -7.745802 -26.473465 -14.684708
v 7.720760 -28.419704 -43.076942
v 8.654160 -27.358112 -37.528244
v 6.718070 -25.878956 -38.040962
v 8.343464 -26.972363 -43.839157
v 9.178242 -29.435764 -42.511246
v 11.053928 -26.591698 -37.656998
v 8.654160 -27.358112 -37.528244
v 9.178242 -29.435764 -42.511246
v 10.441275 -29.481651 -44.055641
v 10.151235 -27.418671 -43.670723
v 9.091256 -31.922966 -45.523270
v 9.868782 -31.836987 -46.226013
v 9.091256 -31.922966 -45.523270
v 8.645627 -31.835583 -46.681206
v 9.868782 -31.836987 -46.226013
v 9.091256 -31.922966 -45.523270
v 8.392038 -29.590614 -45.829453
v 8.645627 -31.835583 -46.681206
v 8.645627 -31.835583 -46.681206
v 8.392038 -29.590614 -45.829453
v -8.409540 -30.427944 -20.274918
v -7.595867 -30.440716 -17.896385
v -7.786606 -30.850464 -20.633972
v -6.514092 -31.101398 -17.169266
v -8.928055 -31.907993 -21.397041
v -7.278920 -32.774078 -16.658356
v -7.554240 -29.806194 -16.334724
v -8.908395 -31.292957 -17.360962
v -7.554240 -29.806194 -16.334724
v -7.595867 -30.440716 -17.896385
v -8.409540 -30.427944 -20.274918
v -7.786606 -30.850464 -20.633972
v -8.928055 -31.907993 -21.397041
v -9.688933 -30.955120 -20.139580
v -9.688933 -30.955120 -20.139580
v -8.409540 -30.427944 -20.274918
v -8.253103 -32.685364 -16.849632
v -8.928055 -31.907993 -21.397041
v -7.278920 -32.774078 -16.658356
v -7.745802 -26.473465 -14.684708
v -6.202456 -29.382263 -14.219139
v 8.343464 -26.972363 -43.839157
v -7.427536 -30.112164 -12.398064
v -7.427536 -30.112164 -12.398064
v -8.758031 -29.280052 -14.982780
v -8.418438 -29.769238 -12.366272
v 9.967099 -30.955112 -19.864204
v 8.692916 -30.427940 -20.035324
v -0.124162 -24.818386 -3.265282
v -0.152491 -22.593857 -2.849213
v 0.369591 -0.523840 -33.562637
v 0.383270 -3.614103 -34.367294
v 0.383270 -3.614103 -34.367294
v 0.304500 -0.169233 -31.934601
v 5.215242 34.699306 -18.681435
v 7.783375 32.021835 -16.614578
v 5.822779 34.307362 -19.252457
v 6.292777 33.912766 -16.686470
v 5.893978 32.557877 -19.627792
v 6.006908 32.398666 -14.374458
v 4.597435 31.399117 -15.767532
v 6.006908 32.398666 -14.374458
v 6.292777 33.912766 -16.686470
v 5.594718 30.904797 -18.880386
v 5.594718 30.904797 -18.880386
v 6.141483 29.990772 -16.858521
v 9.187038 19.976433 -4.032486
v 7.141094 23.629196 -1.735245
v 7.312988 19.898182 -3.120277
v 6.918634 24.450066 -7.375473
v 6.918634 24.450066 -7.375473
v 5.215242 34.699306 -18.681435
v 0.142214 34.432301 -20.186874
v 0.132494 34.893959 -19.615105
v 5.822779 34.307362 -19.252457
v 0.148588 32.789185 -20.561867
v 0.142214 34.432301 -20.186874
v 0.148588 32.789185 -20.561867
v 5.893978 32.557877 -19.627792
v 2.923117 31.247337 -19.792145
v 0.118981 32.937462 -18.820152
v 5.215242 34.699306 -18.681435
v 0.132494 34.893959 -19.615105
v 2.974598 32.858234 -18.298531
v 2.974598 32.858234 -18.298531
v 0.140332 31.289009 -20.076164
v 2.974598 32.858234 -18.298531
v 0.118981 32.937462 -18.820152
v 0.142214 34.432301 -20.186874
v -4.979365 34.698296 -18.822670
v 0.132494 34.893959 -19.615105
v 0.148588 32.789185 -20.561867
v -5.566509 34.307144 -19.412430
v 0.142214 34.432301 -20.186874
v -5.566509 34.307144 -19.412430
v -5.624550 32.557564 -19.789566
v 0.148588 32.789185 -20.561867
v -2.650781 31.247335 -19.870239
v -5.624550 32.557564 -19.789566
v -4.979365 34.698296 -18.822670
v 0.118981 32.937462 -18.820152
v 0.132494 34.893959 -19.615105
v -2.753005 32.858231 -18.378777
v 0.140332 31.289009 -20.076164
v 0.118981 32.937462 -18.820152
v -2.753005 32.858231 -18.378777
v -7.615404 32.027546 -16.835541
v -4.979365 34.698296 -18.822670
v -6.124396 33.912758 -16.860435
v -6.124396 33.912758 -16.860435
v -2.753005 32.858231 -18.378777
v -4.461637 31.396803 -15.891655
v 5.711043 24.410334 -2.426826
v 7.312988 19.898182 -3.120277
v 7.141094 23.629196 -1.735245
v -5.919422 32.365730 -14.510551
v 8.386088 24.330511 -1.996521
v 2.923117 31.247337 -19.792145
v 0.140332 31.289009 -20.076164
v 5.594718 30.904797 -18.880386
v 0.140332 31.289009 -20.076164
v -2.650781 31.247335 -19.870239
v -5.356320 30.907564 -19.033234
v -5.356320 30.907564 -19.033234
v -5.356320 30.907564 -19.033234
v -5.973051 29.953384 -16.998558
v -5.973051 29.953384 -16.998558
v 7.917850 28.302067 -0.756897
v 5.711043 24.410334 -2.426826
v 7.917850 28.302067 -0.756897
v 7.141094 23.629196 -1.735245
v 9.500446 19.340059 -6.970360
v 8.970639 22.306379 -4.796791
v 5.490648 19.474579 -5.701317
v 6.959152 23.315189 -5.198448
v 7.549622 23.016340 -5.777092
v 7.549622 23.016340 -5.777092
v 8.374163 24.784477 -3.001297
v 6.959152 23.315189 -5.198448
v 7.917850 28.302067 -0.756897
v 8.895428 28.137543 -1.387512
v 7.843913 27.975811 -2.029396
v 8.895428 28.137543 -1.387512
v 6.749504 25.144241 -3.453499
v 7.843913 27.975811 -2.029396
v 8.895428 28.137543 -1.387512
v 8.386088 24.330511 -1.996521
v 8.374163 24.784477 -3.001297
v 6.749504 25.144241 -3.453499
v 6.926303 20.635521 -10.058022
v 10.488448 -36.711720 -56.187981
v 7.843913 27.975811 -2.029396
v 6.749504 25.144241 -3.453499
v 7.917850 28.302067 -0.756897
v 8.895428 28.137543 -1.387512
v 4.776428 6.882440 9.167107
v -0.391832 6.340533 11.230415
v -0.374134 7.413029 10.189301
v -0.374134 7.413029 10.189301
v -5.487500 6.882437 9.023308
v -0.391832 6.340533 11.230415
v -8.011183 5.996927 6.746475
v -6.531098 5.618077 9.948273
v -0.328106 4.568097 7.481590
v -5.487500 6.882437 9.023308
v -0.374134 7.413029 10.189301
v -0.328106 4.568097 7.481590
v -0.349918 2.132372 8.764771
v -5.218428 3.860870 5.896294
v 8.052182 -23.494972 -38.660301
v 5.776805 -22.807816 -30.802933
v 7.444704 -19.599403 -31.833328
v -0.349918 2.132372 8.764771
v 4.211933 1.664846 7.886703
v -0.349918 2.132372 8.764771
v 4.211933 1.664846 7.886703
v 5.714389 2.746557 9.835007
v -4.879753 1.664843 7.759346
v -0.349918 2.132372 8.764771
v -6.447714 2.746557 9.664627
v -4.879753 1.664843 7.759346
v -0.386120 3.504644 10.894455
v -0.386120 3.504644 10.894455
v -9.127454 4.377297 -1.280945
v -8.011183 5.996927 6.746475
v -0.374134 7.413029 10.189301
v -9.457019 4.468838 6.818108
v -9.989154 1.520142 6.664856
v -9.127454 4.377297 -1.280945
v -10.877129 2.578966 -1.108818
v -7.728164 0.844259 5.933647
v -7.073730 2.279711 -1.272903
v -7.728164 0.844259 5.933647
v 8.992728 1.501913 -19.726158
v 8.992728 1.501913 -19.726158
v 9.183352 2.810358 -12.892235
v 9.183352 2.810358 -12.892235
v 8.745216 8.499254 -9.990227
v 11.325165 3.488983 -9.623680
v 9.219487 4.355530 -11.246269
v 9.219487 4.355530 -11.246269
v 11.271561 1.522774 -11.939400
v 11.325165 3.488983 -9.623680
v 7.201532 0.998411 -6.580666
v 9.219487 4.355530 -11.246269
v -9.207998 -1.065516 -0.721291
v -9.207998 -1.065516 -0.721291
v -10.360039 3.001270 -5.502060
v 8.052182 -23.494972 -38.660301
v 8.052182 -23.494972 -38.660301
v 7.444704 -19.599403 -31.833328
v 10.277717 -23.957920 -38.410210
v 6.718070 -25.878956 -38.040962
v 8.654160 -27.358112 -37.528244
v -9.015424 4.083565 -4.247787
v -11.262144 1.522770 -12.255081
v -9.015424 4.083565 -4.247787
v 9.356176 1.520058 6.935852
v 7.121043 0.844263 6.141685
v 7.121043 0.844263 6.141685
v 6.711866 2.279711 -1.079773
v 7.577778 17.513802 -9.242950
v 7.577778 17.513802 -9.242950
v 10.507875 2.578968 -0.809227
v 8.764882 4.377299 -1.030273
v 8.764882 4.377299 -1.030273
v 8.826369 -1.065514 -0.468636
v 9.910373 9.878614 -5.431480
v 7.756868 12.990348 -3.762199
v 7.756868 12.990348 -3.762199
v 8.745216 8.499254 -9.990227
v 10.841761 8.420451 -8.054344
v 8.826369 -1.065514 -0.468636
v 11.637590 -1.844614 -8.878929
v 8.753746 4.083568 -3.998856
v 10.140354 3.001272 -5.214859
v 8.753746 4.083568 -3.998856
v 7.201532 0.998411 -6.580666
v 8.753746 4.083568 -3.998856
v 8.753746 4.083568 -3.998856
v 10.140354 3.001272 -5.214859
v 9.219487 4.355530 -11.246269
v -5.696020 19.474579 -5.858040
v -7.605220 19.898178 -3.329269
v -8.178443 11.445563 -4.089157
v -9.661759 19.339558 -7.236595
v -10.122748 9.878675 -5.712029
v -9.447372 19.976431 -4.293541
v -8.178443 11.445563 -4.089157
v -7.605220 19.898178 -3.329269
v -8.803258 8.499251 -10.236069
v -7.687098 17.340651 -9.460167
v -7.687098 17.340651 -9.460167
v -10.964602 8.420449 -8.359840
v -7.480486 23.629194 -1.940086
v -8.716007 24.330507 -2.236099
v -7.480486 23.629194 -1.940086
v -6.027610 24.410330 -2.591278
v -7.480486 23.629194 -1.940086
v -8.292858 28.300758 -0.981895
v -6.027610 24.410330 -2.591278
v -8.292858 28.300758 -0.981895
v -9.205099 22.306377 -5.051422
v -7.753234 23.015209 -5.991234
v -8.743052 22.023418 -8.316322
v -6.982910 20.635517 -10.252884
v -7.753234 23.015209 -5.991234
v -7.180919 23.315187 -5.396530
v -6.982910 20.635517 -10.252884
v -8.669935 24.784475 -3.240082
v -7.180919 23.315187 -5.396530
v -7.030681 25.144241 -3.646545
v -7.030681 25.144241 -3.646545
v -7.066425 24.450062 -7.571388
v -7.066425 24.450062 -7.571388
v -5.919422 32.365730 -14.510551
v -7.376193 0.998409 -6.784889
v -8.803258 8.499251 -10.236069
v -11.394433 3.488983 -9.941978
v -10.360039 3.001270 -5.502060
v -9.015424 4.083565 -4.247787
v -9.015424 4.083565 -4.247787
v -9.234608 4.355526 -11.504799
v -11.394433 3.488983 -9.941978
v 7.444704 -19.599403 -31.833328
v 8.482637 -12.349697 -22.142113
v 9.862139 -20.238293 -31.564980
v 5.776805 -22.807816 -30.802933
v 6.000457 -15.172195 -20.013412
v 7.444704 -19.599403 -31.833328
v 10.062724 -13.190552 -21.927483
v 11.087108 -16.305645 -20.018738
v 10.145487 -19.814442 -24.355278
v 10.277717 -23.957920 -38.410210
v 10.699571 -23.318161 -30.432739
v -9.142545 2.810356 -13.148979
v -9.142545 2.810356 -13.148979
v -9.234608 4.355526 -11.504799
v -9.234608 4.355526 -11.504799
v -9.234608 4.355526 -11.504799
v 8.482637 -12.349697 -22.142113
v 7.797915 -20.888966 -23.938889
v 7.797915 -20.888966 -23.938889
v 8.439201 -17.485332 -19.418831
v 9.862139 -20.238293 -31.564980
v -9.248875 28.067692 -1.670547
v -8.716007 24.330507 -2.236099
v -9.248875 28.067692 -1.670547
v -9.248875 28.067692 -1.670547
v -8.292858 28.300758 -0.981895
v -8.172974 27.975803 -2.253784
v -9.248875 28.067692 -1.670547
v -8.669935 24.784475 -3.240082
v -8.172974 27.975803 -2.253784
v -7.030681 25.144241 -3.646545
v -8.292858 28.300758 -0.981895
v -8.172974 27.975803 -2.253784
v 8.439201 -17.485332 -19.418831
v 9.862139 -20.238293 -31.564980
v 8.439201 -17.485332 -19.418831
v 8.439201 -17.485332 -19.418831
v 10.699571 -23.318161 -30.432739
v 7.693979 -24.462799 -29.936546
v 7.693979 -24.462799 -29.936546
v 7.693979 -24.462799 -29.936546
v 10.699571 -23.318161 -30.432739
v 7.693979 -24.462799 -29.936546
v 11.053928 -26.591698 -37.656998
v 8.838832 -17.773033 -16.084511
v 8.289857 -24.271412 -14.180130
v 6.281050 -29.382259 -14.044250
v 7.437897 -30.209122 -12.336746
v 7.437897 -30.209122 -12.336746
v 8.433002 -29.769222 -12.130173
v 8.861364 -29.280045 -14.735954
v 7.839484 -26.473461 -14.466370
v 7.839484 -26.473461 -14.466370
v 8.838832 -17.773033 -16.084511
v 8.289857 -24.271412 -14.180130
v 9.864180 -2.548174 -8.211548
v 9.864180 -2.548174 -8.211548
v 11.729383 -7.584845 -14.153961
v 12.696792 -9.276119 -10.347084
v 10.441629 -16.919724 -12.011879
v 9.106369 -16.306946 -11.404335
v 9.106369 -16.306946 -11.404335
v 8.088970 -8.650881 -10.976234
v 9.155009 -8.550308 -5.338196
v 9.460310 -10.880672 -8.964066
v 9.155009 -8.550308 -5.338196
v 9.460310 -10.880672 -8.964066
v 11.577065 -10.526392 -9.515511
v 11.469810 -13.720509 -14.848442
v 11.478163 -13.297188 -11.645569
v 9.449203 -13.662926 -10.965683
v 9.449203 -13.662926 -10.965683
v 7.839484 -26.473461 -14.466370
v 9.449203 -13.662926 -10.965683
v 7.317243 -12.138178 -14.821861
v 8.798027 -15.723774 -17.055450
vn 0.7617 -0.2116 -0.6124
vn 0.7401 -0.4485 -0.5012
vn 0.9762 0.1065 -0.1888
vn -0.6963 0.2061 -0.6875
vn -0.7828 0.1753 -0.5971
vn -0.9526 0.2107 -0.2196
vn -0.8354 -0.2483 0.4903
vn -0.1715 -0.9747 0.1432
vn -0.3938 -0.5492 0.7371
vn -0.5399 -0.0696 0.8389
vn -0.6332 0.1811 0.7525
vn 0.6202 0.7436 0.2500
vn 0.2801 0.9593 -0.0366
vn 0.4714 0.7558 -0.4544
vn 0.0532 -0.7119 0.7003
vn -0.2958 -0.0885 0.9511
vn -0.0482 0.9629 -0.2655
vn 0.4937 -0.8668 0.0700
vn 0.5475 0.6697 0.5017
vn 0.7480 0.6420 0.1685
vn 0.1525 0.9240 0.3506
vn 0.3128 0.5255 -0.7912
vn 0.0265 -0.9685 -0.2475
vn 0.5736 0.4518 -0.6833
vn -0.9334 -0.1563 -0.3229
vn -0.9832 -0.0321 -0.1797
vn 0.9228 -0.0933 -0.3738
vn 0.9824 -0.1281 0.1360
vn 0.9967 0.0644 0.0496
vn -0.8765 -0.0507 -0.4786
vn -0.5893 -0.3780 -0.7140
vn -0.7972 -0.2848 -0.5323
vn 0.9231 -0.0103 -0.3845
vn -0.4824 -0.5601 -0.6735
vn 0.7556 0.4629 0.4635
vn 0.7312 0.2290 0.6426
vn -0.9619 0.0106 0.2733
vn -0.6262 0.2625 0.7341
vn -0.6601 0.2015 0.7237
vn 0.9342 0.3557 -0.0266
vn -0.7257 -0.4957 -0.4772
vn -0.9377 -0.0418 0.3450
vn -0.3036 -0.7929 -0.5283
vn 0.8606 0.1811 -0.4760
vn -0.5631 -0.7835 -0.2628
vn -0.9330 0.2602 -0.2485
vn -0.9553 0.1574 0.2502
vn -0.6577 -0.2120 -0.7229
vn 0.8737 -0.1621 -0.4586
vn 0.6741 -0.2129 0.7073
vn 0.9099 -0.0104 0.4147
vn 0.7853 -0.2441 0.5690
vn 0.8992 -0.2882 0.3290
vn 0.8860 -0.0307 0.4627
vn 0.4198 0.5704 0.7060
vn 0.6287 0.2638 0.7315
vn 0.5670 0.3635 0.7392
vn -0.1829 -0.3150 -0.9313
vn -0.4842 -0.2574 -0.8362
vn -0.5254 -0.1660 -0.8345
vn -0.2469 -0.4742 -0.8451
vn -0.5751 -0.0712 -0.8150
vn -0.4371 -0.1431 -0.8880
vn 0.2010 0.0476 0.9784
vn 0.3947 0.0084 0.9188
vn 0.5242 -0.0349 0.8509
vn 0.7878 0.0194 0.6156
vn 0.6745 0.1297 0.7268
vn -0.7922 0.0391 -0.6090
vn -0.2648 0.3044 0.9150
vn -0.6591 -0.2377 0.7135
vn -0.8603 -0.0604 0.5062
vn 0.1179 -0.7641 0.6342
vn -0.0197 -0.8077 0.5892
vn -0.0425 -0.8138 0.5796
vn -0.0829 -0.8195 0.5670
vn 0.4139 -0.4672 -0.7813
vn 0.3801 -0.2554 -0.8890
vn 0.9752 -0.0106 -0.2210
vn 0.4664 0.4716 0.7484
vn 0.4125 0.4946 0.7650
vn 0.1340 0.1251 -0.9831
vn 0.4290 0.6330 -0.6444
vn 0.9232 0.1244 -0.3636
vn 0.2047 0.6127 0.7633
vn -0.0645 0.2715 0.9603
vn -0.2790 -0.6290 -0.7256
vn -0.7581 0.5026 -0.4155
vn -0.6912 0.5883 -0.4197
vn 0.8211 -0.1888 0.5387
vn 0.8970 -0.2568 0.3597
vn -0.7725 0.1941 -0.6046
vn -0.6501 -0.0000 -0.7599
vn -0.3776 -0.5469 -0.7472
vn 0.6166 -0.4729 0.6294
vn -0.5552 0.4967 -0.6671
vn -0.5725 0.5883 -0.5711
vn 0.6700 -0.3712 0.6429
vn 0.7485 -0.4588 0.4788
vn -0.9110 -0.3516 0.2157
vn -0.4319 -0.8019 0.4128
vn -0.4326 -0.7678 0.4726
vn 0.7246 -0.5326 0.4374
vn 0.7086 -0.6430 0.2906
vn 0.9959 -0.0858 0.0278
vn -0.9695 -0.2438 0.0266
vn -0.4532 -0.8440 0.2868
vn 0.7013 -0.6886 0.1844
vn -0.8280 0.5083 -0.2368
vn -0.7391 0.6410 -0.2070
vn -0.3373 0.8318 -0.4408
vn 0.9013 0.4097 -0.1407
vn 0.8482 0.4719 -0.2406
vn -0.7062 0.2521 0.6616
vn -0.6682 -0.6378 0.3831
vn 0.7085 -0.6883 0.1557
vn 0.7297 0.0667 0.6805
vn -0.2328 -0.5336 0.8131
vn -0.0639 -0.6502 -0.7571
vn -0.6515 -0.3043 -0.6949
vn -0.9720 -0.1385 -0.1898
vn 0.7679 -0.0097 0.6405
vn 0.8675 -0.2415 -0.4350
vn -0.9465 -0.2939 0.1332
vn 0.1706 0.7929 -0.5850
vn 0.1076 0.4225 0.9000
vn 0.0140 -0.0155 -0.9998
vn 0.1070 -0.3744 0.9211
vn -0.0042 0.8553 -0.5182
vn 0.1140 0.9486 -0.2952
vn -0.2016 -0.1747 -0.9638
vn -0.2411 -0.5925 -0.7686
vn 0.2946 0.1618 0.9418
vn -0.1480 0.9677 -0.2040
vn -0.6107 0.1265 -0.7817
vn -0.5092 0.8315 -0.2221
vn -0.9139 -0.2179 -0.3424
vn 0.9152 -0.2907 0.2793
vn 0.9774 0.0107 0.2111
vn 0.9917 -0.1184 0.0496
vn 0.0478 -0.7352 0.6762
vn 0.6047 -0.7502 0.2674
vn -0.6562 -0.6997 -0.2824
vn -0.2632 0.9314 -0.2513
vn 0.7651 -0.6399 0.0721
vn -0.6628 -0.6883 -0.2947
vn 0.8250 -0.5641 0.0341
vn -0.5435 0.7501 -0.3768
vn -0.7523 0.2503 -0.6094
vn -0.1048 0.7047 -0.7017
vn 0.6988 0.7040 0.1263
vn 0.3968 0.1921 0.8976
vn 0.8858 0.3578 0.2955
vn 0.1980 -0.5251 0.8277
vn 0.3155 0.3260 0.8912
vn 0.2517 0.3053 0.9184
vn 0.0196 -0.9685 0.2483
vn 0.0368 -0.9679 0.2485
vn 0.2473 -0.5774 0.7781
vn 0.5647 0.3788 -0.7332
vn 0.2640 0.4405 -0.8580
vn 0.2323 -0.6720 -0.7031
vn -0.2396 0.4399 -0.8655
vn -0.5425 0.3779 -0.7502
vn -0.2123 -0.6714 -0.7100
vn -0.2554 -0.6761 -0.6911
vn 0.9204 -0.2380 -0.3102
vn 0.6356 -0.7692 0.0666
vn 0.6787 -0.7253 0.1154
vn -0.8132 0.3471 -0.4671
vn -0.9728 0.0640 -0.2225
vn -0.8330 0.4381 -0.3378
vn 0.9888 -0.1074 0.1041
vn 0.9634 -0.1164 -0.2416
vn 0.8925 -0.0921 0.4415
vn -0.2994 0.6501 -0.6984
vn -0.3097 0.9352 -0.1720
vn -0.1355 0.9464 -0.2932
vn -0.3832 0.7670 -0.5147
vn -0.4006 0.6924 -0.6001
vn 0.3145 0.9354 -0.1614
vn 0.3192 0.6509 -0.6888
vn 0.1437 0.9466 -0.2885
vn 0.7900 0.4798 0.3815
vn 0.4331 0.0169 0.9012
vn -0.3214 -0.4972 0.8059
vn -0.0641 -0.8803 0.4700
vn -0.0473 -0.8672 0.4957
vn -0.7929 0.5589 -0.2426
vn -0.3670 -0.4199 0.8301
vn -0.9241 -0.1454 0.3535
vn -0.3808 -0.0577 0.9229
vn 0.9792 0.1807 0.0923
vn 0.8507 0.4939 -0.1801
vn 0.9554 0.2949 0.0163
vn 0.9522 -0.2745 -0.1340
vn 0.8002 0.5595 -0.2158
vn 0.8569 0.5040 -0.1083
vn -0.3181 0.9459 -0.0639
vn -0.3229 0.9305 -0.1728
vn -0.7855 0.6156 -0.0630
vn -0.2265 -0.9594 0.1681
vn -0.9743 -0.1382 0.1778
vn -0.2527 -0.9322 0.2592
vn -0.7093 -0.5369 0.4568
vn -0.9554 0.2949 -0.0162
vn -0.9855 0.1495 0.0809
vn 0.9757 -0.2135 0.0491
vn 0.6966 0.6463 -0.3117
vn 0.5907 0.3387 -0.7324
vn -0.4354 -0.5051 0.7452
vn -0.9613 -0.0316 -0.2736
vn -0.7518 -0.5415 -0.3762
vn -0.8675 -0.4967 -0.0251
vn 0.9393 -0.2095 0.2715
vn 0.4002 0.6266 0.6688
vn 0.8049 0.5900 0.0637
vn 0.6948 -0.5358 0.4797
vn -0.8318 -0.3963 0.3885
vn -0.9065 -0.0923 0.4119
vn -0.8018 0.4807 0.3551
vn -0.4592 0.0169 0.8882
vn 0.8560 0.5033 -0.1184
vn 0.3198 0.9460 -0.0531
vn 0.3323 0.9427 0.0309
vn 0.8298 0.5386 0.1459
vn -0.4048 0.4971 0.7675
vn -0.9479 -0.2099 0.2398
vn -0.4194 0.6276 0.6559
vn -0.9837 0.1176 -0.1362
vn -0.6796 0.6998 -0.2201
vn 0.1395 0.8870 -0.4401
vn 0.5956 -0.6438 -0.4804
vn 0.3665 -0.4940 -0.7884
vn 0.4792 0.0850 -0.8736
vn -0.8865 -0.2654 0.3790
vn -0.1270 0.8867 -0.4445
vn -0.9991 0.0322 0.0267
vn -0.9932 0.0538 0.1033
vn -0.7101 0.1220 0.6934
vn 0.9860 -0.1389 -0.0917
vn 0.9798 0.0641 -0.1896
vn 0.2625 0.6832 -0.6814
vn 0.1315 -0.4714 0.8721
vn 0.4019 0.1916 0.8954
vn 0.1948 0.0950 0.9762
vn -0.9896 0.1182 -0.0823
vn -0.3330 0.9409 0.0614
vn -0.4556 0.7923 -0.4058
vn 0.9522 0.1370 0.2731
vn 0.6091 -0.7638 0.2136
vn 0.1430 -0.9640 -0.2242
vn 0.5790 0.5495 -0.6023
vn 0.9837 0.0856 0.1579
vn 0.4133 0.9106 0.0070
vn -0.2451 0.2646 -0.9327
vn -0.0818 0.6904 -0.7188
vn -0.1345 0.7020 -0.6994
vn 0.9904 -0.1183 0.0715
vn 0.8231 0.5672 -0.0264
vn 0.8084 0.5303 -0.2556
vn 0.9976 0.0322 0.0606
vn 0.7442 -0.0948 -0.6612
vn 0.9828 0.0428 0.1796
vn 0.6900 -0.1115 -0.7152
vn -0.9096 -0.2375 -0.3408
vn -0.9917 -0.1074 0.0705
vn 0.7761 -0.6238 0.0924
vn 0.7621 -0.6378 0.1111
vn 0.7871 0.6158 -0.0363
vn 0.9678 -0.1380 0.2105
vn 0.8737 -0.2649 0.4081
vn -0.3068 -0.6494 0.6958
vn -0.2485 -0.8465 0.4708
vn 0.2216 -0.9592 0.1757
vn -0.6585 -0.7506 0.0547
vn 0.1924 0.8635 0.4662
vn -0.4913 -0.7579 0.4291
vn 0.9877 0.1177 -0.1027
vn 0.6565 -0.7504 0.0770
vn 0.8635 -0.4753 0.1688
vn -0.6812 -0.5682 0.4616
vn -0.9870 0.1390 0.0810
vn -0.9978 0.0644 -0.0169
vn 0.1614 0.8493 0.5027
vn 0.1220 0.8858 -0.4478
vn -0.5711 0.0088 0.8208
vn 0.9918 0.1183 -0.0487
vn 0.4704 0.7900 -0.3932
vn -0.2484 -0.8375 0.4866
vn -0.8125 -0.5232 0.2570
vn -0.2708 0.9248 0.2674
vn -0.4278 0.1921 0.8833
vn -0.1560 -0.4717 0.8678
vn -0.1313 0.9618 0.2401
vn 0.0509 -0.8802 0.4719
vn 0.2982 -0.4965 0.8152
vn 0.0329 -0.8602 0.5089
vn -0.6493 0.1455 0.7465
vn -0.5684 0.3378 -0.7502
vn -0.2430 0.6825 -0.6893
vn -0.6866 0.6454 -0.3347
vn 0.3908 0.9064 0.1601
vn 0.4136 -0.5042 0.7581
vn 0.2345 -0.8369 0.4945
vn 0.8039 -0.5225 0.2841
vn -0.5861 -0.3136 -0.7471
vn -0.9768 -0.2135 0.0159
vn 0.8894 -0.3387 0.3071
vn 0.9853 0.1710 0.0059
vn 0.2867 -0.6486 0.7050
vn 0.3824 0.4962 0.7794
vn -0.3972 0.9065 -0.1432
vn 0.7120 -0.4913 0.5016
vn -0.9581 -0.2850 0.0266
vn -0.8444 0.3307 -0.4215
vn -0.6819 -0.7256 0.0923
vn -0.9824 -0.1388 -0.1251
vn -0.6373 -0.7693 0.0450
vn 0.7345 0.1615 0.6591
vn -0.9405 -0.3245 -0.1011
vn -0.5808 -0.6427 -0.4996
vn -0.4534 0.0848 -0.8873
vn -0.3437 -0.4932 -0.7992
vn -0.5260 -0.2012 -0.8264
vn -0.9547 -0.1162 -0.2739
vn 0.6883 0.1216 0.7151
vn 0.5463 0.0088 0.8375
vn 0.9891 0.0537 0.1369
vn 0.4784 -0.7570 0.4451
vn 0.2350 -0.8459 0.4787
vn -0.9472 -0.2743 -0.1662
vn -0.5908 -0.8004 -0.1014
vn -0.5127 -0.8585 -0.0087
vn -0.4023 -0.9105 0.0959
vn -0.9018 -0.4313 0.0264
vn -0.8529 0.5036 -0.1373
vn 0.9837 0.1389 0.1145
vn -0.7930 0.5397 -0.2826
vn 0.3277 0.9308 -0.1618
vn -0.2693 -0.5781 0.7703
vn -0.0438 -0.9680 0.2471
vn 0.0380 0.9701 -0.2397
vn 0.2166 0.1587 -0.9633
vn -0.3409 0.3265 0.8816
vn -0.8341 0.5389 0.1177
vn 0.2749 -0.6768 -0.6829
vn -0.6503 -0.7445 -0.1511
vn -0.1755 0.8497 0.4972
vn -0.2055 0.8640 0.4597
vn -0.7311 -0.6744 0.1034
vn -0.7652 -0.6381 0.0852
vn 0.5936 -0.8007 -0.0813
vn -0.5157 -0.7490 0.4159
vn 0.6545 -0.7449 -0.1290
vn -0.3000 -0.7231 0.6222
vn -0.2484 -0.8553 0.4548
vn -0.1094 0.8855 -0.4516
vn -0.2777 0.3057 0.9107
vn -0.2213 -0.5256 0.8214
vn -0.0265 -0.9685 0.2475
vn -0.9980 0.0215 0.0593
vn -0.7080 0.6790 -0.1941
vn 0.3481 -0.1964 -0.9166
vn 0.2715 0.2650 -0.9252
vn 0.1541 0.7024 -0.6949
vn 0.6083 -0.3144 -0.7288
vn -0.2223 0.0951 0.9703
vn 0.1245 0.9617 0.2443
vn 0.2631 0.9244 0.2763
vn 0.3311 0.9408 0.0727
vn 0.6262 0.1451 0.7660
vn 0.2638 0.5461 -0.7951
vn 0.2448 0.5265 -0.8142
vn 0.1498 0.5271 -0.8365
vn -0.8619 -0.3040 -0.4059
vn -0.6424 0.7088 -0.2914
vn -0.6878 0.5490 -0.4749
vn 0.0255 -0.9725 0.2315
vn 0.8016 0.5404 -0.2559
vn -0.1893 0.1585 -0.9690
vn -0.0027 0.9764 -0.2160
vn -0.0312 0.9701 -0.2409
vn 0.8858 -0.2355 0.3999
vn 0.9891 0.1289 0.0714
vn -0.4450 0.6373 -0.6291
vn -0.4533 -0.7545 0.4746
vn -0.5600 -0.2926 -0.7751
vn -0.4544 -0.7477 0.4843
vn 0.9365 -0.1775 -0.3023
vn 0.8558 0.0302 0.5164
vn 0.7136 0.6795 -0.1701
vn 0.9954 0.0215 0.0932
vn 0.7275 -0.6740 0.1281
vn 0.9448 -0.3256 0.0374
vn -0.4790 0.8651 -0.1488
vn 0.2453 -0.9318 0.2676
vn 0.5031 -0.7481 0.4327
vn -0.2105 0.0395 0.9768
vn 0.0088 0.9764 -0.2158
vn 0.1248 0.7510 -0.6484
vn -0.8065 0.5901 0.0363
vn -0.1759 -0.8251 0.5370
vn 0.2215 -0.3967 -0.8908
vn -0.3330 0.9427 0.0195
vn -0.8465 0.4903 -0.2076
vn -0.8517 0.5029 -0.1473
vn 0.4127 0.6952 -0.5886
vn 0.3979 0.7679 -0.5020
vn 0.8249 0.3565 -0.4387
vn 0.6860 0.7004 -0.1970
vn 0.5127 -0.8585 0.0087
vn -0.9923 -0.1183 0.0378
vn 0.4831 0.8655 -0.1325
vn -0.5570 0.0883 -0.8258
vn 0.9244 0.1870 -0.3325
vn -0.9751 -0.2134 -0.0599
vn -0.6464 -0.7328 0.2124
vn -0.9845 -0.1603 -0.0710
vn -0.8969 0.3182 -0.3072
vn 0.3797 -0.8356 0.3969
vn 0.9152 -0.3731 0.1524
vn 0.3456 -0.8600 0.3755
vn -0.6315 -0.7207 0.2859
vn 0.9696 -0.2439 0.0165
vn 0.7267 0.5112 -0.4588
vn 0.6547 -0.6265 0.4230
vn 0.8488 -0.1600 -0.5039
vn 0.1389 -0.9126 -0.3845
vn 0.1389 -0.9126 -0.3846
vn -0.9779 -0.1494 0.1460
vn -0.9853 -0.1710 0.0049
vn -0.9813 -0.0956 0.1668
vn 0.2963 0.3475 -0.8897
vn 0.2452 0.4865 -0.8385
vn 0.4900 0.8571 -0.1588
vn 0.6510 0.7095 -0.2697
vn 0.8746 -0.3046 -0.3771
vn 0.9700 -0.0317 -0.2412
vn 0.7662 -0.5395 -0.3491
vn 0.8679 -0.4968 0.0045
vn 0.7021 0.5501 -0.4522
vn -0.9885 0.0857 0.1245
vn -0.5607 0.5483 -0.6204
vn -0.4133 0.9106 -0.0070
vn -0.2411 0.5455 -0.8027
vn -0.1262 0.5267 -0.8406
vn -0.2217 0.5258 -0.8212
vn -0.3125 0.5564 -0.7699
vn -0.9608 0.1372 0.2410
vn -0.3952 0.9068 0.1468
vn -0.6142 -0.7630 0.2018
vn -0.1367 -0.9638 -0.2289
vn -0.0322 -0.9703 0.2399
vn 0.8494 0.4015 -0.3425
vn 0.9968 0.0536 -0.0593
vn 0.2131 0.7671 -0.6052
vn 0.8749 -0.3160 0.3669
vn -0.2478 -0.8091 0.5329
vn -0.9796 -0.0000 -0.2008
vn -0.8146 -0.5146 0.2676
vn 0.3344 0.5572 -0.7601
vn -0.4851 0.8567 -0.1753
vn -0.3191 -0.1945 -0.9275
vn 0.1019 0.6907 -0.7159
vn -0.1065 0.7507 -0.6520
vn -0.1962 -0.3962 -0.8969
vn 0.1606 -0.8246 0.5424
vn 0.1828 0.0395 0.9824
vn 0.4589 0.8069 -0.3719
vn 0.9987 0.0430 -0.0267
vn 0.4925 0.4450 -0.7479
vn 0.6715 0.7077 0.2195
vn 0.4591 0.0254 -0.8880
vn 0.6536 0.5347 0.5356
vn -0.9994 -0.0215 0.0267
vn -0.7562 0.4307 0.4927
vn -0.5246 0.6275 0.5754
vn 0.5008 -0.4728 -0.7250
vn -0.5213 -0.8216 0.2308
vn -0.7939 -0.4198 -0.4399
vn 0.8211 -0.0398 0.5693
vn 0.3975 -0.3091 0.8640
vn 0.4851 -0.1806 0.8556
vn 0.7120 0.5194 0.4726
vn -0.7382 0.3803 0.5572
vn 0.3184 0.8457 -0.4283
vn 0.0929 0.3829 -0.9191
vn 0.0660 0.7933 -0.6053
vn 0.4926 0.4449 -0.7480
vn 0.3871 0.4557 -0.8015
vn 0.0994 -0.0156 -0.9949
vn 0.0929 0.3828 -0.9191
vn 0.4591 0.0255 -0.8880
vn 0.4343 -0.0167 -0.9006
vn 0.1627 -0.3226 -0.9324
vn -0.1399 -0.1096 0.9841
vn -0.3725 0.5024 0.7802
vn -0.1156 0.4141 0.9029
vn -0.4587 -0.0509 0.8871
vn -0.3726 0.5025 0.7802
vn -0.1197 -0.6353 0.7629
vn -0.4587 -0.0508 0.8871
vn -0.1398 -0.1097 0.9841
vn -0.0671 0.3827 -0.9214
vn -0.3060 0.8450 -0.4386
vn -0.0490 0.7931 -0.6071
vn -0.0715 -0.0155 -0.9973
vn -0.3638 0.4549 -0.8128
vn -0.0671 0.3826 -0.9215
vn -0.4704 0.4440 -0.7626
vn -0.4330 0.0254 -0.9010
vn -0.0715 -0.0156 -0.9973
vn -0.1364 -0.3223 -0.9368
vn -0.4080 -0.0167 -0.9128
vn 0.3566 0.4943 0.7928
vn 0.1121 -0.1095 0.9876
vn 0.0902 0.4139 0.9059
vn 0.4326 -0.0507 0.9001
vn 0.0983 -0.6350 0.7662
vn 0.1121 -0.1096 0.9876
vn 0.4326 -0.0507 0.9002
vn -0.4703 0.4440 -0.7626
vn -0.9972 0.0430 -0.0606
vn -0.4478 0.8061 -0.3869
vn -0.6779 0.7083 0.1967
vn 0.5073 0.6264 0.5919
vn 0.9979 -0.0215 0.0607
vn -0.9511 0.0526 0.3044
vn -0.7287 -0.2649 0.6315
vn -0.6410 -0.2723 0.7176
vn 0.7403 0.4297 0.5170
vn 0.7607 -0.1544 0.6304
vn 0.5007 -0.4728 -0.7251
vn -0.1544 -0.6450 0.7485
vn 0.0818 -0.3041 -0.9491
vn -0.5698 -0.8120 0.1262
vn -0.0551 -0.3040 -0.9511
vn 0.1332 -0.6446 0.7529
vn 0.5657 -0.8117 0.1455
vn -0.4792 -0.4718 -0.7402
vn 0.5142 -0.8210 0.2482
vn 0.8075 -0.4207 -0.4136
vn -0.4792 -0.4718 -0.7401
vn -0.7240 -0.4475 -0.5249
vn -0.5157 -0.0086 0.8567
vn -0.9511 0.0527 0.3044
vn 0.3064 -0.2585 0.9161
vn 0.9451 0.0941 -0.3131
vn 0.8995 0.3914 -0.1940
vn -0.9931 -0.1175 0.0049
vn -0.7945 0.3715 -0.4804
vn -0.8812 0.4170 0.2226
vn 0.7135 0.7002 -0.0263
vn 0.8123 0.3639 -0.4557
vn 0.4337 0.6567 -0.6169
vn 0.0805 0.9962 0.0335
vn 0.0749 0.9969 0.0253
vn 0.8242 0.0987 -0.5577
vn 0.3801 0.5046 -0.7752
vn 0.3471 0.3186 -0.8821
vn 0.9227 0.0311 -0.3843
vn 0.7607 -0.1544 0.6305
vn 0.8124 0.3638 -0.4557
vn -0.7772 0.4090 -0.4782
vn 0.3801 0.5047 -0.7751
vn -0.8376 -0.3708 -0.4011
vn 0.7478 -0.4339 0.5025
vn -0.9511 0.0526 0.3045
vn -0.7549 0.5007 -0.4236
vn -0.6974 0.1209 0.7064
vn 0.8290 -0.2087 0.5189
vn 0.3682 0.7058 0.6052
vn 0.1886 0.1815 0.9651
vn 0.2002 0.6856 0.6999
vn -0.2199 0.6862 0.6934
vn -0.3855 0.7068 0.5932
vn -0.2158 0.1817 0.9594
vn -0.7024 0.7044 0.1026
vn -0.4227 0.1925 0.8856
vn 0.2098 0.3484 -0.9136
vn 0.1244 0.7050 -0.6982
vn 0.1017 0.7067 -0.7002
vn -0.1839 0.3480 -0.9193
vn -0.2591 -0.5223 -0.8125
vn 0.7711 0.2510 -0.5852
vn -0.8853 0.3677 -0.2848
vn -0.9915 -0.1291 -0.0168
vn -0.8618 0.4147 -0.2921
vn 0.2821 -0.5229 -0.8043
vn -0.3236 -0.5147 -0.7939
vn -0.0073 -0.8553 0.5180
vn 0.0332 -0.8636 0.5030
vn 0.2954 -0.4361 0.8500
vn 0.3463 -0.5155 -0.7838
vn -0.3195 -0.4368 0.8409
vn -0.0472 -0.8637 0.5017
vn 0.1136 -0.4157 0.9024
vn -0.1389 -0.4160 0.8987
vn 0.6660 0.7117 -0.2234
vn 0.5545 0.7510 -0.3586
vn -0.0820 0.7064 -0.7031
vn -0.8950 0.3583 0.2656
vn -0.8230 -0.3954 0.4078
vn -0.7213 0.6923 -0.0219
vn -0.9440 0.3249 0.0585
vn 0.8010 -0.5908 -0.0965
vn 0.9912 -0.0429 -0.1249
vn -0.2414 -0.8959 0.3731
vn 0.4011 0.9068 -0.1297
vn -0.8218 0.5671 -0.0544
vn 0.5203 0.8198 -0.2392
vn -0.8410 0.5306 -0.1058
vn 0.6795 0.2126 -0.7022
vn 0.9763 0.1598 -0.1457
vn 0.6614 0.2755 -0.6976
vn 0.6212 0.5772 -0.5300
vn 0.9343 0.3449 -0.0903
vn 0.9876 0.0962 -0.1244
vn -0.9455 -0.3256 0.0053
vn -0.9401 0.2620 -0.2182
vn -0.3157 -0.9098 0.2694
vn 0.8185 -0.5743 0.0139
vn -0.8067 0.5908 -0.0137
vn 0.2301 0.8433 -0.4857
vn 0.2301 0.8433 -0.4856
vn 0.2673 0.8160 -0.5125
vn 0.7469 0.5839 -0.3180
vn 0.7469 0.5840 -0.3180
vn -0.9845 -0.1604 -0.0710
vn 0.7745 0.6201 -0.1246
vn -0.9307 0.3447 -0.1220
vn -0.5658 0.8195 -0.0911
vn 0.8095 -0.3946 0.4347
vn 0.2307 -0.8954 0.3809
vn -0.7975 -0.5905 -0.1236
vn -0.9864 -0.0429 -0.1584
vn 0.6989 0.1025 -0.7079
vn -0.8957 -0.1027 -0.4326
vn 0.9415 0.3247 0.0905
vn -0.6588 0.7111 -0.2457
vn 0.7216 0.6923 0.0026
vn 0.3078 -0.9093 0.2799
vn 0.8809 0.0510 0.4706
vn 0.6066 -0.0090 0.7950
vn -0.7888 -0.0969 0.6070
vn -0.8709 -0.0407 -0.4898
vn 0.9757 0.1277 -0.1780
vn -0.8185 -0.5743 -0.0139
vn 0.9005 -0.4311 0.0570
vn -0.7702 0.6197 -0.1508
vn 0.8067 0.5908 0.0137
vn 0.5682 0.8197 -0.0718
vn -0.9846 -0.0749 -0.1580
vn -0.7887 -0.0969 0.6070
vn 0.6834 0.0372 0.7291
vn 0.9095 0.0310 0.4146
vn -0.9227 0.0104 -0.3853
vn 0.9923 -0.1175 0.0386
vn 0.7087 -0.2641 0.6541
vn 0.7774 -0.0872 0.6229
vn -0.9341 0.0939 -0.3444
vn -0.8958 0.0511 0.4415
vn -0.8390 -0.0399 0.5427
vn -0.6433 0.0091 0.7656
vn -0.5101 -0.1810 0.8408
vn 0.8864 -0.0408 -0.4612
vn 0.9065 -0.0924 -0.4119
vn -0.6767 0.1022 -0.7291
vn -0.9692 0.1276 -0.2109
vn -0.4224 -0.3098 0.8518
vn -0.7802 -0.1548 0.6060
vn 0.6189 -0.2716 0.7370
vn 0.9404 0.0525 0.3360
vn -0.4224 -0.3098 0.8519
vn -0.3349 -0.2609 0.9054
vn 0.4902 -0.0086 0.8716
vn 0.6189 -0.2715 0.7371
vn -0.8927 0.3910 -0.2242
vn -0.7123 0.7001 -0.0505
vn -0.9693 0.1064 -0.2217
vn -0.7421 -0.2110 -0.6362
vn 0.8735 0.4165 0.2522
vn 0.8094 0.3724 -0.4541
vn 0.8501 -0.3715 -0.3732
vn -0.7974 0.3631 -0.4820
vn -0.4156 0.6557 -0.6304
vn -0.3576 0.5038 -0.7863
vn 0.7919 0.4099 -0.4526
vn 0.7204 0.3793 0.5806
vn -0.7264 0.5204 0.4490
vn -0.6697 0.5358 0.5142
vn 0.9894 -0.0750 -0.1246
vn -0.6576 0.2120 -0.7229
vn -0.9709 0.1596 -0.1787
vn -0.9227 0.0311 0.3843
vn -0.7056 0.0373 0.7077
vn 0.7692 -0.0967 0.6317
vn 0.9350 0.0104 -0.3546
vn -0.9828 0.0961 -0.1578
vn 0.2673 0.8160 -0.5126
vn 0.4481 0.6602 -0.6028
vn 0.8125 0.5232 -0.2570
vn -0.9932 0.0537 0.1033
vn 0.8632 0.3133 -0.3959
vn 0.9606 -0.2755 0.0379
vn 0.9186 -0.3435 0.1954
vn 0.7469 0.5840 -0.3179
vn 0.9012 -0.3708 0.2245
vn 0.9152 -0.3730 0.1524
vn -0.5129 0.8192 -0.2566
vn 0.8439 0.5309 -0.0772
vn -0.6048 0.5761 -0.5498
vn 0.9468 0.2623 -0.1864
vn -0.6398 0.2747 -0.7178
vn -0.8087 0.5209 -0.2733
vn 0.4186 -0.7668 0.4865
vn -0.7379 -0.5336 0.4133
vn -0.7370 -0.4945 0.4608
vn 0.8126 0.5232 -0.2569
vn -0.8494 -0.2102 0.4841
vn -0.7802 -0.1549 0.6061
vn -0.9092 0.0413 -0.4144
vn -0.7974 0.3630 -0.4821
vn -0.0756 0.9969 0.0228
vn -0.0814 0.9962 0.0307
vn -0.8131 0.0984 -0.5738
vn -0.3576 0.5037 -0.7864
vn 0.7679 0.5016 -0.3985
vn 0.9404 0.0524 0.3360
vn 0.7919 0.4099 -0.4525
vn 0.6753 0.1206 0.7277
vn -0.3217 0.3180 -0.8919
vn 0.4400 -0.7467 0.4988
vn 0.4392 -0.7536 0.4891
vn 0.3457 -0.8600 0.3755
vn 0.9012 -0.3707 0.2246
vn 0.3780 -0.8245 0.4210
vn -0.7058 -0.6489 0.2842
vn 0.9012 -0.3708 0.2246
vn 0.9153 -0.3730 0.1524
vn -0.7232 -0.0945 -0.6841
vn -0.6676 -0.1112 -0.7361
vn -0.9942 0.0535 -0.0931
vn -0.8864 -0.3166 0.3376
vn 0.2270 -0.8096 0.5413
vn 0.8056 -0.5138 0.2948
vn 0.9859 -0.0000 -0.1675
vn -0.8379 0.4008 -0.3705
vn 0.5815 0.0886 -0.8087
vn 0.5830 -0.2934 -0.7577
vn 0.5503 -0.2017 -0.8102
vn -0.7786 -0.6240 0.0660
vn 0.3993 -0.9102 0.1095
vn 0.8434 0.4388 -0.3099
vn 0.9978 0.0644 0.0170
vn 0.9119 -0.1451 0.3839
vn 0.3540 -0.0576 0.9335
vn -0.7548 0.1620 0.6356
vn -0.9849 0.1710 -0.0276
vn 0.2354 -0.8547 0.4627
vn -0.8990 -0.3392 0.2771
vn -0.8685 -0.4757 0.1395
vn 0.2821 -0.7223 0.6314
vn 0.6667 -0.5671 0.4836
vn 0.9433 -0.3246 -0.0691
vn 0.8190 -0.3955 0.4157
vn 0.3430 -0.4191 0.8407
vn -0.8984 -0.2360 0.3703
vn -0.9129 0.1867 -0.3631
vn -0.8721 0.0303 0.4884
vn -0.9883 0.0428 0.1462
vn -0.9260 -0.1772 -0.3334
vt 0.489502 0.293945
vt 0.489502 0.268555
vt 0.481934 0.296875
vt 0.712891 0.187988
vt 0.705566 0.182129
vt 0.703613 0.170410
vt 0.116699 0.632812
vt 0.140259 0.627441
vt 0.143433 0.632812
vt 0.137573 0.639648
vt 0.116699 0.639648
vt 0.436279 0.008301
vt 0.448975 0.008301
vt 0.451660 0.013672
vt 0.167603 0.630127
vt 0.167480 0.639648
vt 0.468262 0.008301
vt 0.170898 0.619385
vt 0.225220 0.598877
vt 0.220093 0.604492
vt 0.220215 0.590820
vt 0.470703 0.018555
vt 0.138550 0.620605
vt 0.449707 0.020508
vt 0.697754 0.185059
vt 0.694824 0.178711
vt 0.409424 0.020020
vt 0.375732 0.012207
vt 0.409424 0.013184
vt 0.037292 0.626709
vt 0.075806 0.620117
vt 0.075806 0.626709
vt 0.423828 0.020020
vt 0.097595 0.620117
vt 0.423828 0.008301
vt 0.404785 0.008301
vt 0.075806 0.632812
vt 0.097595 0.639648
vt 0.068970 0.639648
vt 0.431152 0.013184
vt 0.097595 0.626709
vt 0.097595 0.632812
vt 0.116699 0.620117
vt 0.436279 0.020020
vt 0.116699 0.626709
vt 0.712402 0.166992
vt 0.035492 0.632568
vt 0.053650 0.620117
vt 0.395264 0.020020
vt 0.663574 0.072754
vt 0.678711 0.067871
vt 0.671387 0.065430
vt 0.672852 0.053711
vt 0.681641 0.062012
vt 1.663086 0.105469
vt 1.668945 0.088867
vt 1.663086 0.091309
vt 1.712891 0.222656
vt 1.712891 0.209473
vt 1.707031 0.205566
vt 0.712891 0.222656
vt 0.704590 0.202148
vt 0.712891 0.209473
vt 0.663574 0.105469
vt 0.663574 0.091309
vt 0.671875 0.085449
vt 1.663086 0.073242
vt 1.672852 0.080078
vt 1.712891 0.187988
vt 0.348389 0.229980
vt 0.355957 0.232910
vt 0.348389 0.232910
vt 0.165894 0.497559
vt 0.159790 0.498047
vt 0.172485 0.490723
vt 0.165161 0.489258
vt 0.014053 0.548584
vt 0.014145 0.565430
vt 0.007973 0.548584
vt 0.348389 0.227539
vt 0.354248 0.227539
vt 0.014053 0.575195
vt 0.008057 0.571045
vt 0.007973 0.562256
vt 0.357178 0.227539
vt 0.356445 0.229980
vt 0.020020 0.567383
vt 1.712891 0.166504
vt 1.703125 0.169434
vt 1.670898 0.065430
vt 1.663086 0.049805
vt 1.705078 0.182129
vt 1.704102 0.197266
vt 0.020187 0.548584
vt 1.677734 0.067383
vt 1.698242 0.184570
vt 1.694336 0.178711
vt 1.681641 0.062012
vt 1.672852 0.053711
vt 0.024231 0.693115
vt 0.031158 0.681885
vt 0.031158 0.702637
vt 0.412354 0.238770
vt 0.403564 0.238770
vt 0.404785 0.232910
vt 0.024185 0.645752
vt 0.031158 0.657715
vt 0.393311 0.238770
vt 0.013153 0.682861
vt 0.013161 0.652100
vt 0.007973 0.682861
vt 0.390137 0.227539
vt 0.403564 0.227539
vt 0.036133 0.639648
vt 0.031158 0.639648
vt 0.384766 0.238770
vt 0.385254 0.008301
vt 0.359131 0.232910
vt 0.019775 0.575928
vt 0.029999 0.619629
vt 0.022003 0.625977
vt 0.382080 0.008301
vt 0.380859 0.019531
vt 0.027161 0.632812
vt 0.007973 0.586426
vt 0.362793 0.227539
vt 0.014053 0.586426
vt 0.366455 0.229980
vt 0.012978 0.600098
vt 0.007973 0.598145
vt 0.015915 0.598145
vt 0.020187 0.598145
vt 0.366699 0.227539
vt 0.008240 0.607910
vt 0.015915 0.603027
vt 0.012817 0.609131
vt 0.015915 0.607422
vt 0.369141 0.227539
vt 0.369141 0.227051
vt 0.380127 0.233887
vt 0.366699 0.232910
vt 0.368896 0.232910
vt 0.021515 0.604004
vt 0.007950 0.650146
vt 0.372803 0.233887
vt 0.026077 0.616455
vt 0.374756 0.236816
vt 0.496094 0.698242
vt 0.497314 0.692139
vt 0.490967 0.698242
vt 0.312988 0.678711
vt 0.302734 0.684814
vt 0.314697 0.684814
vt 0.195068 0.024414
vt 0.201904 0.045898
vt 0.201904 0.024414
vt 0.187256 0.024414
vt 0.187256 0.045898
vt 0.195068 0.045898
vt 0.504395 0.331543
vt 0.516113 0.331543
vt 0.516113 0.336914
vt 0.504883 0.336914
vt 0.173828 0.135742
vt 0.183472 0.140137
vt 0.186646 0.135254
vt 0.202148 0.148926
vt 0.191406 0.126465
vt 0.201538 0.117188
vt 0.140259 0.130371
vt 0.144775 0.136230
vt 0.151611 0.127930
vt 0.458740 0.685791
vt 0.440918 0.678711
vt 0.450928 0.678711
vt 0.206665 0.116211
vt 0.206909 0.148438
vt 0.143433 0.127441
vt 0.151733 0.125977
vt 0.134033 0.096680
vt 0.130127 0.110840
vt 0.130615 0.087891
vt 0.439941 0.684814
vt 0.177246 0.116211
vt 0.172485 0.125977
vt 0.172363 0.122070
vt 0.450439 0.335449
vt 0.471191 0.327148
vt 0.464111 0.336426
vt 0.438232 0.694336
vt 0.408203 0.684814
vt 0.206909 0.067383
vt 0.206909 0.089355
vt 0.201904 0.089355
vt 0.187256 0.054688
vt 0.191406 0.067383
vt 0.184326 0.067383
vt 0.456055 0.341797
vt 0.450439 0.335938
vt 0.496094 0.009277
vt 0.495605 0.014648
vt 0.492920 0.012207
vt 0.133911 0.111816
vt 0.519531 0.012207
vt 0.530762 0.008301
vt 0.519531 0.008789
vt 0.573242 0.692139
vt 0.575195 0.698242
vt 0.571777 0.698242
vt 0.182129 0.118652
vt 0.450195 0.327637
vt 0.206909 0.054688
vt 0.201416 0.054199
vt 0.581543 0.698242
vt 0.485352 0.331543
vt 0.497559 0.327148
vt 0.506348 0.327148
vt 0.448730 0.701172
vt 0.462891 0.701172
vt 0.457764 0.694336
vt 0.195190 0.051758
vt 0.555176 0.011230
vt 0.574219 0.011230
vt 0.563965 0.007324
vt 0.191406 0.148438
vt 0.491943 0.016113
vt 0.133911 0.087891
vt 0.140137 0.093750
vt 0.140259 0.087891
vt 0.140259 0.117188
vt 0.143433 0.110352
vt 0.144531 0.119629
vt 0.130249 0.160645
vt 0.127319 0.149902
vt 0.126221 0.161621
vt 0.136230 0.148926
vt 0.131226 0.151855
vt 0.135010 0.153809
vt 0.479492 0.012207
vt 0.477539 0.015625
vt 0.480957 0.016113
vt 0.553223 0.692139
vt 0.551758 0.698242
vt 0.418945 0.227539
vt 0.450439 0.341797
vt 0.549316 0.014648
vt 0.540039 0.011230
vt 0.564453 0.014648
vt 0.529297 0.685791
vt 0.553223 0.686035
vt 0.588379 0.692139
vt 0.582520 0.686035
vt 0.498291 0.336914
vt 0.206909 0.045898
vt 0.575684 0.686035
vt 0.486328 0.336914
vt 0.185913 0.107422
vt 0.191406 0.089355
vt 0.191406 0.108398
vt 0.206909 0.024414
vt 0.516113 0.327148
vt 0.569824 0.007324
vt 0.130493 0.118652
vt 0.134033 0.119141
vt 0.142944 0.093262
vt 0.143433 0.087891
vt 0.140259 0.110840
vt 0.133545 0.160645
vt 0.492432 0.009277
vt 0.477295 0.339355
vt 0.475098 0.333496
vt 0.407959 0.678711
vt 0.419434 0.238770
vt 0.024216 0.720703
vt 0.013000 0.720459
vt 0.547363 0.007324
vt 0.186401 0.129395
vt 0.151855 0.140137
vt 0.441162 0.701172
vt 0.410156 0.701172
vt 0.371582 0.700928
vt 0.373779 0.695068
vt 0.485596 0.327148
vt 0.464111 0.678711
vt 0.477051 0.694824
vt 0.502930 0.336914
vt 0.572754 0.686035
vt 0.187378 0.089355
vt 0.180542 0.104980
vt 0.182861 0.089355
vt 0.505371 0.013184
vt 0.500000 0.016113
vt 0.479004 0.009766
vt 0.760254 0.814331
vt 0.753418 0.808960
vt 0.756836 0.814941
vt 0.528809 0.011719
vt 0.521973 0.014160
vt 0.516602 0.016113
vt 0.125732 0.148926
vt 0.477051 0.678711
vt 0.471191 0.343262
vt 0.419434 0.233398
vt 0.008270 0.720947
vt 0.183472 0.148438
vt 0.174805 0.140137
vt 0.031158 0.720703
vt 0.545410 0.014648
vt 0.543457 0.007324
vt 0.525391 0.692139
vt 0.504395 0.327148
vt 0.588379 0.698242
vt 0.477051 0.684814
vt 0.588379 0.686035
vt 0.477051 0.701172
vt 0.471436 0.327148
vt 0.206909 0.148926
vt 0.206665 0.115723
vt 0.202148 0.149414
vt 0.144653 0.142090
vt 0.570312 0.014648
vt 0.670898 0.738770
vt 0.682617 0.732422
vt 0.682617 0.736816
vt 0.670898 0.741943
vt 0.854980 0.496094
vt 0.875000 0.494141
vt 0.875000 0.500732
vt 0.670898 0.735352
vt 0.850098 0.490234
vt 0.854980 0.486328
vt 0.837891 0.490723
vt 0.835938 0.485352
vt 0.182373 0.625000
vt 0.187378 0.635254
vt 0.177979 0.632324
vt 0.662109 0.738525
vt 0.665527 0.741943
vt 0.660645 0.741943
vt 0.835938 0.479980
vt 0.844727 0.479980
vt 0.528320 0.013184
vt 0.760742 0.809326
vt 0.508301 0.016602
vt 0.511230 0.012695
vt 0.854980 0.479980
vt 0.508301 0.008789
vt 0.130371 0.136719
vt 0.136108 0.143555
vt 0.133179 0.136230
vt 0.475098 0.254883
vt 0.481934 0.263672
vt 0.478760 0.254883
vt 0.474854 0.260742
vt 0.483154 0.255371
vt 0.474854 0.267090
vt 0.089355 0.220215
vt 0.086304 0.222656
vt 0.090393 0.226074
vt 0.490479 0.258301
vt 0.096130 0.217773
vt 0.091431 0.216797
vt 0.488037 0.313965
vt 0.473877 0.320312
vt 0.487549 0.320312
vt 0.474854 0.294434
vt 0.068481 0.210938
vt 0.474609 0.254395
vt 0.478516 0.243652
vt 0.474854 0.243652
vt 0.478760 0.255371
vt 0.483154 0.243652
vt 0.483398 0.256348
vt 0.489502 0.250000
vt 0.101318 0.224609
vt 0.093933 0.228027
vt 0.101379 0.228516
vt 0.096680 0.223633
vt 0.103271 0.221680
vt 0.059357 0.211914
vt 0.056885 0.203613
vt 0.056885 0.210938
vt 0.086243 0.222656
vt 0.471680 0.316895
vt 0.099609 0.219727
vt 0.489502 0.243652
vt 0.096191 0.218262
vt 0.091309 0.216797
vt 0.057251 0.220215
vt 0.459229 0.321289
vt 0.491943 0.303711
vt 0.480713 0.309082
vt 0.063171 0.202148
vt 0.064148 0.208984
vt 0.064819 0.208496
vt 0.478027 0.304199
vt 0.470703 0.313477
vt 0.475830 0.305176
vt 0.445801 0.436035
vt 0.450439 0.432617
vt 0.446045 0.427246
vt 0.459473 0.317871
vt 0.468994 0.309570
vt 0.460449 0.314453
vt 0.061920 0.212891
vt 0.072876 0.202148
vt 0.664062 0.049316
vt 0.060150 0.219238
vt 0.057678 0.220215
vt 0.459717 0.317871
vt 0.301758 0.678711
vt 0.289307 0.684814
vt 0.289307 0.678711
vt 0.489014 0.692139
vt 0.484131 0.698242
vt 0.489014 0.686035
vt 0.682617 0.741943
vt 0.699707 0.734375
vt 0.699707 0.741943
vt 0.495605 0.686035
vt 0.289307 0.701172
vt 0.304443 0.701172
vt 0.304199 0.694824
vt 0.289307 0.694824
vt 0.512695 0.698242
vt 0.318115 0.694580
vt 0.343994 0.678711
vt 0.344971 0.684814
vt 0.500488 0.686035
vt 0.513672 0.692139
vt 0.318359 0.701172
vt 0.385498 0.678711
vt 0.537598 0.698242
vt 0.530273 0.293945
vt 0.545410 0.299805
vt 0.541992 0.293945
vt 0.380615 0.676270
vt 0.382812 0.684814
vt 0.374756 0.679443
vt 0.534668 0.699951
vt 0.345215 0.701172
vt 0.514160 0.686035
vt 0.359619 0.681885
vt 0.875000 0.479980
vt 0.902344 0.479980
vt 0.875000 0.485352
vt 0.519043 0.698242
vt 0.354492 0.678711
vt 0.498535 0.294434
vt 0.070496 0.197266
vt 0.524414 0.312988
vt 0.512695 0.320801
vt 0.057159 0.188965
vt 0.071167 0.180176
vt 0.530273 0.303223
vt 0.063171 0.166016
vt 0.056885 0.171875
vt 0.544434 0.320312
vt 0.547852 0.314941
vt 0.072754 0.173340
vt 0.057190 0.186035
vt 0.518066 0.320801
vt 0.070496 0.196777
vt 0.499023 0.294434
vt 0.057220 0.220215
vt 0.944824 0.480469
vt 0.902344 0.485352
vt 0.726562 0.734863
vt 0.943848 0.485352
vt 0.945801 0.496582
vt 0.926270 0.498535
vt 0.902344 0.496582
vt 0.726074 0.742188
vt 0.926270 0.505615
vt 0.714355 0.728516
vt 0.726562 0.729736
vt 0.459961 0.317871
vt 0.445312 0.436035
vt 0.945801 0.504150
vt 0.902344 0.505127
vt 0.699707 0.729492
vt 0.508789 0.008789
vt 0.130249 0.137207
vt 0.151733 0.140137
vt 0.371826 0.700928
vt 0.547852 0.007324
s 1
usemtl Gaia-Vandal-Red-Main
f 329/103/258 330/104/259 331/105/260
f 332/106/261 333/107/262 334/108/263
f 335/109/264 336/110/265 337/111/266
f 338/112/267 339/113/268 335/109/264
f 335/109/264 337/111/266 338/112/267
f 340/114/269 341/115/270 342/116/271
f 343/117/272 337/111/266 336/110/265
f 337/111/266 344/118/273 338/112/267
f 344/118/273 337/111/266 343/117/272
f 345/119/274 342/116/271 341/115/270
f 336/110/265 346/120/275 343/117/272
f 347/121/276 348/122/277 349/123/278
f 342/116/271 345/119/274 350/124/279
f 346/120/275 336/110/265 351/125/280
f 342/116/271 350/124/279 352/126/281
f 334/108/263 353/127/282 354/128/283
f 355/129/284 356/130/285 357/131/286
f 358/132/287 359/133/288 360/134/289
f 361/135/290 355/129/284 357/131/286
f 362/136/291 360/134/289 359/133/288
f 363/137/292 357/131/286 364/138/293
f 365/139/294 366/140/295 367/141/296
f 357/131/286 363/137/292 368/142/297
f 357/131/286 368/142/297 361/135/290
f 369/143/298 365/139/294 360/134/289
f 366/140/295 365/139/294 370/144/299
f 360/134/289 362/136/291 369/143/298
f 365/139/294 369/143/298 370/144/299
f 371/145/300 369/143/298 362/136/291
f 361/135/290 368/142/297 372/146/301
f 369/143/298 371/145/300 373/147/302
f 370/144/299 339/113/268 366/140/295
f 368/142/297 363/137/292 340/114/269
f 342/116/271 368/142/297 340/114/269
f 339/113/268 370/144/299 335/109/264
f 373/147/302 370/144/299 369/143/298
f 370/144/299 373/147/302 335/109/264
f 342/116/271 372/146/301 368/142/297
f 336/110/265 335/109/264 373/147/302
f 351/125/280 373/147/302 371/145/300
f 372/146/301 342/116/271 352/126/281
f 373/147/302 351/125/280 336/110/265
f 334/108/263 374/148/303 332/106/261
f 375/149/304 365/139/294 367/141/296
f 375/149/304 360/134/289 365/139/294
f 360/134/289 375/149/304 358/132/287
f 359/133/288 358/132/287 376/150/305
f 356/130/285 364/138/293 357/131/286
f 355/129/284 377/151/306 356/130/285
f 378/152/307 379/153/308 380/154/309
f 378/152/307 381/155/310 379/153/308
f 353/127/282 334/108/263 333/107/262
f 382/156/311 379/153/308 381/155/310
f 383/157/312 384/158/313 385/159/314
f 386/160/315 387/161/316 388/162/317
f 389/163/318 390/164/319 391/165/320
f 392/166/321 393/167/322 394/168/323
f 395/169/324 384/158/313 396/170/325
f 385/159/314 384/158/313 395/169/324
f 397/171/326 388/162/317 387/161/316
f 393/167/322 378/152/307 394/168/323
f 332/106/261 391/165/320 390/164/319
f 398/172/327 399/173/328 400/174/329
f 401/175/330 402/176/331 403/177/332
f 403/177/332 402/176/331 404/178/333
f 405/179/334 406/180/335 407/181/336
f 408/182/337 409/183/338 398/172/327
f 410/184/339 411/185/340 406/180/335
f 407/181/336 406/180/335 412/186/341
f 412/186/341 406/180/335 411/185/340
f 409/183/338 413/187/342 414/188/343
f 406/180/335 415/189/344 410/184/339
f 398/172/327 409/183/338 414/188/343
f 399/173/328 398/172/327 414/188/343
f 378/152/307 380/154/309 394/168/323
f 333/107/262 332/106/261 390/164/319
f 416/190/345 417/191/346 397/171/326
f 395/169/324 418/192/347 419/193/348
f 397/171/326 417/191/346 420/194/349
f 421/195/350 397/171/326 420/194/349
f 395/169/324 396/170/325 418/192/347
f 422/196/351 415/189/344 406/180/335
f 406/180/335 405/179/334 422/196/351
f 423/197/352 419/193/348 418/192/347
f 424/198/353 417/191/346 425/199/354
f 426/200/355 427/201/356 419/193/348
f 424/198/353 420/194/349 417/191/346
f 423/197/352 426/200/355 419/193/348
f 428/202/357 429/203/358 430/204/359
f 431/205/360 432/206/361 433/207/362
f 428/202/357 434/208/363 435/209/364
f 435/209/364 429/203/358 428/202/357
f 436/210/365 433/207/362 432/206/361
f 428/202/357 437/211/366 438/212/367
f 438/212/367 437/211/366 439/213/368
f 433/207/362 440/214/369 441/215/370
f 367/141/296 442/216/371 375/149/304
f 443/217/372 435/209/364 434/208/363
f 436/210/365 444/218/373 433/207/362
f 364/138/293 356/130/285 445/219/374
f 375/149/304 442/216/371 443/217/372
f 446/220/375 399/173/328 414/188/343
f 415/189/344 447/221/376 410/184/339
f 376/150/305 358/132/287 448/222/377
f 448/222/377 358/132/287 449/223/378
f 356/130/285 450/224/379 445/219/374
f 377/151/306 451/225/380 356/130/285
f 452/226/381 375/149/304 443/217/372
f 434/208/363 452/226/381 443/217/372
f 452/226/381 358/132/287 375/149/304
f 358/132/287 452/226/381 449/223/378
f 449/223/378 452/226/381 434/208/363
f 410/184/339 453/227/382 411/185/340
f 454/228/383 414/188/343 413/187/342
f 453/227/382 410/184/339 455/229/384
f 414/188/343 454/228/383 456/230/385
f 455/229/384 410/184/339 447/221/376
f 456/230/385 446/220/375 414/188/343
f 453/227/382 457/231/386 458/232/387
f 453/227/382 455/229/384 457/231/386
f 455/229/384 459/233/388 457/231/386
f 459/233/388 455/229/384 460/234/389
f 456/230/385 454/228/383 461/235/390
f 457/231/386 462/236/391 458/232/387
f 457/231/386 459/233/388 463/237/392
f 464/238/393 457/231/386 463/237/392
f 464/238/393 463/237/392 465/239/394
f 466/240/395 461/235/390 467/241/396
f 464/238/393 462/236/391 457/231/386
f 467/241/396 468/242/397 466/240/395
f 449/223/378 464/238/393 465/239/394
f 447/221/376 460/234/389 455/229/384
f 469/243/398 446/220/375 456/230/385
f 460/234/389 463/237/392 459/233/388
f 461/235/390 466/240/395 456/230/385
f 470/244/399 469/243/398 456/230/385
f 463/237/392 471/245/400 465/239/394
f 460/234/389 471/245/400 463/237/392
f 464/238/393 472/246/401 462/236/391
f 468/242/397 467/241/396 440/214/369
f 433/207/362 468/242/397 440/214/369
f 468/242/397 433/207/362 444/218/373
f 472/246/401 464/238/393 438/212/367
f 434/208/363 464/238/393 449/223/378
f 464/238/393 434/208/363 438/212/367
f 456/230/385 466/240/395 470/244/399
f 439/213/368 472/246/401 438/212/367
f 434/208/363 428/202/357 438/212/367
f 466/240/395 473/247/402 470/244/399
f 474/248/403 465/239/394 471/245/400
f 421/195/350 388/162/317 397/171/326
f 466/240/395 475/249/404 473/247/402
f 465/239/394 474/248/403 449/223/378
f 449/223/378 474/248/403 448/222/377
f 468/242/397 475/249/404 466/240/395
f 476/250/405 477/251/406 478/252/407
f 479/253/408 480/254/409 481/255/410
f 482/256/411 483/257/412 484/258/413
f 485/259/414 486/260/415 487/261/416
f 488/262/417 489/263/418 490/264/419
f 491/263/420 492/262/421 493/264/422
f 494/265/423 493/264/422 492/262/421
f 495/266/424 496/267/425 497/268/426
f 498/269/427 499/270/428 500/271/429
f 501/272/430 502/273/431 503/274/432
f 504/275/433 505/276/434 506/277/435
f 507/278/436 508/279/437 498/269/427
f 509/276/438 510/275/439 511/277/440
f 512/280/441 503/274/432 513/281/442
f 514/282/443 515/283/444 516/284/445
f 505/276/434 504/275/433 517/285/446
f 518/286/447 519/287/448 520/288/449
f 521/289/450 522/290/451 523/291/452
f 524/292/453 525/285/454 526/293/455
f 527/294/456 528/295/457 529/296/458
f 530/297/459 531/298/460 532/299/461
f 533/300/462 534/291/463 535/301/464
f 536/302/465 537/303/466 538/304/467
f 515/283/444 514/282/443 539/305/468
f 540/306/469 541/307/470 542/308/471
f 543/309/472 544/310/473 545/311/474
f 521/289/450 523/291/452 546/300/475
f 519/287/448 518/286/447 547/312/476
f 548/274/477 549/280/478 550/281/479
f 522/290/451 521/289/450 551/313/480
f 552/294/481 553/314/482 554/315/483
f 555/316/484 556/309/485 557/310/486
f 558/317/487 492/262/421 559/318/488
f 560/319/489 489/263/418 488/262/417
f 561/320/490 562/321/491 563/322/492
f 531/298/460 530/297/459 564/323/493
f 491/263/420 565/319/494 492/262/421
f 566/324/495 567/325/496 568/326/497
f 497/268/426 569/327/498 570/270/499
f 538/304/467 537/303/466 571/328/500
f 572/329/501 573/330/502 574/331/503
f 575/332/504 576/333/505 577/334/506
f 578/335/507 579/336/508 580/337/509
f 581/338/510 582/339/511 583/340/512
f 584/341/513 585/342/514 586/343/515
f 587/344/516 545/311/474 588/345/517
f 433/207/362 441/215/370 589/346/518
f 590/347/475 521/289/450 546/300/475
f 591/324/519 592/348/520 593/349/521
f 592/348/520 591/324/519 594/350/522
f 595/266/523 548/274/477 519/287/448
f 549/280/478 548/274/477 596/272/524
f 545/311/474 587/344/516 543/309/472
f 498/269/427 500/271/429 507/278/436
f 597/351/525 598/352/526 587/344/516
f 554/315/483 599/296/527 552/294/481
f 600/298/528 554/315/483 601/323/529
f 602/353/530 603/354/531 556/309/485
f 600/298/528 601/323/529 604/297/532
f 558/317/487 605/355/533 492/262/421
f 606/356/534 554/315/483 553/314/482
f 500/271/429 529/296/458 528/295/457
f 556/309/485 603/354/531 607/357/535
f 608/317/536 609/355/537 610/358/538
f 608/317/536 488/262/417 609/355/537
f 510/275/439 509/276/438 525/285/454
f 611/359/539 612/360/540 613/361/541
f 614/362/542 483/257/412 606/356/534
f 489/263/418 560/319/489 615/363/543
f 568/326/497 567/325/496 616/364/544
f 617/332/545 512/280/441 618/334/546
f 569/327/498 497/268/426 496/267/425
f 619/365/547 539/305/468 620/366/548
f 621/367/549 576/333/505 622/330/550
f 623/329/551 622/330/550 514/282/443
f 622/330/550 624/368/552 621/367/549
f 625/283/553 626/282/554 627/284/555
f 576/333/505 575/332/504 628/369/556
f 596/272/524 575/332/504 549/280/478
f 629/304/557 630/328/558 631/303/559
f 582/339/511 632/370/560 583/340/512
f 633/305/561 634/365/562 635/366/563
f 636/371/564 629/304/557 637/302/565
f 608/317/536 638/372/566 639/373/567
f 640/353/568 641/316/569 543/309/472
f 517/285/446 642/374/570 505/276/434
f 613/361/541 499/270/428 547/312/476
f 643/375/571 431/205/360 433/207/362
f 428/202/357 644/376/572 645/377/573
f 646/268/574 647/327/575 648/267/576
f 648/267/576 595/266/523 646/268/574
f 593/349/521 649/378/577 591/324/519
f 650/379/578 519/287/448 547/312/476
f 651/320/579 652/322/580 653/321/581
f 654/380/582 655/273/583 595/266/523
f 550/281/479 519/287/448 548/274/477
f 656/326/584 657/364/585 658/325/586
f 543/309/472 659/357/587 660/354/588
f 652/322/580 661/292/589 504/275/433
f 598/352/526 543/309/472 587/344/516
f 613/361/541 500/271/429 499/270/428
f 662/381/590 663/382/591 661/292/589
f 663/382/591 664/383/592 665/384/593
f 665/384/593 666/293/594 661/292/589
f 667/360/595 554/315/483 600/298/528
f 668/385/596 558/317/487 559/318/488
f 669/295/597 552/294/481 599/296/527
f 670/261/598 564/323/493 671/260/599
f 511/277/440 510/275/439 672/386/600
f 602/353/530 556/309/485 555/316/484
f 673/387/601 563/322/492 562/321/491
f 564/323/493 674/257/602 675/315/603
f 488/262/417 490/264/419 676/265/604
f 492/262/421 677/388/605 494/265/423
f 674/257/602 678/362/606 679/356/607
f 606/356/534 483/257/412 554/315/483
f 482/256/411 487/261/416 483/257/412
f 529/296/458 613/361/541 612/360/540
f 680/389/608 681/352/609 556/309/485
f 561/320/490 524/292/453 682/381/610
f 612/360/540 675/315/603 529/296/458
f 531/298/460 612/360/540 683/390/611
f 529/296/458 675/315/603 527/294/456
f 488/262/417 676/265/604 684/388/612
f 675/315/603 612/360/540 531/298/460
f 638/372/566 608/317/536 610/358/538
f 683/390/611 685/391/613 686/392/614
f 685/391/613 683/390/611 611/359/539
f 532/299/461 683/390/611 686/392/614
f 565/319/494 491/263/420 687/363/615
f 483/257/412 614/362/542 484/258/413
f 678/362/606 674/257/602 688/258/616
f 689/256/617 670/261/598 690/259/618
f 503/274/432 512/280/441 501/272/430
f 512/280/441 617/332/545 501/272/430
f 635/366/563 501/272/430 617/332/545
f 691/393/619 631/303/559 692/394/620
f 693/395/621 538/304/467 694/341/622
f 538/304/467 695/343/623 694/341/622
f 539/305/468 619/365/547 515/283/444
f 696/371/624 536/302/465 538/304/467
f 623/329/551 514/282/443 516/284/445
f 627/284/555 626/282/554 572/329/501
f 626/282/554 573/330/502 572/329/501
f 623/329/551 697/331/625 622/330/550
f 624/368/552 622/330/550 697/331/625
f 698/368/626 573/330/502 699/367/627
f 571/328/500 695/343/623 538/304/467
f 514/282/443 628/369/556 539/305/468
f 539/305/468 628/369/556 575/332/504
f 575/332/504 620/366/548 539/305/468
f 617/332/545 700/333/628 701/369/629
f 702/396/630 703/397/631 704/398/632
f 541/307/470 540/306/469 705/399/633
f 633/305/561 617/332/545 701/369/629
f 617/332/545 633/305/561 635/366/563
f 706/400/634 705/399/633 540/306/469
f 540/306/469 707/401/635 706/400/634
f 580/337/509 579/336/508 708/402/636
f 573/330/502 701/369/629 700/333/628
f 626/282/554 701/369/629 573/330/502
f 522/290/451 709/385/637 608/317/536
f 710/387/638 653/321/581 652/322/580
f 640/353/568 543/309/472 660/354/588
f 711/403/639 504/275/433 712/386/640
f 642/374/570 517/285/446 666/293/594
f 685/391/613 547/312/476 518/286/447
f 713/404/641 639/373/567 638/372/566
f 714/405/642 433/207/362 589/346/518
f 437/211/366 645/377/573 715/406/643
f 437/211/366 428/202/357 645/377/573
f 430/204/359 644/376/572 428/202/357
f 643/375/571 433/207/362 714/405/642
f 646/268/574 499/270/428 647/327/575
f 648/267/576 647/327/575 716/407/644
f 595/266/523 648/267/576 717/408/645
f 644/376/572 430/204/359 718/409/646
f 719/410/647 593/349/521 592/348/520
f 595/266/523 650/379/578 646/268/574
f 650/379/578 595/266/523 519/287/448
f 649/378/577 593/349/521 720/411/648
f 595/266/523 717/408/645 654/380/582
f 656/326/584 591/324/519 649/378/577
f 548/274/477 595/266/523 655/273/583
f 519/287/448 550/281/479 520/288/449
f 591/324/519 658/325/586 594/350/522
f 591/324/519 656/326/584 658/325/586
f 721/394/649 537/303/466 722/393/650
f 655/273/583 596/272/524 548/274/477
f 659/357/587 543/309/472 723/389/651
f 504/275/433 661/292/589 517/285/446
f 651/320/579 661/292/589 652/322/580
f 661/292/589 651/320/579 662/381/590
f 543/309/472 598/352/526 723/389/651
f 646/268/574 650/379/578 499/270/428
f 523/291/452 522/290/451 639/373/567
f 499/270/428 498/269/427 647/327/575
f 608/317/536 639/373/567 522/290/451
f 528/295/457 507/278/436 500/271/429
f 587/344/516 724/412/652 597/351/525
f 665/384/593 661/292/589 663/382/591
f 565/319/494 725/413/653 492/262/421
f 613/361/541 529/296/458 500/271/429
f 559/318/488 492/262/421 725/413/653
f 600/298/528 726/299/654 727/390/655
f 600/298/528 727/390/655 667/360/595
f 554/315/483 667/360/595 599/296/527
f 674/257/602 564/323/493 670/261/598
f 671/260/599 564/323/493 530/297/459
f 728/414/656 602/353/530 555/316/484
f 510/275/439 729/403/657 672/386/600
f 510/275/439 730/415/658 729/403/657
f 556/309/485 731/311/659 557/310/486
f 602/353/530 732/416/660 603/354/531
f 673/387/601 562/321/491 733/417/661
f 510/275/439 673/387/601 730/415/658
f 673/387/601 510/275/439 563/322/492
f 690/259/618 670/261/598 671/260/599
f 670/261/598 689/256/617 674/257/602
f 679/356/607 675/315/603 674/257/602
f 679/356/607 734/314/662 675/315/603
f 600/298/528 604/297/532 726/299/654
f 492/262/421 605/355/533 677/388/605
f 535/301/464 735/418/663 736/313/664
f 737/419/665 738/420/666 739/421/667
f 483/257/412 601/323/529 554/315/483
f 601/323/529 483/257/412 487/261/416
f 486/260/415 604/297/532 601/323/529
f 487/261/416 486/260/415 601/323/529
f 709/385/637 740/318/668 608/317/536
f 524/292/453 741/382/669 682/381/610
f 556/309/485 742/344/670 731/311/659
f 681/352/609 742/344/670 556/309/485
f 607/357/535 680/389/608 556/309/485
f 561/320/490 563/322/492 524/292/453
f 563/322/492 510/275/439 524/292/453
f 510/275/439 525/285/454 524/292/453
f 740/318/668 743/413/671 488/262/417
f 560/319/489 488/262/417 743/413/671
f 734/314/662 527/294/456 675/315/603
f 608/317/536 740/318/668 488/262/417
f 744/422/672 655/273/583 654/380/582
f 488/262/417 684/388/612 609/355/537
f 531/298/460 683/390/611 532/299/461
f 688/258/616 674/257/602 689/256/617
f 658/325/586 745/423/673 594/350/522
f 611/359/539 683/390/611 612/360/540
f 746/424/674 747/425/675 748/426/676
f 748/426/676 749/427/677 746/424/674
f 750/428/678 751/429/679 752/430/680
f 747/425/675 746/424/674 753/431/681
f 751/429/679 750/428/678 754/432/682
f 755/433/683 751/429/679 754/432/682
f 756/434/684 757/435/685 754/432/682
f 758/436/686 759/437/687 760/438/686
f 761/439/688 762/440/689 763/441/690
f 764/442/691 765/443/692 755/433/683
f 766/444/693 767/400/694 768/399/695
f 769/306/696 770/307/697 768/399/695
f 767/400/694 769/306/696 768/399/695
f 754/432/682 757/435/685 755/433/683
f 770/307/697 769/306/696 771/308/698
f 769/306/696 767/400/694 772/401/699
f 755/433/683 757/435/685 764/442/691
f 773/339/700 774/338/701 775/340/702
f 761/439/688 753/431/681 746/424/674
f 756/434/684 754/432/682 750/428/678
f 776/396/703 777/398/704 778/397/705
f 776/396/703 778/397/705 779/445/706
f 780/335/707 773/339/700 781/370/708
f 761/439/688 746/424/674 762/440/689
f 782/336/709 780/335/707 783/337/710
f 773/339/700 775/340/702 781/370/708
f 780/335/707 782/336/709 773/339/700
f 782/336/709 783/337/710 784/402/711
f 744/422/672 774/338/701 655/273/583
f 785/446/712 786/447/713 772/401/699
f 786/447/713 785/446/712 722/393/650
f 786/447/713 769/306/696 772/401/699
f 762/440/689 746/424/674 749/427/677
f 765/443/692 787/448/714 755/433/683
f 536/302/465 722/393/650 537/303/466
f 536/302/465 788/449/715 722/393/650
f 620/366/548 789/450/716 619/365/547
f 788/449/715 786/447/713 722/393/650
f 573/330/502 698/368/626 574/331/503
f 774/338/701 790/451/717 655/273/583
f 791/452/718 655/273/583 790/451/717
f 790/451/717 774/338/701 773/339/700
f 773/339/700 791/452/718 790/451/717
f 628/369/556 622/330/550 576/333/505
f 622/330/550 628/369/556 514/282/443
f 538/304/467 693/395/621 696/371/624
f 700/333/628 699/367/627 573/330/502
f 700/333/628 617/332/545 618/334/546
f 702/396/630 792/445/719 703/397/631
f 632/370/560 582/339/511 578/335/507
f 577/334/506 549/280/478 575/332/504
f 596/272/524 620/366/548 575/332/504
f 793/444/720 705/399/633 706/400/634
f 655/273/583 791/452/718 596/272/524
f 620/366/548 596/272/524 791/452/718
f 789/450/716 620/366/548 791/452/718
f 786/447/713 771/308/698 769/306/696
f 784/402/711 789/450/716 782/336/709
f 771/308/698 786/447/713 788/449/715
f 789/450/716 791/452/718 782/336/709
f 791/452/718 773/339/700 782/336/709
f 579/336/508 578/335/507 582/339/511
f 794/395/721 584/341/513 629/304/557
f 629/304/557 584/341/513 586/343/515
f 795/342/722 694/341/622 695/343/623
f 634/365/562 633/305/561 625/283/553
f 586/343/515 630/328/558 629/304/557
f 626/282/554 633/305/561 701/369/629
f 626/282/554 625/283/553 633/305/561
f 636/371/564 794/395/721 629/304/557
f 710/387/638 504/275/433 796/415/723
f 504/275/433 710/387/638 652/322/580
f 653/321/581 710/387/638 797/417/724
f 640/353/568 660/354/588 798/416/725
f 504/275/433 711/403/639 796/415/723
f 799/414/726 641/316/569 640/353/568
f 504/275/433 506/277/435 712/386/640
f 641/316/569 544/310/473 543/309/472
f 517/285/446 661/292/589 666/293/594
f 437/211/366 715/406/643 439/213/368
f 547/312/476 685/391/613 611/359/539
f 547/312/476 611/359/539 613/361/541
f 639/373/567 713/404/641 523/291/452
f 650/379/578 547/312/476 499/270/428
f 800/453/727 801/454/728 802/455/729
f 800/453/727 803/456/730 801/454/728
f 802/455/729 801/454/728 804/457/731
f 801/454/728 803/456/730 805/458/732
f 806/459/733 807/460/734 808/461/735
f 801/454/728 809/462/736 804/457/731
f 810/463/737 811/464/738 806/459/733
f 801/454/728 330/104/259 809/462/736
f 812/465/739 813/466/740 814/467/741
f 815/468/742 801/454/728 805/458/732
f 816/469/743 807/460/734 806/459/733
f 817/470/744 818/471/745 819/472/746
f 818/471/745 817/470/744 802/455/747
f 820/473/748 821/474/749 822/471/750
f 821/474/749 820/473/748 804/457/751
f 823/474/749 824/475/752 825/476/753
f 826/477/754 827/478/755 828/479/756
f 829/480/757 808/461/735 827/478/758
f 808/461/735 829/480/757 806/459/733
f 826/477/754 830/480/757 827/478/755
f 831/481/759 832/480/760 833/477/761
f 834/471/762 835/470/763 836/472/764
f 837/474/765 838/473/766 839/471/767
f 835/470/763 834/471/762 840/455/768
f 838/473/766 837/474/765 841/457/769
f 842/474/770 843/476/771 844/475/772
f 845/478/773 846/477/774 847/479/775
f 848/480/776 849/481/777 850/477/778
f 846/477/774 845/478/773 851/480/779
f 840/455/780 852/454/781 853/453/782
f 854/456/783 853/453/782 852/454/781
f 855/461/784 856/480/779 845/478/773
f 856/480/779 855/461/784 857/459/785
f 840/455/780 841/457/769 852/454/781
f 858/482/786 859/483/787 860/484/788
f 857/459/785 855/461/784 861/485/789
f 813/466/740 812/465/739 862/486/790
f 809/462/791 825/476/753 824/475/752
f 831/481/759 863/487/792 832/480/760
f 823/474/749 825/476/753 864/488/793
f 832/480/760 863/487/792 865/489/794
f 806/459/733 829/480/757 810/463/737
f 843/476/771 842/474/770 866/488/795
f 849/481/777 848/480/776 867/487/796
f 848/480/776 868/489/797 867/487/796
f 869/462/798 844/475/772 843/476/771
f 857/459/785 870/463/799 856/480/779
f 870/463/799 857/459/785 871/490/800
f 869/462/801 852/454/781 841/457/769
f 852/454/781 869/462/801 872/104/802
f 873/491/803 874/482/804 860/484/788
f 875/492/805 876/466/740 862/486/790
f 812/465/739 877/493/806 878/494/807
f 858/482/786 879/495/808 859/483/787
f 879/495/808 880/496/809 881/497/810
f 862/486/790 812/465/739 878/494/807
f 878/494/807 877/493/806 882/498/811
f 331/105/260 882/498/811 877/493/806
f 331/105/260 877/493/806 329/103/258
f 879/495/808 858/482/786 880/496/809
f 883/499/812 878/494/807 884/500/813
f 878/494/807 883/499/812 862/486/790
f 882/498/811 884/500/813 878/494/807
f 885/501/814 886/502/815 887/503/814
f 888/504/816 889/505/817 890/506/818
f 891/504/819 892/486/820 883/499/812
f 889/505/817 888/504/816 893/499/821
f 894/507/822 880/496/809 858/482/786
f 883/499/812 884/500/813 889/505/823
f 879/495/808 881/497/810 816/469/743
f 882/498/811 331/105/260 815/468/742
f 806/459/733 895/508/824 879/495/808
f 806/459/733 879/495/808 816/469/743
f 331/105/260 801/454/728 815/468/742
f 896/509/825 381/155/310 378/152/307
f 895/508/824 806/459/733 811/464/738
f 331/105/260 330/104/259 801/454/728
f 858/482/826 897/510/827 898/507/822
f 897/510/827 858/482/826 899/511/828
f 862/486/790 900/512/829 875/492/805
f 901/513/830 902/514/831 480/254/409
f 902/514/831 901/513/830 903/515/832
f 904/515/833 905/513/834 906/514/835
f 907/253/836 908/254/837 905/513/834
f 908/254/837 906/514/835 905/513/834
f 909/516/838 910/252/839 911/517/840
f 912/516/841 478/252/407 477/251/406
f 477/251/406 913/518/842 912/516/841
f 910/252/839 909/516/838 914/251/843
f 915/519/844 916/520/845 917/521/846
f 918/518/847 914/251/843 909/516/838
f 913/518/842 477/251/406 919/522/848
f 920/523/849 921/524/850 922/525/851
f 914/251/843 918/518/847 923/522/852
f 924/523/849 925/525/853 926/524/854
f 927/526/855 480/254/409 902/514/831
f 480/254/409 927/526/855 922/525/851
f 920/523/849 922/525/851 927/526/855
f 908/254/837 928/526/856 906/514/835
f 928/526/856 925/525/853 924/523/849
f 929/527/857 930/250/858 914/251/843
f 930/250/858 910/252/839 914/251/843
f 478/252/407 912/516/841 931/517/859
f 908/254/837 907/253/836 932/255/860
f 932/255/860 925/525/853 908/254/837
f 925/525/853 932/255/860 933/528/861
f 907/253/836 934/529/862 932/255/860
f 933/528/861 932/255/860 935/530/863
f 936/531/864 937/532/865 914/251/843
f 914/251/843 923/522/852 936/531/864
f 926/524/854 933/528/861 938/533/866
f 933/528/861 926/524/854 925/525/853
f 525/285/454 939/374/867 526/293/455
f 939/374/867 525/285/454 509/276/438
f 742/344/670 940/345/868 731/311/659
f 939/374/867 941/534/869 526/293/455
f 742/344/670 942/535/870 940/345/868
f 943/536/871 944/537/872 945/538/873
f 946/539/874 947/540/875 941/534/869
f 947/540/875 946/539/874 948/541/876
f 949/412/877 950/542/878 942/535/870
f 526/293/455 941/534/869 947/540/875
f 942/535/870 742/344/670 949/412/877
f 928/526/856 908/254/837 925/525/853
f 951/543/879 938/533/866 933/528/861
f 935/530/863 665/384/593 933/528/861
f 937/532/865 936/531/864 952/544/880
f 952/544/880 724/412/652 937/532/865
f 935/530/863 932/255/860 934/529/862
f 953/545/881 935/530/863 934/529/862
f 954/546/882 755/433/683 787/448/714
f 955/546/883 956/547/884 957/548/885
f 755/433/683 954/546/882 957/548/886
f 749/427/677 748/426/676 915/519/844
f 916/520/845 915/519/844 958/426/887
f 959/425/675 916/520/845 958/426/887
f 937/532/865 960/549/888 929/527/857
f 929/527/857 914/251/843 937/532/865
f 953/545/881 961/540/889 935/530/863
f 935/530/863 961/540/889 665/384/593
f 960/549/888 937/532/865 724/412/652
f 953/545/881 934/529/862 962/550/890
f 921/524/850 963/528/891 922/525/851
f 963/528/891 921/524/850 964/533/892
f 477/251/406 965/531/893 919/522/848
f 965/531/893 477/251/406 966/532/894
f 329/103/258 877/493/806 967/551/895
f 968/552/896 879/495/808 895/508/824
f 481/255/410 922/525/851 963/528/891
f 665/384/593 951/543/879 933/528/861
f 922/525/851 481/255/410 480/254/409
f 675/315/603 531/298/460 564/323/493
f 487/261/416 482/256/411 485/259/414
f 963/528/891 969/530/897 481/255/410
f 477/251/406 476/250/405 970/527/898
f 481/255/410 971/529/899 479/253/408
f 480/254/409 479/253/408 901/513/830
f 963/528/891 964/533/892 972/543/900
f 973/553/901 877/493/806 812/465/739
f 812/465/739 814/467/741 974/554/902
f 879/495/808 975/555/903 859/483/787
f 973/553/901 812/465/739 974/554/902
f 976/556/904 879/495/808 968/552/896
f 977/557/905 967/551/895 877/493/806
f 978/544/906 965/531/893 966/532/894
f 949/412/877 978/544/906 966/532/894
f 951/543/879 665/384/593 664/383/592
f 724/412/652 952/544/880 597/351/525
f 969/530/897 963/528/891 979/384/907
f 966/532/894 477/251/406 970/527/898
f 971/529/899 481/255/410 969/530/897
f 980/549/908 966/532/894 970/527/898
f 981/545/909 971/529/899 969/530/897
f 966/532/894 980/549/908 949/412/877
f 981/545/909 969/530/897 947/540/875
f 969/530/897 979/384/907 947/540/875
f 981/545/909 982/550/910 971/529/899
f 983/558/911 984/559/912 975/555/903
f 973/553/901 985/560/913 986/561/914
f 983/558/911 976/556/904 987/562/915
f 947/540/875 948/541/876 981/545/909
f 977/557/905 986/561/914 944/537/872
f 985/560/913 973/553/901 974/554/902
f 986/561/914 977/557/905 973/553/901
f 977/557/905 944/537/872 943/536/871
f 975/555/903 879/495/808 983/558/911
f 983/558/911 879/495/808 976/556/904
f 967/551/895 977/557/905 943/536/871
f 877/493/806 973/553/901 977/557/905
f 972/543/900 979/384/907 963/528/891
f 988/495/916 989/483/917 990/563/918
f 991/493/919 992/553/920 993/465/921
f 993/465/921 994/564/922 995/467/923
f 994/564/922 993/465/921 992/553/920
f 988/495/916 996/556/924 997/565/925
f 998/566/926 999/557/927 991/493/919
f 1000/466/928 993/465/921 995/467/923
f 993/465/921 1000/466/928 1001/486/929
f 1002/484/930 989/483/917 1003/482/931
f 1004/466/932 1005/492/933 1001/486/929
f 1006/482/931 1007/567/934 1002/484/935
f 993/465/921 1008/494/936 991/493/919
f 993/465/921 1001/486/929 1008/494/936
f 1008/494/936 1009/498/937 991/493/919
f 1009/498/937 1010/105/938 991/493/919
f 991/493/919 1010/105/938 1011/103/939
f 989/483/917 988/495/916 1003/482/931
f 988/495/916 1012/497/940 1013/496/941
f 998/566/926 991/493/919 1011/103/939
f 997/565/925 1014/508/942 988/495/916
f 1008/494/936 1001/486/929 1015/499/943
f 1016/500/944 1008/494/936 1015/499/943
f 1016/500/944 1009/498/937 1008/494/936
f 1003/482/931 988/495/916 1013/496/941
f 1015/499/943 1017/505/945 1016/500/944
f 1003/482/931 1013/496/941 1018/507/946
f 988/495/916 1019/469/947 1012/497/940
f 1010/105/938 1009/498/937 1020/468/948
f 1014/508/942 857/459/785 988/495/916
f 857/459/785 1019/469/947 988/495/916
f 1020/468/948 852/454/781 1010/105/938
f 1021/458/949 854/456/783 852/454/781
f 852/454/781 1020/468/948 1021/458/949
f 988/495/916 1022/558/950 996/556/924
f 1022/558/950 988/495/916 990/563/918
f 999/557/927 998/566/926 1023/536/951
f 992/553/920 991/493/919 999/557/927
f 1023/536/951 1024/537/952 999/557/927
f 999/557/927 1025/561/953 992/553/920
f 992/553/920 1026/560/954 994/564/922
f 1022/558/950 990/563/918 1027/559/955
f 1022/558/950 1028/562/956 996/556/924
f 1025/561/953 999/557/927 1024/537/952
f 961/540/889 953/545/881 1029/541/957
f 1026/560/954 992/553/920 1025/561/953
f 1019/469/947 857/459/785 861/485/789
f 1030/547/958 1031/568/959 1032/569/960
f 1033/520/845 1034/570/961 1035/521/846
f 1036/571/962 1037/572/963 1038/573/964
f 1032/569/960 1031/568/959 1036/571/962
f 1039/548/965 1040/574/966 751/429/967
f 751/429/679 755/433/683 957/548/886
f 1038/573/964 1032/569/960 1036/571/962
f 666/293/594 665/384/593 961/540/889
f 666/293/594 961/540/889 1041/534/968
f 587/344/516 1042/535/969 724/412/652
f 1043/539/970 961/540/889 1029/541/957
f 724/412/652 1042/535/969 1044/542/971
f 961/540/889 1043/539/970 1041/534/968
f 1023/536/951 1045/538/972 1024/537/952
f 666/293/594 1041/534/968 642/374/570
f 1042/535/969 587/344/516 588/345/517
f 872/104/802 1011/103/939 1010/105/938
f 857/459/785 1014/508/942 871/490/800
f 1010/105/938 852/454/781 872/104/802
f 1046/575/973 1035/521/846 1034/570/961
f 1037/572/963 1047/576/974 1038/573/964
f 1048/577/975 1049/578/976 1034/570/961
f 1040/574/966 1039/548/965 1050/569/977
f 1001/486/929 1005/492/933 1051/579/978
f 1052/486/979 1053/512/980 1015/499/981
f 1054/502/982 1055/580/983 1056/503/983
f 1057/512/984 1017/505/985 1058/499/943
f 1059/510/986 1003/482/987 1060/507/988
f 1061/511/989 1003/482/987 1059/510/986
f 1062/506/990 1017/505/985 1057/512/984
f 1047/576/974 1037/572/963 1063/581/991
f 957/548/885 956/547/884 1064/569/977
f 1065/407/992 569/327/498 496/267/425
f 1066/347/462 533/300/462 535/301/464
f 752/430/993 1067/574/994 1068/582/995
f 916/520/845 959/425/675 1069/583/996
f 1070/583/996 1048/577/975 1033/520/845
f 1071/574/997 1038/573/964 1072/582/995
f 1034/570/961 1033/520/845 1048/577/975
f 1072/582/995 1038/573/964 1047/576/974
f 1038/573/964 1071/574/997 1032/569/960
f 1073/429/998 1067/574/994 752/430/993
f 566/324/495 1074/348/999 1075/350/1000
f 1076/447/1001 542/308/471 1077/584/1002
f 579/336/508 1078/585/1003 708/402/636
f 542/308/471 1076/447/1001 540/306/469
f 1078/585/1003 579/336/508 1079/452/1004
f 582/339/511 1079/452/1004 579/336/508
f 1076/447/1001 1077/584/1002 691/393/619
f 1079/452/1004 635/366/563 1078/585/1003
f 1077/584/1002 637/302/565 691/393/619
f 631/303/559 691/393/619 637/302/565
f 1078/585/1003 635/366/563 634/365/562
f 501/272/430 635/366/563 1079/452/1004
f 502/273/431 501/272/430 1079/452/1004
f 540/306/469 1076/447/1001 707/401/635
f 1080/451/1005 582/339/511 581/338/510
f 1079/452/1004 582/339/511 1080/451/1005
f 1081/446/1006 1076/447/1001 691/393/619
f 1076/447/1001 1081/446/1006 707/401/635
f 1079/452/1004 1080/451/1005 502/273/431
f 581/338/510 502/273/431 1080/451/1005
f 502/273/431 581/338/510 1082/422/1007
f 1083/408/1008 495/266/424 1084/586/1009
f 495/266/424 502/273/431 1084/586/1009
f 502/273/431 495/266/424 503/274/432
f 631/303/559 637/302/565 629/304/557
f 526/293/455 979/384/907 524/292/453
f 524/292/453 979/384/907 741/382/669
f 1085/351/1010 742/344/670 681/352/609
f 741/382/669 979/384/907 1086/587/1011
f 949/412/877 742/344/670 1085/351/1010
f 738/420/666 669/295/597 1087/271/1012
f 599/296/527 1088/361/1013 1087/271/1012
f 513/281/442 1089/287/1014 1090/288/1015
f 566/324/495 568/326/497 1091/588/1016
f 558/317/487 735/418/663 1092/373/1017
f 739/421/667 738/420/666 1087/271/1012
f 570/270/499 739/421/667 1087/271/1012
f 739/421/667 570/270/499 569/327/498
f 726/299/654 1093/392/1018 727/390/655
f 558/317/487 1094/372/1019 1095/358/1020
f 1094/372/1019 558/317/487 1092/373/1017
f 1096/391/1021 727/390/655 1093/392/1018
f 1097/359/1022 727/390/655 1096/391/1021
f 667/360/595 1097/359/1022 1088/361/1013
f 735/418/663 535/301/464 534/291/463
f 1097/359/1022 667/360/595 727/390/655
f 1088/361/1013 570/270/499 1087/271/1012
f 534/291/463 1092/373/1017 735/418/663
f 497/268/426 570/270/499 1098/379/1023
f 1098/379/1023 570/270/499 1099/312/1024
f 1088/361/1013 1099/312/1024 570/270/499
f 1099/312/1024 1088/361/1013 1097/359/1022
f 1096/391/1021 1099/312/1024 1097/359/1022
f 1099/312/1024 1096/391/1021 1100/286/1025
f 1101/404/1026 1092/373/1017 534/291/463
f 1092/373/1017 1101/404/1026 1094/372/1019
f 495/266/424 1089/287/1014 503/274/432
f 503/274/432 1089/287/1014 513/281/442
f 502/273/431 1082/422/1007 1084/586/1009
f 567/325/496 566/324/495 1075/350/1000
f 979/384/907 526/293/455 947/540/875
f 567/325/496 1075/350/1000 1102/423/1027
f 558/317/487 1095/358/1020 605/355/533
f 1100/286/1025 1090/288/1015 1089/287/1014
f 735/418/663 558/317/487 668/385/596
f 1091/588/1016 1103/411/1028 1104/349/1029
f 1074/348/999 566/324/495 1104/349/1029
f 1088/361/1013 599/296/527 667/360/595
f 1087/271/1012 669/295/597 599/296/527
f 1104/349/1029 566/324/495 1091/588/1016
f 978/544/906 949/412/877 1085/351/1010
f 979/384/907 972/543/900 1086/587/1011
f 1105/410/1030 1074/348/999 1104/349/1029
f 1089/287/1014 1099/312/1024 1100/286/1025
f 1098/379/1023 1089/287/1014 495/266/424
f 1089/287/1014 1098/379/1023 1099/312/1024
f 495/266/424 497/268/426 1098/379/1023
f 496/267/425 495/266/424 1083/408/1008
